{
    "startingElement": "7518def7-3301-4ccf-9841-fd5a5700e3fa",
    "boards": {
        "11e5168b-94f8-41cc-87d4-b87ed6750a2d": {
            "name": "Player Star Board",
            "notes": [],
            "jumpers": [
                "1972f92b-222c-4245-9daf-9416d044f5f5"
            ],
            "branches": [],
            "elements": [
                "40f6480f-87e0-49b5-a445-f09dc266aa3b",
                "a2733ade-1df4-49d1-8bcd-ef71b1d53ccf",
                "dc565fa7-ce01-48c6-84e8-660d99e20732",
                "f3d88d21-c391-4742-8661-a1acf7057e85"
            ],
            "connections": [
                "15c68d17-0524-4828-8bb3-f17547d96055",
                "6bb7cc99-f4c6-4cdf-bc8d-b8ba451f9823",
                "4e0c3b1d-6244-4ea6-9326-fe2a3b8dd063",
                "404dc114-6a08-4ee2-af99-69c4c377a13a"
            ]
        },
        "2ad15ff6-f2ba-4f1d-9d9d-68938c683d7e": {
            "name": "Root",
            "root": true,
            "children": [
                "91390f42-0735-4567-bce6-388c33b7bbf6",
                "11e5168b-94f8-41cc-87d4-b87ed6750a2d",
                "73abd7ba-4ceb-457a-9461-48be6905ed98"
            ]
        },
        "73abd7ba-4ceb-457a-9461-48be6905ed98": {
            "name": "Player State Board",
            "notes": [],
            "jumpers": [
                "e67163ed-7c60-43de-893a-041d3468921b"
            ],
            "branches": [
                "7ef581fd-bec4-48a8-822f-0f0f72119beb",
                "ed3eef07-ddaa-4925-9cf5-6aefb36009b8"
            ],
            "elements": [
                "78bc078c-562b-4df8-ae6d-ee96b227332a",
                "8f2dfd96-1222-4d17-8f5d-734240ad5e2b",
                "34114d12-2973-4908-a65d-70fe0f6fce47",
                "40f9b982-0f13-470e-8b18-bb2859fbad8c",
                "71f23977-13fd-4ace-ad07-00347209eba0",
                "318e82d5-00d9-4aa9-83f3-cba00bae285f"
            ],
            "connections": [
                "c22a3015-38e7-4ded-977f-12fe4f53338d",
                "fb9c082e-da98-4f4e-9196-a6956cc97679",
                "bb9c3fe5-ebaa-4560-bde9-85efacfcaf34",
                "6a363e03-13ab-4306-8c48-b5d43621aacf",
                "51d2aab0-582d-4d03-847b-6ed4cfee3ad8",
                "a6b0d2a5-d2a6-419a-8c4f-d4dd6757ae0c",
                "e81fd5b3-c9aa-4004-a3ef-2c0bb8f16d94",
                "55230413-2d9d-44cd-b941-7ab225f14e9d",
                "a7b74216-07db-47ce-aca2-f539da2dd8d5",
                "6d0a10a0-f1c3-4d4e-a6e7-01f7895e773a",
                "c3ac61af-cfe4-44ca-9637-ab808c1bd46e"
            ]
        },
        "91390f42-0735-4567-bce6-388c33b7bbf6": {
            "name": "Player Spatial Board",
            "notes": [],
            "jumpers": [
                "928b6434-3e09-4302-a58e-ac15ab93f1f1",
                "286fae83-e13f-4211-bb05-ef6da7d07756",
                "165631c2-36c7-47aa-9410-151d30730397",
                "195f461f-0455-4ef5-a803-51491d2187e7",
                "7ced3bf5-ffaa-405a-8233-3ade02d97d3e",
                "4ef37b81-fece-4c46-bdcb-8c1fca9070ce",
                "b06403fd-f900-42fc-b67c-90f2da6333f3",
                "f7ead9cc-7e1e-4d08-af5a-af59ece4bd22",
                "37afc523-b788-47ac-a563-63b460ed1b61",
                "0dfe1493-1267-4ecb-8c60-f940df5dd1c9",
                "7fa51730-cefb-4fc5-a385-99dd32017d34",
                "a3152822-892e-4811-a101-1760414d2edd",
                "10bc253e-89f8-469a-a866-229004e08d79",
                "a35d4dea-f6ce-4f72-b1db-33e5c1542de0",
                "f5e350ec-0b78-47dd-854a-479a8bd2d61d",
                "ab4cfb8a-33d1-4908-956d-838c00728a34",
                "15abbc28-a1ed-45b2-926b-351d6000ca35",
                "62f2963f-8253-4397-8d7e-e9118db94bf2",
                "4023d961-5cef-4477-926e-14bab4d73fdf",
                "aa67ec48-025f-42c8-aa09-ba4d56414660",
                "b2375943-d789-4c6f-b516-e86c07154127",
                "a8b67cd8-1d89-46b9-be59-dcc17cacc7b0",
                "ce363616-b13d-4115-b10b-9ca3b86e11df"
            ],
            "branches": [
                "5d7776c0-edcb-4e88-8b45-49c7c599d6de"
            ],
            "elements": [
                "7518def7-3301-4ccf-9841-fd5a5700e3fa",
                "a8342756-15d0-4fc1-972b-9140b406df6f",
                "9875c619-c8b0-44cb-a021-7c921ab06de3",
                "8e7f3a73-de92-4d55-8113-ccb9e121fffc",
                "e75c3f34-0368-4a69-afae-fb0b6c94a3f3",
                "e0499199-e285-4d69-98d1-66acd7701bf3",
                "d2f26017-79d4-4d9a-b9cd-b01957c2b412",
                "70e3846e-29f5-45d7-97da-907544d5d0fb",
                "4c153a04-ecb4-41e3-8898-e07a8cc8eadd",
                "19763229-2293-4092-b301-d149ab6815d1",
                "6586ab87-e7e4-468e-a8f5-143145320603",
                "b83a8af8-1dc9-4200-8d75-0ad35593b2f2",
                "3b1cf3ca-e5d9-4a8e-a002-b2f5c94361f9",
                "d9bb76bb-eec6-449d-aa8b-e5644e8f879f",
                "f633e2af-b1b3-44d7-947d-6e27d57b95de"
            ],
            "connections": [
                "0b6df78d-5724-4509-bc96-4acc34302482",
                "0f04cb3e-0f1d-4fc6-8807-af1783ea7bf5",
                "33102187-b985-492a-8d17-fbfcbeea629b",
                "201484fe-a3d1-4345-a84d-2525e4e9f1bf",
                "60fc5c93-c35a-4df0-b01b-693df836899d",
                "2526f2a5-11f8-46da-abdc-059ae0decc60",
                "0052e45a-abf7-4b12-94a9-7d87a947aa06",
                "7f2d0f6a-c2a3-48c5-ba78-0c10e3c5aa37",
                "1161d577-fb5f-4344-a985-fb1e153eb26d",
                "789737a3-1a92-4d23-8e43-9963ca687473",
                "95cdd711-b4fe-4fb8-9973-d79ab97eed5e",
                "9c56710c-dc2f-4475-9a81-114084035ae2",
                "2f725caa-aca2-4d33-bb42-257c151976a9",
                "cb071290-df5e-44dd-a975-38b2ade20bbd",
                "abf0b54f-94cc-4ae7-952f-b356b7bfc20f",
                "e59113a7-0f17-483e-a692-db51e3da1da4",
                "30f2a29e-028c-4dc7-9ea1-ebe3a2cabd2f",
                "d30b562b-fdc3-4d43-8b3b-647f1b2a74d5",
                "14fb29c7-a44c-464f-a2ad-174fcfc6e439",
                "539128cd-b59d-4d13-a711-a90ba2207379",
                "e269b5af-3779-4acf-8c2b-3e7e4045b2f1",
                "ed9e1fbd-d835-4e2a-85e6-0028e554d8d3",
                "8827d012-3720-46ee-9aa0-7e2a1fae59b9",
                "9bac5bf0-0dc4-4e21-990f-64aa369ac9e1",
                "882c2dcf-81a2-41b1-b89b-3cbc2dca5ad0",
                "fa0de30c-7ed9-4976-bb11-f0c4b48d257c",
                "c3adbac2-1dcb-439f-9825-308286bb21a3",
                "7c8c246c-da06-403e-9db0-ffd1a9b95a2f",
                "5e585dad-7e23-4f33-967f-a66bf498ecc0",
                "20637209-1fbe-48ed-9c49-4c08de916bbf",
                "c6456a25-14c3-4375-ac36-28bd8fc718d7",
                "10205a5e-d821-447c-9b57-88eed2b0b1c1",
                "8ac5eaca-be63-468f-aac7-c8b9b9a72480",
                "49b20451-6f08-451c-9532-4991d7ce835e",
                "f3cc79d8-e44b-48a4-9ae1-040b2924bf5c",
                "916d3474-1aaa-4131-803c-56a342a1aca7",
                "e27471d0-e09c-47b8-a7bf-59e2a56bb997",
                "cf25ef92-6df0-4ca8-99f3-26c36b6e9437",
                "29b12bc6-cc07-4fc1-8508-52069ce4d190",
                "ffd37fe3-07e5-4951-8db2-0404f796bec5",
                "9d971c49-c048-4ea9-9c7c-ad97086cbbae",
                "202357e0-a800-41f0-a896-52fd9d70ddbf",
                "0ef77d39-e95e-4f37-b1be-81b2b01a9496",
                "498bde9c-ea43-4d7e-b5d3-bb06b0c01f23"
            ]
        }
    },
    "notes": {},
    "elements": {
        "19763229-2293-4092-b301-d149ab6815d1": {
            "theme": "default",
            "outputs": [
                "14fb29c7-a44c-464f-a2ad-174fcfc6e439",
                "0ef77d39-e95e-4f37-b1be-81b2b01a9496",
                "498bde9c-ea43-4d7e-b5d3-bb06b0c01f23"
            ],
            "autoHeight": true,
            "components": [],
            "content": "<pre><code>spatial_progress = 9<\/code><\/pre>",
            "title": "<p>Section  9<\/p>"
        },
        "318e82d5-00d9-4aa9-83f3-cba00bae285f": {
            "theme": "default",
            "outputs": [],
            "autoHeight": true,
            "components": [],
            "content": "",
            "title": "<p>Game Over<\/p>"
        },
        "34114d12-2973-4908-a65d-70fe0f6fce47": {
            "theme": "default",
            "outputs": [
                "51d2aab0-582d-4d03-847b-6ed4cfee3ad8"
            ],
            "autoHeight": true,
            "components": [],
            "content": "<pre><code>player_height = 3<\/code><\/pre>",
            "title": "<p>Player Flower State<\/p>"
        },
        "3b1cf3ca-e5d9-4a8e-a002-b2f5c94361f9": {
            "theme": "default",
            "outputs": [
                "1161d577-fb5f-4344-a985-fb1e153eb26d",
                "539128cd-b59d-4d13-a711-a90ba2207379"
            ],
            "autoHeight": true,
            "components": [],
            "content": "<pre><code>spatial_progress = 12<\/code><\/pre>",
            "title": "<p>Section 12<\/p>"
        },
        "40f6480f-87e0-49b5-a445-f09dc266aa3b": {
            "theme": "default",
            "outputs": [
                "404dc114-6a08-4ee2-af99-69c4c377a13a"
            ],
            "autoHeight": true,
            "components": [],
            "content": "<pre><code>has_star = false<\/code><\/pre>",
            "title": "<p>Player Has No Star<\/p>"
        },
        "40f9b982-0f13-470e-8b18-bb2859fbad8c": {
            "theme": "default",
            "outputs": [
                "c22a3015-38e7-4ded-977f-12fe4f53338d"
            ],
            "autoHeight": true,
            "components": [],
            "content": "",
            "title": "<p>Collect State Upgrade<\/p>"
        },
        "4c153a04-ecb4-41e3-8898-e07a8cc8eadd": {
            "theme": "default",
            "outputs": [
                "0052e45a-abf7-4b12-94a9-7d87a947aa06",
                "8827d012-3720-46ee-9aa0-7e2a1fae59b9",
                "9bac5bf0-0dc4-4e21-990f-64aa369ac9e1",
                "202357e0-a800-41f0-a896-52fd9d70ddbf"
            ],
            "autoHeight": true,
            "components": [],
            "content": "<pre><code>spatial_progress = 8<\/code><\/pre>",
            "title": "<p>Section 8<\/p>"
        },
        "6586ab87-e7e4-468e-a8f5-143145320603": {
            "theme": "default",
            "outputs": [
                "95cdd711-b4fe-4fb8-9973-d79ab97eed5e"
            ],
            "autoHeight": true,
            "components": [],
            "content": "<pre><code>spatial_progress = 10<\/code><\/pre>",
            "title": "<p>Section 10<\/p>"
        },
        "70e3846e-29f5-45d7-97da-907544d5d0fb": {
            "theme": "default",
            "outputs": [
                "2526f2a5-11f8-46da-abdc-059ae0decc60",
                "2f725caa-aca2-4d33-bb42-257c151976a9",
                "d30b562b-fdc3-4d43-8b3b-647f1b2a74d5",
                "ed9e1fbd-d835-4e2a-85e6-0028e554d8d3"
            ],
            "autoHeight": true,
            "components": [],
            "content": "<pre><code>spatial_progress = 7<\/code><\/pre>",
            "title": "<p>Section 7<\/p>"
        },
        "71f23977-13fd-4ace-ad07-00347209eba0": {
            "theme": "default",
            "outputs": [
                "55230413-2d9d-44cd-b941-7ab225f14e9d"
            ],
            "autoHeight": true,
            "components": [],
            "content": "",
            "title": "<p>Get Damage<\/p>"
        },
        "7518def7-3301-4ccf-9841-fd5a5700e3fa": {
            "theme": "default",
            "outputs": [
                "0b6df78d-5724-4509-bc96-4acc34302482",
                "abf0b54f-94cc-4ae7-952f-b356b7bfc20f",
                "29b12bc6-cc07-4fc1-8508-52069ce4d190"
            ],
            "autoHeight": true,
            "components": [],
            "content": "<pre><code>spatial_progress = 1<\/code><\/pre>",
            "title": "<p>Section 1<\/p>"
        },
        "78bc078c-562b-4df8-ae6d-ee96b227332a": {
            "theme": "default",
            "outputs": [
                "6a363e03-13ab-4306-8c48-b5d43621aacf"
            ],
            "autoHeight": true,
            "components": [],
            "content": "<pre><code>player_height = 1<\/code><\/pre>",
            "title": "<p>Player Small State<\/p>"
        },
        "8e7f3a73-de92-4d55-8113-ccb9e121fffc": {
            "theme": "default",
            "outputs": [
                "9c56710c-dc2f-4475-9a81-114084035ae2"
            ],
            "autoHeight": true,
            "components": [],
            "content": "<pre><code>spatial_progress = 14<\/code><\/pre>",
            "title": "<p>Section 14<\/p>"
        },
        "8f2dfd96-1222-4d17-8f5d-734240ad5e2b": {
            "theme": "default",
            "outputs": [
                "bb9c3fe5-ebaa-4560-bde9-85efacfcaf34"
            ],
            "autoHeight": true,
            "components": [],
            "content": "<pre><code>player_height = 2<\/code><\/pre>",
            "title": "<p>Player Big State<\/p>"
        },
        "9875c619-c8b0-44cb-a021-7c921ab06de3": {
            "theme": "default",
            "outputs": [
                "33102187-b985-492a-8d17-fbfcbeea629b",
                "789737a3-1a92-4d23-8e43-9963ca687473",
                "ffd37fe3-07e5-4951-8db2-0404f796bec5"
            ],
            "autoHeight": true,
            "components": [],
            "content": "<pre><code>spatial_progress = 3<\/code><\/pre>",
            "title": "<p>Section 3<\/p>"
        },
        "a2733ade-1df4-49d1-8bcd-ef71b1d53ccf": {
            "theme": "default",
            "outputs": [
                "4e0c3b1d-6244-4ea6-9326-fe2a3b8dd063"
            ],
            "autoHeight": true,
            "components": [],
            "content": "<pre><code>has_star = true<\/code><\/pre>",
            "title": "<p>Player Has Star<\/p>"
        },
        "a8342756-15d0-4fc1-972b-9140b406df6f": {
            "theme": "default",
            "outputs": [
                "0f04cb3e-0f1d-4fc6-8807-af1783ea7bf5"
            ],
            "autoHeight": true,
            "components": [],
            "content": "<pre><code>spatial_progress = 2<\/code><\/pre>",
            "title": "<p>Section 2<\/p>"
        },
        "b83a8af8-1dc9-4200-8d75-0ad35593b2f2": {
            "theme": "default",
            "outputs": [
                "7f2d0f6a-c2a3-48c5-ba78-0c10e3c5aa37"
            ],
            "autoHeight": true,
            "components": [],
            "content": "<pre><code>spatial_progress = 11<\/code><\/pre>",
            "title": "<p>Section 11<\/p>"
        },
        "d2f26017-79d4-4d9a-b9cd-b01957c2b412": {
            "theme": "default",
            "outputs": [
                "30f2a29e-028c-4dc7-9ea1-ebe3a2cabd2f",
                "e269b5af-3779-4acf-8c2b-3e7e4045b2f1",
                "9d971c49-c048-4ea9-9c7c-ad97086cbbae"
            ],
            "autoHeight": true,
            "components": [],
            "content": "<pre><code>spatial_progress = 6<\/code><\/pre>",
            "title": "<p>Section 6<\/p>"
        },
        "d9bb76bb-eec6-449d-aa8b-e5644e8f879f": {
            "theme": "default",
            "outputs": [],
            "autoHeight": true,
            "components": [],
            "content": "<pre><code>spatial_progress = 13<\/code><\/pre>",
            "title": "<p>Section 13<\/p>"
        },
        "dc565fa7-ce01-48c6-84e8-660d99e20732": {
            "theme": "default",
            "outputs": [
                "15c68d17-0524-4828-8bb3-f17547d96055"
            ],
            "autoHeight": true,
            "components": [],
            "content": "",
            "title": "<p>Collect Star<\/p>"
        },
        "e0499199-e285-4d69-98d1-66acd7701bf3": {
            "theme": "default",
            "outputs": [
                "60fc5c93-c35a-4df0-b01b-693df836899d"
            ],
            "autoHeight": true,
            "components": [],
            "content": "<pre><code>spatial_progress = 5<\/code><\/pre>",
            "title": "<p>Section 5<\/p>"
        },
        "e75c3f34-0368-4a69-afae-fb0b6c94a3f3": {
            "theme": "default",
            "outputs": [
                "201484fe-a3d1-4345-a84d-2525e4e9f1bf",
                "e59113a7-0f17-483e-a692-db51e3da1da4"
            ],
            "autoHeight": true,
            "components": [],
            "content": "<pre><code>spatial_progress = 4<\/code><\/pre>",
            "title": "<p>Section 4<\/p>"
        },
        "f3d88d21-c391-4742-8661-a1acf7057e85": {
            "theme": "default",
            "outputs": [
                "6bb7cc99-f4c6-4cdf-bc8d-b8ba451f9823"
            ],
            "autoHeight": true,
            "components": [],
            "content": "",
            "title": "<p>Lose Star State<\/p>"
        },
        "f633e2af-b1b3-44d7-947d-6e27d57b95de": {
            "theme": "default",
            "outputs": [
                "cb071290-df5e-44dd-a975-38b2ade20bbd"
            ],
            "autoHeight": true,
            "components": [],
            "content": "",
            "title": "<p>Continue Playing<\/p>"
        }
    },
    "jumpers": {
        "0dfe1493-1267-4ecb-8c60-f940df5dd1c9": {
            "width": 185,
            "height": 86,
            "elementId": "7518def7-3301-4ccf-9841-fd5a5700e3fa"
        },
        "10bc253e-89f8-469a-a866-229004e08d79": {
            "width": 185,
            "height": 86,
            "elementId": "e75c3f34-0368-4a69-afae-fb0b6c94a3f3"
        },
        "15abbc28-a1ed-45b2-926b-351d6000ca35": {
            "width": 185,
            "height": 86,
            "elementId": "4c153a04-ecb4-41e3-8898-e07a8cc8eadd"
        },
        "165631c2-36c7-47aa-9410-151d30730397": {
            "width": 185,
            "height": 86,
            "elementId": "71f23977-13fd-4ace-ad07-00347209eba0"
        },
        "195f461f-0455-4ef5-a803-51491d2187e7": {
            "width": 185,
            "height": 86,
            "elementId": "40f9b982-0f13-470e-8b18-bb2859fbad8c"
        },
        "1972f92b-222c-4245-9daf-9416d044f5f5": {
            "width": 185,
            "height": 86,
            "elementId": "f633e2af-b1b3-44d7-947d-6e27d57b95de"
        },
        "286fae83-e13f-4211-bb05-ef6da7d07756": {
            "width": 185,
            "height": 86,
            "elementId": "f3d88d21-c391-4742-8661-a1acf7057e85"
        },
        "37afc523-b788-47ac-a563-63b460ed1b61": {
            "width": 185,
            "height": 86,
            "elementId": "40f9b982-0f13-470e-8b18-bb2859fbad8c"
        },
        "4023d961-5cef-4477-926e-14bab4d73fdf": {
            "width": 185,
            "height": 86,
            "elementId": "6586ab87-e7e4-468e-a8f5-143145320603"
        },
        "4ef37b81-fece-4c46-bdcb-8c1fca9070ce": {
            "width": 185,
            "height": 86,
            "elementId": "71f23977-13fd-4ace-ad07-00347209eba0"
        },
        "62f2963f-8253-4397-8d7e-e9118db94bf2": {
            "width": 185,
            "height": 86,
            "elementId": "19763229-2293-4092-b301-d149ab6815d1"
        },
        "7ced3bf5-ffaa-405a-8233-3ade02d97d3e": {
            "width": 185,
            "height": 86,
            "elementId": "71f23977-13fd-4ace-ad07-00347209eba0"
        },
        "7fa51730-cefb-4fc5-a385-99dd32017d34": {
            "width": 185,
            "height": 86,
            "elementId": "a8342756-15d0-4fc1-972b-9140b406df6f"
        },
        "928b6434-3e09-4302-a58e-ac15ab93f1f1": {
            "width": 185,
            "height": 86,
            "elementId": "dc565fa7-ce01-48c6-84e8-660d99e20732"
        },
        "a3152822-892e-4811-a101-1760414d2edd": {
            "width": 185,
            "height": 86,
            "elementId": "9875c619-c8b0-44cb-a021-7c921ab06de3"
        },
        "a35d4dea-f6ce-4f72-b1db-33e5c1542de0": {
            "width": 185,
            "height": 86,
            "elementId": "e0499199-e285-4d69-98d1-66acd7701bf3"
        },
        "a8b67cd8-1d89-46b9-be59-dcc17cacc7b0": {
            "width": 185,
            "height": 86,
            "elementId": "d9bb76bb-eec6-449d-aa8b-e5644e8f879f"
        },
        "aa67ec48-025f-42c8-aa09-ba4d56414660": {
            "width": 185,
            "height": 86,
            "elementId": "b83a8af8-1dc9-4200-8d75-0ad35593b2f2"
        },
        "ab4cfb8a-33d1-4908-956d-838c00728a34": {
            "width": 185,
            "height": 86,
            "elementId": "70e3846e-29f5-45d7-97da-907544d5d0fb"
        },
        "b06403fd-f900-42fc-b67c-90f2da6333f3": {
            "width": 185,
            "height": 86,
            "elementId": "71f23977-13fd-4ace-ad07-00347209eba0"
        },
        "b2375943-d789-4c6f-b516-e86c07154127": {
            "width": 185,
            "height": 86,
            "elementId": "3b1cf3ca-e5d9-4a8e-a002-b2f5c94361f9"
        },
        "ce363616-b13d-4115-b10b-9ca3b86e11df": {
            "width": 185,
            "height": 86,
            "elementId": "8e7f3a73-de92-4d55-8113-ccb9e121fffc"
        },
        "e67163ed-7c60-43de-893a-041d3468921b": {
            "width": 185,
            "height": 86,
            "elementId": "f633e2af-b1b3-44d7-947d-6e27d57b95de"
        },
        "f5e350ec-0b78-47dd-854a-479a8bd2d61d": {
            "width": 185,
            "height": 86,
            "elementId": "d2f26017-79d4-4d9a-b9cd-b01957c2b412"
        },
        "f7ead9cc-7e1e-4d08-af5a-af59ece4bd22": {
            "width": 185,
            "height": 86,
            "elementId": "40f9b982-0f13-470e-8b18-bb2859fbad8c"
        }
    },
    "connections": {
        "0052e45a-abf7-4b12-94a9-7d87a947aa06": {
            "type": "Bezier",
            "theme": "default",
            "sourceid": "4c153a04-ecb4-41e3-8898-e07a8cc8eadd",
            "targetid": "19763229-2293-4092-b301-d149ab6815d1",
            "sourceType": "elements",
            "targetType": "elements",
            "label": null
        },
        "0b6df78d-5724-4509-bc96-4acc34302482": {
            "type": "Bezier",
            "theme": "default",
            "sourceid": "7518def7-3301-4ccf-9841-fd5a5700e3fa",
            "targetid": "a8342756-15d0-4fc1-972b-9140b406df6f",
            "sourceType": "elements",
            "targetFace": "left",
            "targetType": "elements",
            "label": null
        },
        "0ef77d39-e95e-4f37-b1be-81b2b01a9496": {
            "type": "Bezier",
            "theme": "default",
            "sourceid": "19763229-2293-4092-b301-d149ab6815d1",
            "targetid": "286fae83-e13f-4211-bb05-ef6da7d07756",
            "sourceFace": "bottom",
            "sourceType": "elements",
            "targetFace": "bottom",
            "targetType": "jumpers",
            "label": null
        },
        "0f04cb3e-0f1d-4fc6-8807-af1783ea7bf5": {
            "type": "Bezier",
            "theme": "default",
            "sourceid": "a8342756-15d0-4fc1-972b-9140b406df6f",
            "targetid": "9875c619-c8b0-44cb-a021-7c921ab06de3",
            "sourceType": "elements",
            "targetType": "elements",
            "label": null
        },
        "10205a5e-d821-447c-9b57-88eed2b0b1c1": {
            "type": "Bezier",
            "theme": "default",
            "sourceid": "8aad20f3-4a4e-4eed-863e-06562b53b493",
            "targetid": "ab4cfb8a-33d1-4908-956d-838c00728a34",
            "sourceType": "conditions",
            "targetType": "jumpers",
            "label": null
        },
        "1161d577-fb5f-4344-a985-fb1e153eb26d": {
            "type": "Bezier",
            "theme": "default",
            "sourceid": "3b1cf3ca-e5d9-4a8e-a002-b2f5c94361f9",
            "targetid": "d9bb76bb-eec6-449d-aa8b-e5644e8f879f",
            "sourceType": "elements",
            "targetType": "elements",
            "label": null
        },
        "14fb29c7-a44c-464f-a2ad-174fcfc6e439": {
            "type": "Bezier",
            "theme": "default",
            "sourceid": "19763229-2293-4092-b301-d149ab6815d1",
            "targetid": "4ef37b81-fece-4c46-bdcb-8c1fca9070ce",
            "sourceType": "elements",
            "targetType": "jumpers",
            "label": null
        },
        "15c68d17-0524-4828-8bb3-f17547d96055": {
            "type": "Bezier",
            "theme": "default",
            "sourceid": "dc565fa7-ce01-48c6-84e8-660d99e20732",
            "targetid": "a2733ade-1df4-49d1-8bcd-ef71b1d53ccf",
            "sourceType": "elements",
            "targetFace": "top",
            "targetType": "elements",
            "label": null
        },
        "201484fe-a3d1-4345-a84d-2525e4e9f1bf": {
            "type": "Bezier",
            "theme": "default",
            "sourceid": "e75c3f34-0368-4a69-afae-fb0b6c94a3f3",
            "targetid": "e0499199-e285-4d69-98d1-66acd7701bf3",
            "sourceType": "elements",
            "targetType": "elements",
            "label": null
        },
        "202357e0-a800-41f0-a896-52fd9d70ddbf": {
            "type": "Bezier",
            "theme": "default",
            "sourceid": "4c153a04-ecb4-41e3-8898-e07a8cc8eadd",
            "targetid": "4ef37b81-fece-4c46-bdcb-8c1fca9070ce",
            "sourceFace": "top",
            "sourceType": "elements",
            "targetType": "jumpers",
            "label": null
        },
        "20637209-1fbe-48ed-9c49-4c08de916bbf": {
            "type": "Bezier",
            "theme": "default",
            "sourceid": "62b587ad-4e62-431b-8951-8b29f4eef0f0",
            "targetid": "62f2963f-8253-4397-8d7e-e9118db94bf2",
            "sourceType": "conditions",
            "targetType": "jumpers",
            "label": null
        },
        "2526f2a5-11f8-46da-abdc-059ae0decc60": {
            "type": "Bezier",
            "theme": "default",
            "sourceid": "70e3846e-29f5-45d7-97da-907544d5d0fb",
            "targetid": "4c153a04-ecb4-41e3-8898-e07a8cc8eadd",
            "sourceType": "elements",
            "targetType": "elements",
            "label": null
        },
        "29b12bc6-cc07-4fc1-8508-52069ce4d190": {
            "type": "Bezier",
            "theme": "default",
            "sourceid": "7518def7-3301-4ccf-9841-fd5a5700e3fa",
            "targetid": "165631c2-36c7-47aa-9410-151d30730397",
            "sourceType": "elements",
            "targetType": "jumpers",
            "label": null
        },
        "2f725caa-aca2-4d33-bb42-257c151976a9": {
            "type": "Bezier",
            "theme": "default",
            "sourceid": "70e3846e-29f5-45d7-97da-907544d5d0fb",
            "targetid": "928b6434-3e09-4302-a58e-ac15ab93f1f1",
            "sourceType": "elements",
            "targetFace": "top",
            "targetType": "jumpers",
            "label": null
        },
        "30f2a29e-028c-4dc7-9ea1-ebe3a2cabd2f": {
            "type": "Bezier",
            "theme": "default",
            "sourceid": "d2f26017-79d4-4d9a-b9cd-b01957c2b412",
            "targetid": "7ced3bf5-ffaa-405a-8233-3ade02d97d3e",
            "sourceFace": "top",
            "sourceType": "elements",
            "targetType": "jumpers",
            "label": null
        },
        "33102187-b985-492a-8d17-fbfcbeea629b": {
            "type": "Bezier",
            "theme": "default",
            "sourceid": "9875c619-c8b0-44cb-a021-7c921ab06de3",
            "targetid": "e75c3f34-0368-4a69-afae-fb0b6c94a3f3",
            "sourceType": "elements",
            "targetType": "elements",
            "label": null
        },
        "404dc114-6a08-4ee2-af99-69c4c377a13a": {
            "type": "Bezier",
            "theme": "default",
            "sourceid": "40f6480f-87e0-49b5-a445-f09dc266aa3b",
            "targetid": "1972f92b-222c-4245-9daf-9416d044f5f5",
            "sourceType": "elements",
            "targetType": "jumpers",
            "label": null
        },
        "498bde9c-ea43-4d7e-b5d3-bb06b0c01f23": {
            "type": "Bezier",
            "theme": "default",
            "sourceid": "19763229-2293-4092-b301-d149ab6815d1",
            "targetid": "6586ab87-e7e4-468e-a8f5-143145320603",
            "sourceFace": "bottom",
            "sourceType": "elements",
            "targetFace": "bottom",
            "targetType": "elements",
            "label": null
        },
        "49b20451-6f08-451c-9532-4991d7ce835e": {
            "type": "Bezier",
            "theme": "default",
            "sourceid": "4660c657-9f43-43e7-857b-f077dabb6467",
            "targetid": "10bc253e-89f8-469a-a866-229004e08d79",
            "sourceType": "conditions",
            "targetType": "jumpers",
            "label": null
        },
        "4e0c3b1d-6244-4ea6-9326-fe2a3b8dd063": {
            "type": "Bezier",
            "theme": "default",
            "sourceid": "a2733ade-1df4-49d1-8bcd-ef71b1d53ccf",
            "targetid": "1972f92b-222c-4245-9daf-9416d044f5f5",
            "sourceType": "elements",
            "targetType": "jumpers",
            "label": null
        },
        "51d2aab0-582d-4d03-847b-6ed4cfee3ad8": {
            "type": "Bezier",
            "theme": "default",
            "sourceid": "34114d12-2973-4908-a65d-70fe0f6fce47",
            "targetid": "e67163ed-7c60-43de-893a-041d3468921b",
            "sourceType": "elements",
            "targetType": "jumpers",
            "label": null
        },
        "539128cd-b59d-4d13-a711-a90ba2207379": {
            "type": "Bezier",
            "theme": "default",
            "sourceid": "3b1cf3ca-e5d9-4a8e-a002-b2f5c94361f9",
            "targetid": "b06403fd-f900-42fc-b67c-90f2da6333f3",
            "sourceType": "elements",
            "targetFace": "left",
            "targetType": "jumpers",
            "label": null
        },
        "55230413-2d9d-44cd-b941-7ab225f14e9d": {
            "type": "Bezier",
            "theme": "default",
            "sourceid": "71f23977-13fd-4ace-ad07-00347209eba0",
            "targetid": "ed3eef07-ddaa-4925-9cf5-6aefb36009b8",
            "sourceType": "elements",
            "targetType": "branches",
            "label": null
        },
        "5e585dad-7e23-4f33-967f-a66bf498ecc0": {
            "type": "Bezier",
            "theme": "default",
            "sourceid": "1a0c5fca-ca05-4e2d-98a9-d144b9b41224",
            "targetid": "4023d961-5cef-4477-926e-14bab4d73fdf",
            "sourceType": "conditions",
            "targetType": "jumpers",
            "label": null
        },
        "60fc5c93-c35a-4df0-b01b-693df836899d": {
            "type": "Bezier",
            "theme": "default",
            "sourceid": "e0499199-e285-4d69-98d1-66acd7701bf3",
            "targetid": "d2f26017-79d4-4d9a-b9cd-b01957c2b412",
            "sourceType": "elements",
            "targetType": "elements",
            "label": null
        },
        "6a363e03-13ab-4306-8c48-b5d43621aacf": {
            "type": "Bezier",
            "theme": "default",
            "sourceid": "78bc078c-562b-4df8-ae6d-ee96b227332a",
            "targetid": "e67163ed-7c60-43de-893a-041d3468921b",
            "sourceType": "elements",
            "targetType": "jumpers",
            "label": null
        },
        "6bb7cc99-f4c6-4cdf-bc8d-b8ba451f9823": {
            "type": "Bezier",
            "theme": "default",
            "sourceid": "f3d88d21-c391-4742-8661-a1acf7057e85",
            "targetid": "40f6480f-87e0-49b5-a445-f09dc266aa3b",
            "sourceType": "elements",
            "targetType": "elements",
            "label": null
        },
        "6d0a10a0-f1c3-4d4e-a6e7-01f7895e773a": {
            "type": "Bezier",
            "theme": "default",
            "sourceid": "329910ff-8449-4154-a8a2-cf353b66f766",
            "targetid": "78bc078c-562b-4df8-ae6d-ee96b227332a",
            "sourceType": "conditions",
            "targetFace": "left",
            "targetType": "elements",
            "label": null
        },
        "789737a3-1a92-4d23-8e43-9963ca687473": {
            "type": "Bezier",
            "theme": "default",
            "sourceid": "9875c619-c8b0-44cb-a021-7c921ab06de3",
            "targetid": "8e7f3a73-de92-4d55-8113-ccb9e121fffc",
            "sourceFace": "bottom",
            "sourceType": "elements",
            "targetFace": "top",
            "targetType": "elements",
            "label": null
        },
        "7c8c246c-da06-403e-9db0-ffd1a9b95a2f": {
            "type": "Bezier",
            "theme": "default",
            "sourceid": "5a9da45f-c0ce-4b5c-a029-dbe4422ff9a0",
            "targetid": "aa67ec48-025f-42c8-aa09-ba4d56414660",
            "sourceType": "conditions",
            "targetType": "jumpers",
            "label": null
        },
        "7f2d0f6a-c2a3-48c5-ba78-0c10e3c5aa37": {
            "type": "Bezier",
            "theme": "default",
            "sourceid": "b83a8af8-1dc9-4200-8d75-0ad35593b2f2",
            "targetid": "3b1cf3ca-e5d9-4a8e-a002-b2f5c94361f9",
            "sourceType": "elements",
            "targetType": "elements",
            "label": null
        },
        "8827d012-3720-46ee-9aa0-7e2a1fae59b9": {
            "type": "Bezier",
            "theme": "default",
            "sourceid": "4c153a04-ecb4-41e3-8898-e07a8cc8eadd",
            "targetid": "286fae83-e13f-4211-bb05-ef6da7d07756",
            "sourceType": "elements",
            "targetType": "jumpers",
            "label": null
        },
        "882c2dcf-81a2-41b1-b89b-3cbc2dca5ad0": {
            "type": "Bezier",
            "theme": "default",
            "sourceid": "0c82a246-c340-4b38-b006-6856d2f9dcaa",
            "targetid": "ce363616-b13d-4115-b10b-9ca3b86e11df",
            "sourceType": "conditions",
            "targetType": "jumpers",
            "label": null
        },
        "8ac5eaca-be63-468f-aac7-c8b9b9a72480": {
            "type": "Bezier",
            "theme": "default",
            "sourceid": "8ecdb767-cbea-4c66-a92c-9fca254f658d",
            "targetid": "f5e350ec-0b78-47dd-854a-479a8bd2d61d",
            "sourceType": "conditions",
            "targetType": "jumpers",
            "label": null
        },
        "916d3474-1aaa-4131-803c-56a342a1aca7": {
            "type": "Bezier",
            "theme": "default",
            "sourceid": "516ae11c-3f6f-41bf-a29d-d5defae7987f",
            "targetid": "a3152822-892e-4811-a101-1760414d2edd",
            "sourceType": "conditions",
            "targetType": "jumpers",
            "label": null
        },
        "95cdd711-b4fe-4fb8-9973-d79ab97eed5e": {
            "type": "Bezier",
            "theme": "default",
            "sourceid": "6586ab87-e7e4-468e-a8f5-143145320603",
            "targetid": "b83a8af8-1dc9-4200-8d75-0ad35593b2f2",
            "sourceType": "elements",
            "targetFace": "top",
            "targetType": "elements",
            "label": null
        },
        "9bac5bf0-0dc4-4e21-990f-64aa369ac9e1": {
            "type": "Bezier",
            "theme": "default",
            "sourceid": "4c153a04-ecb4-41e3-8898-e07a8cc8eadd",
            "targetid": "37afc523-b788-47ac-a563-63b460ed1b61",
            "sourceType": "elements",
            "targetType": "jumpers",
            "label": null
        },
        "9c56710c-dc2f-4475-9a81-114084035ae2": {
            "type": "Bezier",
            "theme": "default",
            "sourceid": "8e7f3a73-de92-4d55-8113-ccb9e121fffc",
            "targetid": "b83a8af8-1dc9-4200-8d75-0ad35593b2f2",
            "sourceFace": "bottom",
            "sourceType": "elements",
            "targetFace": "left",
            "targetType": "elements",
            "label": null
        },
        "9d971c49-c048-4ea9-9c7c-ad97086cbbae": {
            "type": "Bezier",
            "theme": "default",
            "sourceid": "d2f26017-79d4-4d9a-b9cd-b01957c2b412",
            "targetid": "70e3846e-29f5-45d7-97da-907544d5d0fb",
            "sourceType": "elements",
            "targetFace": "top",
            "targetType": "elements",
            "label": null
        },
        "a6b0d2a5-d2a6-419a-8c4f-d4dd6757ae0c": {
            "type": "Bezier",
            "theme": "default",
            "sourceid": "e9506d7d-ad55-43ec-816e-c3436cded496",
            "targetid": "34114d12-2973-4908-a65d-70fe0f6fce47",
            "sourceType": "conditions",
            "targetType": "elements",
            "label": null
        },
        "a7b74216-07db-47ce-aca2-f539da2dd8d5": {
            "type": "Bezier",
            "theme": "default",
            "sourceid": "11f43892-d11b-4893-8d85-db265ae5dc92",
            "targetid": "318e82d5-00d9-4aa9-83f3-cba00bae285f",
            "sourceType": "conditions",
            "targetType": "elements",
            "label": null
        },
        "abf0b54f-94cc-4ae7-952f-b356b7bfc20f": {
            "type": "Bezier",
            "theme": "default",
            "sourceid": "7518def7-3301-4ccf-9841-fd5a5700e3fa",
            "targetid": "195f461f-0455-4ef5-a803-51491d2187e7",
            "sourceType": "elements",
            "targetType": "jumpers",
            "label": null
        },
        "bb9c3fe5-ebaa-4560-bde9-85efacfcaf34": {
            "type": "Bezier",
            "theme": "default",
            "sourceid": "8f2dfd96-1222-4d17-8f5d-734240ad5e2b",
            "targetid": "e67163ed-7c60-43de-893a-041d3468921b",
            "sourceType": "elements",
            "targetType": "jumpers",
            "label": null
        },
        "c22a3015-38e7-4ded-977f-12fe4f53338d": {
            "type": "Bezier",
            "theme": "default",
            "sourceid": "40f9b982-0f13-470e-8b18-bb2859fbad8c",
            "targetid": "7ef581fd-bec4-48a8-822f-0f0f72119beb",
            "sourceType": "elements",
            "targetFace": "left",
            "targetType": "branches",
            "label": null
        },
        "c3adbac2-1dcb-439f-9825-308286bb21a3": {
            "type": "Bezier",
            "theme": "default",
            "sourceid": "068caf08-ab6f-4360-9aac-b5ff89f863f2",
            "targetid": "a8b67cd8-1d89-46b9-be59-dcc17cacc7b0",
            "sourceType": "conditions",
            "targetType": "jumpers",
            "label": null
        },
        "c6456a25-14c3-4375-ac36-28bd8fc718d7": {
            "type": "Bezier",
            "theme": "default",
            "sourceid": "a50b8ebc-c2a1-4e0a-b71e-66b85b920d54",
            "targetid": "15abbc28-a1ed-45b2-926b-351d6000ca35",
            "sourceType": "conditions",
            "targetType": "jumpers",
            "label": null
        },
        "cb071290-df5e-44dd-a975-38b2ade20bbd": {
            "type": "Bezier",
            "theme": "default",
            "sourceid": "f633e2af-b1b3-44d7-947d-6e27d57b95de",
            "targetid": "5d7776c0-edcb-4e88-8b45-49c7c599d6de",
            "sourceType": "elements",
            "targetType": "branches",
            "label": null
        },
        "cf25ef92-6df0-4ca8-99f3-26c36b6e9437": {
            "type": "Bezier",
            "theme": "default",
            "sourceid": "ba3ce12f-d48a-4a01-a426-7e12cca0d5f5",
            "targetid": "0dfe1493-1267-4ecb-8c60-f940df5dd1c9",
            "sourceType": "conditions",
            "targetType": "jumpers",
            "label": null
        },
        "d30b562b-fdc3-4d43-8b3b-647f1b2a74d5": {
            "type": "Bezier",
            "theme": "default",
            "sourceid": "70e3846e-29f5-45d7-97da-907544d5d0fb",
            "targetid": "4ef37b81-fece-4c46-bdcb-8c1fca9070ce",
            "sourceType": "elements",
            "targetType": "jumpers",
            "label": null
        },
        "e269b5af-3779-4acf-8c2b-3e7e4045b2f1": {
            "type": "Bezier",
            "theme": "default",
            "sourceid": "d2f26017-79d4-4d9a-b9cd-b01957c2b412",
            "targetid": "f7ead9cc-7e1e-4d08-af5a-af59ece4bd22",
            "sourceType": "elements",
            "targetType": "jumpers",
            "label": null
        },
        "e27471d0-e09c-47b8-a7bf-59e2a56bb997": {
            "type": "Bezier",
            "theme": "default",
            "sourceid": "83eef10d-7ae7-4e93-baf1-72b4b7c7e110",
            "targetid": "7fa51730-cefb-4fc5-a385-99dd32017d34",
            "sourceType": "conditions",
            "targetType": "jumpers",
            "label": null
        },
        "e59113a7-0f17-483e-a692-db51e3da1da4": {
            "type": "Bezier",
            "theme": "default",
            "sourceid": "e75c3f34-0368-4a69-afae-fb0b6c94a3f3",
            "targetid": "7ced3bf5-ffaa-405a-8233-3ade02d97d3e",
            "sourceType": "elements",
            "targetType": "jumpers",
            "label": null
        },
        "e81fd5b3-c9aa-4004-a3ef-2c0bb8f16d94": {
            "type": "Bezier",
            "theme": "default",
            "sourceid": "ca4a348e-63c8-4650-ba83-06b13e3c5d60",
            "targetid": "8f2dfd96-1222-4d17-8f5d-734240ad5e2b",
            "sourceType": "conditions",
            "targetType": "elements",
            "label": null
        },
        "ed9e1fbd-d835-4e2a-85e6-0028e554d8d3": {
            "type": "Bezier",
            "theme": "default",
            "sourceid": "70e3846e-29f5-45d7-97da-907544d5d0fb",
            "targetid": "286fae83-e13f-4211-bb05-ef6da7d07756",
            "sourceType": "elements",
            "targetType": "jumpers",
            "label": null
        },
        "f3cc79d8-e44b-48a4-9ae1-040b2924bf5c": {
            "type": "Bezier",
            "theme": "default",
            "sourceid": "c608c750-9acc-47c3-b7ad-9a217433554f",
            "targetid": "a35d4dea-f6ce-4f72-b1db-33e5c1542de0",
            "sourceType": "conditions",
            "targetType": "jumpers",
            "label": null
        },
        "ffd37fe3-07e5-4951-8db2-0404f796bec5": {
            "type": "Bezier",
            "theme": "default",
            "sourceid": "9875c619-c8b0-44cb-a021-7c921ab06de3",
            "targetid": "7ced3bf5-ffaa-405a-8233-3ade02d97d3e",
            "sourceType": "elements",
            "targetType": "jumpers",
            "label": null
        },
        "fa0de30c-7ed9-4976-bb11-f0c4b48d257c": {
            "type": "Bezier",
            "theme": "default",
            "sourceid": "6d88d7f0-4f87-41a2-8c09-321e04fee16f",
            "targetid": "b2375943-d789-4c6f-b516-e86c07154127",
            "sourceType": "conditions",
            "targetType": "jumpers",
            "label": null
        },
        "fb9c082e-da98-4f4e-9196-a6956cc97679": {
            "type": "Bezier",
            "theme": "default",
            "sourceid": "ba6e729e-a179-4648-b7ec-a6b6853a76df",
            "targetid": "34114d12-2973-4908-a65d-70fe0f6fce47",
            "sourceType": "conditions",
            "targetType": "elements",
            "label": null
        },
        "c3ac61af-cfe4-44ca-9637-ab808c1bd46e": {
            "sourceType": "conditions",
            "sourceid": "3a93aee5-5c26-421d-9bc7-8b70b6ef3ee8",
            "targetid": "78bc078c-562b-4df8-ae6d-ee96b227332a",
            "targetFace": "left",
            "targetType": "elements",
            "theme": "default",
            "type": "Bezier",
            "label": null
        }
    },
    "branches": {
        "5d7776c0-edcb-4e88-8b45-49c7c599d6de": {
            "theme": "default",
            "conditions": {
                "ifCondition": "ba3ce12f-d48a-4a01-a426-7e12cca0d5f5",
                "elseIfConditions": [
                    "83eef10d-7ae7-4e93-baf1-72b4b7c7e110",
                    "516ae11c-3f6f-41bf-a29d-d5defae7987f",
                    "4660c657-9f43-43e7-857b-f077dabb6467",
                    "c608c750-9acc-47c3-b7ad-9a217433554f",
                    "8ecdb767-cbea-4c66-a92c-9fca254f658d",
                    "8aad20f3-4a4e-4eed-863e-06562b53b493",
                    "a50b8ebc-c2a1-4e0a-b71e-66b85b920d54",
                    "62b587ad-4e62-431b-8951-8b29f4eef0f0",
                    "1a0c5fca-ca05-4e2d-98a9-d144b9b41224",
                    "5a9da45f-c0ce-4b5c-a029-dbe4422ff9a0",
                    "6d88d7f0-4f87-41a2-8c09-321e04fee16f",
                    "068caf08-ab6f-4360-9aac-b5ff89f863f2",
                    "0c82a246-c340-4b38-b006-6856d2f9dcaa"
                ]
            }
        },
        "7ef581fd-bec4-48a8-822f-0f0f72119beb": {
            "theme": "default",
            "conditions": {
                "ifCondition": "ca4a348e-63c8-4650-ba83-06b13e3c5d60",
                "elseIfConditions": [
                    "e9506d7d-ad55-43ec-816e-c3436cded496",
                    "ba6e729e-a179-4648-b7ec-a6b6853a76df"
                ]
            }
        },
        "ed3eef07-ddaa-4925-9cf5-6aefb36009b8": {
            "theme": "default",
            "conditions": {
                "ifCondition": "11f43892-d11b-4893-8d85-db265ae5dc92",
                "elseIfConditions": [
                    "329910ff-8449-4154-a8a2-cf353b66f766",
                    "3a93aee5-5c26-421d-9bc7-8b70b6ef3ee8"
                ]
            }
        }
    },
    "components": {
        "65005bda-15d0-41c5-867f-68c118829f08": {
            "root": true,
            "children": [],
            "name": "Root"
        }
    },
    "attributes": {},
    "assets": {
        "647d0495-341f-42b2-8788-b47dace22bf8": {
            "root": true,
            "children": []
        }
    },
    "variables": {
        "3c21bb4e-2e55-461c-8ada-d277e77f0447": {
            "name": "spatial_progress",
            "type": "integer",
            "value": 1
        },
        "484b9379-f04f-424d-9a2d-09c9528b2b37": {
            "name": "has_star",
            "type": "boolean",
            "value": false
        },
        "747d0495-341f-42b2-8788-b47dace22bf8": {
            "root": true,
            "children": [
                "acc17e86-2014-4de1-8cc8-f7aa36dd3b82",
                "484b9379-f04f-424d-9a2d-09c9528b2b37",
                "3c21bb4e-2e55-461c-8ada-d277e77f0447"
            ]
        },
        "acc17e86-2014-4de1-8cc8-f7aa36dd3b82": {
            "name": "player_height",
            "type": "integer",
            "value": 1
        }
    },
    "conditions": {
        "068caf08-ab6f-4360-9aac-b5ff89f863f2": {
            "output": "c3adbac2-1dcb-439f-9825-308286bb21a3",
            "script": "spatial_progress == 13"
        },
        "0c82a246-c340-4b38-b006-6856d2f9dcaa": {
            "output": "882c2dcf-81a2-41b1-b89b-3cbc2dca5ad0",
            "script": "spatial_progress == 14"
        },
        "11f43892-d11b-4893-8d85-db265ae5dc92": {
            "output": "a7b74216-07db-47ce-aca2-f539da2dd8d5",
            "script": "player_height == 1"
        },
        "1a0c5fca-ca05-4e2d-98a9-d144b9b41224": {
            "output": "5e585dad-7e23-4f33-967f-a66bf498ecc0",
            "script": "spatial_progress == 10"
        },
        "329910ff-8449-4154-a8a2-cf353b66f766": {
            "output": "6d0a10a0-f1c3-4d4e-a6e7-01f7895e773a",
            "script": "player_height == 2"
        },
        "3a93aee5-5c26-421d-9bc7-8b70b6ef3ee8": {
            "output": "c3ac61af-cfe4-44ca-9637-ab808c1bd46e",
            "script": "player_height == 3"
        },
        "4660c657-9f43-43e7-857b-f077dabb6467": {
            "output": "49b20451-6f08-451c-9532-4991d7ce835e",
            "script": "spatial_progress == 4"
        },
        "516ae11c-3f6f-41bf-a29d-d5defae7987f": {
            "output": "916d3474-1aaa-4131-803c-56a342a1aca7",
            "script": "spatial_progress == 3"
        },
        "5a9da45f-c0ce-4b5c-a029-dbe4422ff9a0": {
            "output": "7c8c246c-da06-403e-9db0-ffd1a9b95a2f",
            "script": "spatial_progress == 11"
        },
        "62b587ad-4e62-431b-8951-8b29f4eef0f0": {
            "output": "20637209-1fbe-48ed-9c49-4c08de916bbf",
            "script": "spatial_progress == 9"
        },
        "6d88d7f0-4f87-41a2-8c09-321e04fee16f": {
            "output": "fa0de30c-7ed9-4976-bb11-f0c4b48d257c",
            "script": "spatial_progress == 12"
        },
        "83eef10d-7ae7-4e93-baf1-72b4b7c7e110": {
            "output": "e27471d0-e09c-47b8-a7bf-59e2a56bb997",
            "script": "spatial_progress == 2"
        },
        "8aad20f3-4a4e-4eed-863e-06562b53b493": {
            "output": "10205a5e-d821-447c-9b57-88eed2b0b1c1",
            "script": "spatial_progress == 7"
        },
        "8ecdb767-cbea-4c66-a92c-9fca254f658d": {
            "output": "8ac5eaca-be63-468f-aac7-c8b9b9a72480",
            "script": "spatial_progress == 6"
        },
        "a50b8ebc-c2a1-4e0a-b71e-66b85b920d54": {
            "output": "c6456a25-14c3-4375-ac36-28bd8fc718d7",
            "script": "spatial_progress == 8"
        },
        "ba3ce12f-d48a-4a01-a426-7e12cca0d5f5": {
            "output": "cf25ef92-6df0-4ca8-99f3-26c36b6e9437",
            "script": "spatial_progress == 1"
        },
        "ba6e729e-a179-4648-b7ec-a6b6853a76df": {
            "output": "fb9c082e-da98-4f4e-9196-a6956cc97679",
            "script": "player_height == 3"
        },
        "c608c750-9acc-47c3-b7ad-9a217433554f": {
            "output": "f3cc79d8-e44b-48a4-9ae1-040b2924bf5c",
            "script": "spatial_progress == 5"
        },
        "ca4a348e-63c8-4650-ba83-06b13e3c5d60": {
            "output": "e81fd5b3-c9aa-4004-a3ef-2c0bb8f16d94",
            "script": "player_height == 1"
        },
        "e9506d7d-ad55-43ec-816e-c3436cded496": {
            "output": "a6b0d2a5-d2a6-419a-8c4f-d4dd6757ae0c",
            "script": "player_height == 2"
        }
    },
    "name": "Super Mario Bros",
    "cover": null
}