{
    "startingElement": "2e619910-8650-4d75-98c8-f367f77ab121",
    "boards": {
        "2ad15ff6-f2ba-4f1d-9d9d-68938c683d7e": {
            "name": "Root",
            "root": true,
            "children": [
                "5f74b70a-b2b9-4e19-9968-d45086a0ce40"
            ]
        },
        "630fdb8a-48d6-473e-9974-2460f7eb2b41": {
            "name": "Level Progression",
            "notes": [],
            "jumpers": [
                "a872b50a-2f04-4b69-b75a-8cc3ade2f41b"
            ],
            "branches": [
                "a6807da8-0dc1-4857-8d11-dde2f4d68690"
            ],
            "elements": [
                "6603ab80-f72b-4fb8-9fd5-d2bc8bef0429",
                "877abbc4-9f4b-4aad-9ed5-6fb49b5d556c",
                "f09a37db-7ae5-4f62-a0f0-8386b7894951",
                "121f4960-b114-47de-8c10-81317f6d284b",
                "63b38d52-e202-46de-9788-aecfe783cefd",
                "483f5dae-8374-4ab2-91cc-fe5862a19f57",
                "c5b0fbcb-947c-4b74-bd1c-718f6544163f",
                "4adbf741-ab50-4ff5-bb7f-e10721917ca9",
                "cd5c5c07-a6a0-4ca1-a2a0-bf700c78e7f9",
                "de215539-8297-4aea-8f07-c6ab6297d061",
                "0a9772f5-ae75-49fd-9fdc-fd008daa4739"
            ],
            "connections": [
                "fa2d44c4-ea1a-4e56-9acd-c23e4961effc",
                "14829569-faa9-4f10-8775-fcac370a4cb7",
                "b8f24baf-ab3d-48f6-bd05-c4fc93f3f3ea",
                "4f6bacc1-7772-4645-80a8-da69d3b916d8",
                "d393e3ef-acad-4787-b297-dae33a56b49c",
                "8a4d7f6e-9bdc-423c-9caf-13a65d91ef00",
                "bc9e3ce3-3710-4dbb-9c2c-11ade15cf605",
                "43e721da-43d8-42c7-92c7-3af2a8bb2de4",
                "391ff88d-2f57-4124-bcf7-3e3be321fc33",
                "a5252e2c-ab96-4d6e-a5ac-722551f1e010",
                "bdfef028-d770-447c-8b1a-cda9daf31118",
                "bacd822e-22fb-4634-8fd2-4001a2d8c1ba",
                "7471bcbd-6b81-44d8-ad68-b1319562fb84",
                "3ef7a23a-1556-425e-b595-9a8550eb4e1c",
                "bf2576b2-a752-458b-a211-9797e696ec6f",
                "5d7d0762-fb00-4eae-8a82-a752a5d977bd",
                "ebe28dcd-2977-449e-9a11-e47e38f505d4",
                "ad47ff35-12b5-4c43-a7ac-3882bc9404f3",
                "c61de27e-628a-4454-afec-d4325e453b9d",
                "490f9453-1a6e-445c-a696-8e56b8252c1c",
                "c851814c-782a-4699-803e-878f800ff886"
            ]
        },
        "5f74b70a-b2b9-4e19-9968-d45086a0ce40": {
            "name": "Tetris Classic",
            "children": [
                "2be8ce38-fd62-4531-aa0d-3c540c31eaa8",
                "630fdb8a-48d6-473e-9974-2460f7eb2b41",
                "96085205-428e-4cca-b047-44eefcec4252",
                "34862b20-da19-42c3-aa2e-b9b5f59b2069",
                "fdfddda7-4304-4313-9c46-9ef9a9b3f117",
                "f122d01a-46a3-41d9-9428-cb74f75b3f45"
            ]
        },
        "2be8ce38-fd62-4531-aa0d-3c540c31eaa8": {
            "name": "Tetris Classic Gameplay",
            "notes": [],
            "elements": [
                "2e619910-8650-4d75-98c8-f367f77ab121",
                "dc924a1e-b8b1-4532-b4b8-8c79849f0329",
                "2700d498-4eb0-45fd-bccd-6027346faf7c",
                "9c68582c-2962-4a5e-b4f9-b0814d2eca59",
                "f616f9db-fa61-4c57-92b6-b26038a26780",
                "35a1118b-86b4-4685-9572-c0554af3ca05",
                "46c29dc7-9b27-48e1-adf2-825b24a3af7a",
                "89a7312e-13ac-41e5-8941-1353361f0534",
                "22f1c047-b316-429a-9332-b6495db33eeb",
                "ac66778a-eafb-4688-8e21-f464f2f0dfe3",
                "cbc87026-9854-47e6-9bdf-437b788a7b07"
            ],
            "connections": [
                "b7c31ade-fde2-4681-8c6d-42483ee806a3",
                "8e6140a4-4d20-42d7-bb02-302dbd5cf6f3",
                "587056eb-f7f6-428f-b20f-d648a12c7d29",
                "fc6bf2dd-2433-40e2-8fda-06c49a52750a",
                "b7916c84-10f0-4fb3-9fb6-fe01d2199713",
                "ccf25c4c-dafd-4a83-8c5d-8ecb7b44e9b2",
                "874127b9-313e-46e3-804d-a3be7fb5ed33",
                "0b34022d-efa0-489a-8f53-971df6a0a589",
                "50dc2417-c21c-4631-94f7-f6ee2365ae99",
                "79d21023-7b83-446f-ba1d-ad44e72ecc83",
                "eb484cbf-3f60-437b-b95f-4d49775b2dbf",
                "a883476a-dde9-47d0-8502-7ef11e6e0a00",
                "cdd555e1-0eb7-4339-ad9a-be857ab1185a",
                "50cc59e3-5742-46cc-91fd-02b0d08e55b2",
                "2b2a0924-cbf6-44d7-a4eb-2c4ae4359280",
                "08329691-f92c-4520-89e4-4f06985e6227",
                "fa97fdc7-a7ba-44d3-96b4-f3b20f4f4f4b"
            ],
            "branches": [],
            "jumpers": [
                "7f54655e-4360-498b-be3f-00dfeda195b6",
                "200942c5-1b23-4111-a00f-d80595b2dd66",
                "f510872b-0d32-48f6-baad-a97c7098c396",
                "755e8f26-253a-490b-8214-03725ac5201c",
                "644ff199-4fb5-4c59-a146-ef115b5cfea6",
                "1c4f47fa-1671-4560-8b63-4e9262e1586a"
            ]
        },
        "fdfddda7-4304-4313-9c46-9ef9a9b3f117": {
            "name": "Next Piece",
            "notes": [],
            "elements": [
                "5ca5a40f-eb23-4add-bef5-c4f8720b3dff",
                "1a3ac02f-6f4b-4e43-a97c-cfcf1b219d71",
                "85c1252a-b4ef-4bb0-ba65-862ad2944c70",
                "e6083182-c12e-402f-b2be-0f8dfd4e7ba6",
                "0cd0796c-a2c5-48e5-88ce-df2bb4181334",
                "614797b3-fd38-402d-8b1f-e9947dd77a1d",
                "c8f1d793-22ac-406b-b3fe-5bbccf79fcd0",
                "ded5ca69-8392-4a47-93bd-83d147ad2c6e",
                "f839e63d-b8f3-4dba-84c7-00303f94f87a"
            ],
            "connections": [
                "57953498-fa8b-4971-ba3b-7aa538bbbbc6",
                "63111231-67ab-4dac-a617-43ac026dcb9d",
                "07f6ef69-58a0-4d6a-953d-bc499c18dc93",
                "f9fe8c84-7fbe-45cc-9054-feb498078ef2",
                "b295d489-8f99-43f3-977f-49a2fb901726",
                "52dddb20-b8b7-4cac-91e9-fc467abec051",
                "af93abb6-f746-4f4c-85c3-a2d7825114dd",
                "5a9ebaab-23a0-44eb-b36b-a27003b351f4",
                "1f537b99-f8de-4691-a284-a10f07a5a26f",
                "8f51aa48-fe11-49ec-adff-41e5238c0928",
                "815e2bad-25f1-44c4-ad20-0740e3b39492",
                "97e0831b-9410-4a40-ab2f-52e8d3e9889e",
                "96e56d2e-b8a4-4433-8b22-437348d5f510",
                "e4cf6920-a08f-43b2-a1ae-0adcafa12601",
                "b6cc0fcc-ee36-4039-9bf2-b656fca304f1",
                "3130623d-f045-443a-bb5a-8ebb960e56a5",
                "b3e3e003-b3bb-4436-a3ac-7b4dee075f6d",
                "1f4bd432-cfa6-4324-8a44-42d7d26ea2e6"
            ],
            "branches": [
                "8a9e8440-67b3-4aaa-b45e-d1908438c835",
                "f4f96b8c-dbd4-497c-93f7-9b84eade7e7d"
            ],
            "jumpers": [
                "dcb8267e-fb59-429c-af58-0b183499ddb9"
            ]
        },
        "34862b20-da19-42c3-aa2e-b9b5f59b2069": {
            "connections": [
                "dee4ba38-eeef-46c0-99ee-85ebcde5994d",
                "058d0f41-0ca7-49f1-a034-481584c8c84f",
                "d461f8f7-5dba-4ff5-8d8d-e67da3a4ee27",
                "59681c12-9d03-4f0f-99ae-40464e0c35c3",
                "400d0a32-e4d3-4ea7-896e-93fc829c7599",
                "ad978803-8f89-46e5-8d21-d62fb6f8c669",
                "0b1b64a4-9f47-4b2d-8ed7-cf793222c40a",
                "80916d53-2b43-4e95-aaa8-cc69e7944984",
                "5835e1be-ca3b-4ad8-942a-357f5bdd5394",
                "3e16810c-8b36-442f-a316-b90a7c3c206e",
                "3e19d4f7-615a-4444-ad2a-16db2391a65f",
                "f57778f6-a1ae-41c3-8d1b-23caa852e9a7",
                "080bef28-3e3c-4010-a756-2a8e945d416d",
                "031d8003-f5f7-4834-a5f8-238a60567394",
                "30bf7991-b672-44ea-9506-5e41dbbc9f56"
            ],
            "notes": [],
            "name": "Current Piece",
            "elements": [
                "6bec4e75-461e-46ed-94f9-27fd9eacd7ee",
                "634ff327-f982-4d57-ba3d-facf5aaa2719",
                "5be4b24a-08a1-492f-9f9a-f25df8592431",
                "2d28f2fe-0fcb-4c30-85f1-1b834aef6c18",
                "e91a41d1-e71a-4530-85d8-1714ff8ab327",
                "502e2409-0b4c-4194-8aa7-9f1f489e2cc1",
                "64ea217d-1446-488a-994f-3116980b8071",
                "1a6e5368-604c-4c5d-baa7-a08a4bb7b79e"
            ],
            "branches": [
                "d4905174-8a03-4b5e-b66f-4072a5250f93"
            ],
            "jumpers": [
                "8e77b152-39f4-45b5-a3c1-71880c1b0495"
            ]
        },
        "96085205-428e-4cca-b047-44eefcec4252": {
            "name": "Board Fill Level",
            "notes": [],
            "elements": [
                "cb39c7cd-0977-40d7-8f88-c0acbf54bc0c",
                "1f30989b-7b16-4ddb-ae0f-a0185e32b826",
                "967dab8e-9a92-40d3-b316-37db483959c7",
                "c0c6c619-8fd3-44b9-812d-b61402e73e4d",
                "14d8a49c-704b-49f6-83d0-c4bee74c5e67",
                "891917e5-198f-435a-914a-f8f229b8ee12",
                "895ed327-2ef0-4d7e-9b3c-ec6b39e16187",
                "5869611b-6a20-4a26-a6cd-935909d39438",
                "434d03ab-9d3d-441f-8767-fa63d810891d",
                "6d440d4b-6881-4fe3-8adf-a114bb2fc26e",
                "ef2737d6-a68f-4502-93fe-5bf86d3cbe7c",
                "88070434-6df1-4c7d-95f6-94ad6ef6a4c7",
                "607169ed-ad87-4bf4-8b83-fb48cc1cdcb2"
            ],
            "connections": [
                "665466f1-0929-41ff-9df7-72ff52276876",
                "411e9b47-2e7a-4bed-ab1b-6fd390bf8510",
                "5db23755-2660-4e16-8dd3-4b31029bd2ef",
                "c431b8bb-7dd3-4011-bf0b-03b0d01f920c",
                "da875fdd-c05e-429a-a18a-6bfb645bedf1",
                "1f966400-2b69-4edb-98a2-abd3a6169aa3",
                "7dcedc03-78cf-4cd6-9e41-25beab40b77a",
                "ef5c0bff-5edc-4dbe-85b3-2cef60a74561",
                "27d75115-833c-4287-9fb2-a3ca17ce58b8",
                "0f4f74eb-9638-49d5-ad39-507241f63bc9",
                "1aaafcfa-610a-4da9-b850-54a8895fcf32",
                "168f3013-a220-48fd-bd7f-44db82dc54f1",
                "4abdec0b-03ae-4931-9812-407759df62d8",
                "c969fb5b-287c-48f4-8b03-97c44d6b4e7b",
                "49ce9d45-5e91-4fde-9cb1-344c681e405b",
                "8913db6f-3578-4208-9029-aa73417e8ad5",
                "1914deff-57f9-42b1-a9e1-c66e5af5bdc4",
                "93137dbf-7159-4e1b-a6c0-295d8d8171bf",
                "66501b05-1547-4842-b693-6b058343f848",
                "9eef8fea-cdeb-4615-90c4-4acb1688a357",
                "0a894029-0692-43b5-89eb-5f25650768ec",
                "ca03cc8c-7760-4b68-b63d-f01ecce37aa7",
                "bb9abe59-682d-468c-9dad-c865647c44a4",
                "2c0af6c6-3e67-47f3-8572-c630c46d7835",
                "e95777f4-b940-4026-b7f8-eda2ea6788d0",
                "492b3748-b13b-4c65-abd4-e1429f4727e9",
                "bdf02739-1b34-4a54-b2d4-70c7253a4204",
                "7a43a32f-a2e7-4ccc-b73e-600052546b0d",
                "cc87e35e-2940-422d-aaea-ec9ee77ec93a",
                "a608a3a1-3c63-47d2-8bd0-a0ee3366da34",
                "6f41ba7a-9510-4d45-a869-7426a9d5bc48",
                "7ccd86c9-eee2-45ff-b149-0d0dc6e86e55",
                "56366527-e5bb-414e-adfc-0f1451003681",
                "e85dd46c-7d68-4b29-a419-d8e27abeedb1",
                "c9ffe008-cb5c-46bd-9fbb-451e873b0c7e",
                "3ce1aedd-cd09-4cef-a092-dee8f02484c1",
                "8c1e821a-7d96-477c-91dd-2e5e5927992c"
            ],
            "branches": [
                "e4cf3686-556e-4963-922d-83997968801a",
                "3a67922a-efba-476a-bb0e-29fec2536b84",
                "1227b1ee-b3f1-4708-b323-ddb9070c89a3"
            ],
            "jumpers": [
                "c89b189b-3490-4e44-beb6-4d308fc3e3f1"
            ]
        },
        "f122d01a-46a3-41d9-9428-cb74f75b3f45": {
            "name": "Topped Out",
            "notes": [],
            "elements": [
                "7196b2c6-5ae4-4e31-afe0-d38a237ad288",
                "37159772-3f9f-4b93-986c-5186c185c65c"
            ],
            "connections": [
                "bbd2e9b7-4d9c-4863-ad70-1fabf854b31d"
            ],
            "branches": [],
            "jumpers": []
        }
    },
    "notes": {},
    "elements": {
        "ac66778a-eafb-4688-8e21-f464f2f0dfe3": {
            "autoHeight": true,
            "title": "<p>Update Score<\/p>",
            "theme": "default",
            "components": [],
            "content": "",
            "outputs": [
                "cdd555e1-0eb7-4339-ad9a-be857ab1185a",
                "08329691-f92c-4520-89e4-4f06985e6227"
            ]
        },
        "6603ab80-f72b-4fb8-9fd5-d2bc8bef0429": {
            "autoHeight": true,
            "title": "<p>Level 1<\/p>",
            "theme": "default",
            "components": [],
            "content": "<pre><code>current_level = 1<\/code><\/pre>",
            "outputs": [
                "bacd822e-22fb-4634-8fd2-4001a2d8c1ba"
            ]
        },
        "877abbc4-9f4b-4aad-9ed5-6fb49b5d556c": {
            "autoHeight": true,
            "title": "<p>Level 2<\/p>",
            "theme": "default",
            "components": [],
            "content": "<pre><code>current_level = 2<\/code><\/pre>",
            "outputs": [
                "3ef7a23a-1556-425e-b595-9a8550eb4e1c"
            ]
        },
        "f09a37db-7ae5-4f62-a0f0-8386b7894951": {
            "autoHeight": true,
            "title": "<p>Level 3<\/p>",
            "theme": "default",
            "components": [],
            "content": "<pre><code>current_level = 2<\/code><\/pre>",
            "outputs": [
                "7471bcbd-6b81-44d8-ad68-b1319562fb84"
            ]
        },
        "121f4960-b114-47de-8c10-81317f6d284b": {
            "autoHeight": true,
            "title": "<p>Level 4<\/p>",
            "theme": "default",
            "components": [],
            "content": "<pre><code>current_level = 2<\/code><\/pre>",
            "outputs": [
                "bf2576b2-a752-458b-a211-9797e696ec6f"
            ]
        },
        "63b38d52-e202-46de-9788-aecfe783cefd": {
            "autoHeight": true,
            "title": "<p>Level 5<\/p>",
            "theme": "default",
            "components": [],
            "content": "<pre><code>current_level = 2<\/code><\/pre>",
            "outputs": [
                "5d7d0762-fb00-4eae-8a82-a752a5d977bd"
            ]
        },
        "483f5dae-8374-4ab2-91cc-fe5862a19f57": {
            "autoHeight": true,
            "title": "<p>Level 6<\/p>",
            "theme": "default",
            "components": [],
            "content": "<pre><code>current_level = 2<\/code><\/pre>",
            "outputs": [
                "ebe28dcd-2977-449e-9a11-e47e38f505d4"
            ]
        },
        "c5b0fbcb-947c-4b74-bd1c-718f6544163f": {
            "autoHeight": true,
            "title": "<p>Level 7<\/p>",
            "theme": "default",
            "components": [],
            "content": "<pre><code>current_level = 2<\/code><\/pre>",
            "outputs": [
                "ad47ff35-12b5-4c43-a7ac-3882bc9404f3"
            ]
        },
        "4adbf741-ab50-4ff5-bb7f-e10721917ca9": {
            "autoHeight": true,
            "title": "<p>Level 8<\/p>",
            "theme": "default",
            "components": [],
            "content": "<pre><code>current_level = 2<\/code><\/pre>",
            "outputs": [
                "c61de27e-628a-4454-afec-d4325e453b9d"
            ]
        },
        "cd5c5c07-a6a0-4ca1-a2a0-bf700c78e7f9": {
            "autoHeight": true,
            "title": "<p>Level 9<\/p>",
            "theme": "default",
            "components": [],
            "content": "<pre><code>current_level = 2<\/code><\/pre>",
            "outputs": [
                "490f9453-1a6e-445c-a696-8e56b8252c1c"
            ]
        },
        "de215539-8297-4aea-8f07-c6ab6297d061": {
            "autoHeight": true,
            "title": "<p>Level 10<\/p>",
            "theme": "default",
            "components": [],
            "content": "<pre><code>current_level = 2<\/code><\/pre>",
            "outputs": [
                "c851814c-782a-4699-803e-878f800ff886"
            ]
        },
        "5ca5a40f-eb23-4add-bef5-c4f8720b3dff": {
            "autoHeight": true,
            "title": "<p>Next Piece: 1<\/p>",
            "theme": "default",
            "components": [],
            "content": "<pre><code>current_piece = 1<\/code><\/pre>",
            "outputs": [
                "1f4bd432-cfa6-4324-8a44-42d7d26ea2e6"
            ]
        },
        "6bec4e75-461e-46ed-94f9-27fd9eacd7ee": {
            "outputs": [
                "5835e1be-ca3b-4ad8-942a-357f5bdd5394"
            ],
            "title": "<p>Current Piece: 1<\/p>",
            "content": "<pre><code>current_piece = 1<\/code><\/pre>",
            "components": [],
            "theme": "default",
            "autoHeight": true
        },
        "634ff327-f982-4d57-ba3d-facf5aaa2719": {
            "autoHeight": true,
            "title": "<p>Current Piece: 2<\/p>",
            "theme": "default",
            "components": [],
            "content": "<pre><code>current_piece = 2<\/code><\/pre>",
            "outputs": [
                "3e16810c-8b36-442f-a316-b90a7c3c206e"
            ]
        },
        "5be4b24a-08a1-492f-9f9a-f25df8592431": {
            "autoHeight": false,
            "title": "<p>Current Piece: 3<\/p>",
            "theme": "default",
            "components": [],
            "content": "<pre><code>current_piece = 3<\/code><\/pre>",
            "outputs": [
                "3e19d4f7-615a-4444-ad2a-16db2391a65f"
            ]
        },
        "2d28f2fe-0fcb-4c30-85f1-1b834aef6c18": {
            "autoHeight": true,
            "title": "<p>Current Piece: 4<\/p>",
            "theme": "default",
            "components": [],
            "content": "<pre><code>current_piece = 4<\/code><\/pre>",
            "outputs": [
                "f57778f6-a1ae-41c3-8d1b-23caa852e9a7"
            ]
        },
        "e91a41d1-e71a-4530-85d8-1714ff8ab327": {
            "autoHeight": true,
            "title": "<p>Current Piece: 5<\/p>",
            "theme": "default",
            "components": [],
            "content": "<pre><code>current_piece = 5<\/code><\/pre>",
            "outputs": [
                "080bef28-3e3c-4010-a756-2a8e945d416d"
            ]
        },
        "502e2409-0b4c-4194-8aa7-9f1f489e2cc1": {
            "autoHeight": true,
            "title": "<p>Current Piece: 6<\/p>",
            "theme": "default",
            "components": [],
            "content": "<pre><code>current_piece = 6<\/code><\/pre>",
            "outputs": [
                "031d8003-f5f7-4834-a5f8-238a60567394"
            ]
        },
        "64ea217d-1446-488a-994f-3116980b8071": {
            "autoHeight": true,
            "title": "<p>Current Piece: 7<\/p>",
            "theme": "default",
            "components": [],
            "content": "<pre><code>current_piece = 7<\/code><\/pre>",
            "outputs": [
                "30bf7991-b672-44ea-9506-5e41dbbc9f56"
            ]
        },
        "1a3ac02f-6f4b-4e43-a97c-cfcf1b219d71": {
            "autoHeight": true,
            "title": "<p>Next Piece: 2<\/p>",
            "theme": "default",
            "components": [],
            "content": "<pre><code>next_piece = 2<\/code><\/pre>",
            "outputs": [
                "b3e3e003-b3bb-4436-a3ac-7b4dee075f6d"
            ]
        },
        "85c1252a-b4ef-4bb0-ba65-862ad2944c70": {
            "autoHeight": true,
            "title": "<p>Next Piece: 3<\/p>",
            "theme": "default",
            "components": [],
            "content": "<pre><code>current_piece = 1<\/code><\/pre>",
            "outputs": [
                "3130623d-f045-443a-bb5a-8ebb960e56a5"
            ]
        },
        "e6083182-c12e-402f-b2be-0f8dfd4e7ba6": {
            "autoHeight": true,
            "title": "<p>Next Piece: 4<\/p>",
            "theme": "default",
            "components": [],
            "content": "<pre><code>current_piece = 1<\/code><\/pre>",
            "outputs": [
                "b6cc0fcc-ee36-4039-9bf2-b656fca304f1"
            ]
        },
        "0cd0796c-a2c5-48e5-88ce-df2bb4181334": {
            "autoHeight": true,
            "title": "<p>Next Piece: 5<\/p>",
            "theme": "default",
            "components": [],
            "content": "<pre><code>current_piece = 1<\/code><\/pre>",
            "outputs": [
                "e4cf6920-a08f-43b2-a1ae-0adcafa12601"
            ]
        },
        "614797b3-fd38-402d-8b1f-e9947dd77a1d": {
            "autoHeight": true,
            "title": "<p>Next Piece: 6<\/p>",
            "theme": "default",
            "components": [],
            "content": "<pre><code>current_piece = 1<\/code><\/pre>",
            "outputs": [
                "96e56d2e-b8a4-4433-8b22-437348d5f510"
            ]
        },
        "c8f1d793-22ac-406b-b3fe-5bbccf79fcd0": {
            "autoHeight": true,
            "title": "<p>Next Piece: 7<\/p>",
            "theme": "default",
            "components": [],
            "content": "<pre><code>current_piece = 1<\/code><\/pre>",
            "outputs": [
                "97e0831b-9410-4a40-ab2f-52e8d3e9889e"
            ]
        },
        "ded5ca69-8392-4a47-93bd-83d147ad2c6e": {
            "autoHeight": true,
            "title": "<p>Roll next piece<\/p>",
            "theme": "default",
            "components": [],
            "content": "<pre><code>rolled_value = roll(7)<\/code><\/pre>",
            "outputs": [
                "57953498-fa8b-4971-ba3b-7aa538bbbbc6"
            ]
        },
        "cb39c7cd-0977-40d7-8f88-c0acbf54bc0c": {
            "autoHeight": true,
            "title": "<p>Board Fill Level 0-9%<\/p>",
            "theme": "default",
            "components": [],
            "content": "<pre><code>fill_state = 5<\/code><\/pre>",
            "outputs": [
                "7a43a32f-a2e7-4ccc-b73e-600052546b0d"
            ]
        },
        "1f30989b-7b16-4ddb-ae0f-a0185e32b826": {
            "autoHeight": true,
            "title": "<p>Board Fill Level 10-19%<\/p>",
            "theme": "default",
            "components": [],
            "content": "<pre><code>fill_state = 15<\/code><\/pre>",
            "outputs": [
                "cc87e35e-2940-422d-aaea-ec9ee77ec93a"
            ]
        },
        "967dab8e-9a92-40d3-b316-37db483959c7": {
            "autoHeight": true,
            "title": "<p>Board Fill Level 20-29%<\/p>",
            "theme": "default",
            "components": [],
            "content": "<pre><code>fill_state = 25<\/code><\/pre>",
            "outputs": [
                "a608a3a1-3c63-47d2-8bd0-a0ee3366da34"
            ]
        },
        "c0c6c619-8fd3-44b9-812d-b61402e73e4d": {
            "autoHeight": true,
            "title": "<p>Board Fill Level 30-39%<\/p>",
            "theme": "default",
            "components": [],
            "content": "<pre><code>fill_state = 35<\/code><\/pre>",
            "outputs": [
                "6f41ba7a-9510-4d45-a869-7426a9d5bc48"
            ]
        },
        "14d8a49c-704b-49f6-83d0-c4bee74c5e67": {
            "autoHeight": true,
            "title": "<p>Board Fill Level 40-49%<\/p>",
            "theme": "default",
            "components": [],
            "content": "<pre><code>fill_state = 45<\/code><\/pre>",
            "outputs": [
                "7ccd86c9-eee2-45ff-b149-0d0dc6e86e55"
            ]
        },
        "891917e5-198f-435a-914a-f8f229b8ee12": {
            "autoHeight": true,
            "title": "<p>Board Fill Level 50-59%<\/p>",
            "theme": "default",
            "components": [],
            "content": "<pre><code>fill_state = 55<\/code><\/pre>",
            "outputs": [
                "56366527-e5bb-414e-adfc-0f1451003681"
            ]
        },
        "895ed327-2ef0-4d7e-9b3c-ec6b39e16187": {
            "autoHeight": false,
            "title": "<p>Board Fill Level 60-69%<\/p>",
            "theme": "default",
            "components": [],
            "content": "<pre><code>fill_state = 65<\/code><\/pre>",
            "outputs": [
                "e85dd46c-7d68-4b29-a419-d8e27abeedb1"
            ]
        },
        "5869611b-6a20-4a26-a6cd-935909d39438": {
            "autoHeight": true,
            "title": "<p>Board Fill Level 70-79%<\/p>",
            "theme": "default",
            "components": [],
            "content": "<pre><code>fill_state = 75<\/code><\/pre>",
            "outputs": [
                "c9ffe008-cb5c-46bd-9fbb-451e873b0c7e"
            ]
        },
        "434d03ab-9d3d-441f-8767-fa63d810891d": {
            "autoHeight": true,
            "title": "<p>Board Fill Level 80-89%<\/p>",
            "theme": "default",
            "components": [],
            "content": "<pre><code>fill_state = 85<\/code><\/pre>",
            "outputs": [
                "3ce1aedd-cd09-4cef-a092-dee8f02484c1"
            ]
        },
        "6d440d4b-6881-4fe3-8adf-a114bb2fc26e": {
            "autoHeight": true,
            "title": "<p>Board Fill Level 90-100%<\/p>",
            "theme": "default",
            "components": [],
            "content": "<pre><code>fill_state = 95<\/code><\/pre>",
            "outputs": [
                "8c1e821a-7d96-477c-91dd-2e5e5927992c"
            ]
        },
        "2e619910-8650-4d75-98c8-f367f77ab121": {
            "autoHeight": true,
            "title": "<p>Place Tetronomino<\/p>",
            "theme": "default",
            "components": [],
            "content": "",
            "outputs": [
                "b7c31ade-fde2-4681-8c6d-42483ee806a3",
                "8e6140a4-4d20-42d7-bb02-302dbd5cf6f3",
                "587056eb-f7f6-428f-b20f-d648a12c7d29"
            ]
        },
        "dc924a1e-b8b1-4532-b4b8-8c79849f0329": {
            "autoHeight": true,
            "title": "<p>Top Out<\/p>",
            "theme": "default",
            "components": [],
            "content": "<p><\/p>",
            "outputs": [
                "50dc2417-c21c-4631-94f7-f6ee2365ae99"
            ]
        },
        "2700d498-4eb0-45fd-bccd-6027346faf7c": {
            "autoHeight": true,
            "title": "<p>No Row Finished<\/p>",
            "theme": "default",
            "components": [],
            "content": "",
            "outputs": [
                "fc6bf2dd-2433-40e2-8fda-06c49a52750a",
                "b7916c84-10f0-4fb3-9fb6-fe01d2199713"
            ]
        },
        "9c68582c-2962-4a5e-b4f9-b0814d2eca59": {
            "autoHeight": true,
            "title": "<p>Finish Row<\/p>",
            "theme": "default",
            "components": [],
            "content": "",
            "outputs": [
                "ccf25c4c-dafd-4a83-8c5d-8ecb7b44e9b2",
                "874127b9-313e-46e3-804d-a3be7fb5ed33",
                "0b34022d-efa0-489a-8f53-971df6a0a589"
            ]
        },
        "f616f9db-fa61-4c57-92b6-b26038a26780": {
            "autoHeight": true,
            "title": "<p>No Fill Level Increase<\/p>",
            "theme": "default",
            "components": [],
            "content": "",
            "outputs": [
                "50cc59e3-5742-46cc-91fd-02b0d08e55b2"
            ]
        },
        "35a1118b-86b4-4685-9572-c0554af3ca05": {
            "autoHeight": true,
            "title": "<p>Increase Fill Level<\/p>",
            "theme": "default",
            "components": [],
            "content": "",
            "outputs": [
                "79d21023-7b83-446f-ba1d-ad44e72ecc83"
            ]
        },
        "46c29dc7-9b27-48e1-adf2-825b24a3af7a": {
            "autoHeight": true,
            "title": "<p>No Fill Level Decrease<\/p>",
            "theme": "default",
            "components": [],
            "content": "",
            "outputs": [
                "2b2a0924-cbf6-44d7-a4eb-2c4ae4359280"
            ]
        },
        "89a7312e-13ac-41e5-8941-1353361f0534": {
            "autoHeight": true,
            "title": "<p>One Fill Level Decrease<\/p>",
            "theme": "default",
            "components": [],
            "content": "",
            "outputs": [
                "eb484cbf-3f60-437b-b95f-4d49775b2dbf"
            ]
        },
        "22f1c047-b316-429a-9332-b6495db33eeb": {
            "autoHeight": true,
            "title": "<p>Two Fill Level Decrease<\/p>",
            "theme": "default",
            "components": [],
            "content": "",
            "outputs": [
                "a883476a-dde9-47d0-8502-7ef11e6e0a00"
            ]
        },
        "7196b2c6-5ae4-4e31-afe0-d38a237ad288": {
            "autoHeight": true,
            "title": "<p>Not Topped Out<\/p>",
            "theme": "default",
            "components": [],
            "content": "<pre><code>topped_out = false<\/code><\/pre>",
            "outputs": [
                "bbd2e9b7-4d9c-4863-ad70-1fabf854b31d"
            ]
        },
        "37159772-3f9f-4b93-986c-5186c185c65c": {
            "autoHeight": true,
            "title": "<p>Topped Out<\/p>",
            "theme": "default",
            "components": [],
            "content": "<pre><code>topped_out = true<\/code><\/pre>",
            "outputs": []
        },
        "1a6e5368-604c-4c5d-baa7-a08a4bb7b79e": {
            "autoHeight": true,
            "title": "<p>Get next piece<\/p>",
            "theme": "default",
            "components": [],
            "content": "",
            "outputs": [
                "dee4ba38-eeef-46c0-99ee-85ebcde5994d"
            ]
        },
        "f839e63d-b8f3-4dba-84c7-00303f94f87a": {
            "autoHeight": true,
            "title": "<p>Determine next piece<\/p>",
            "theme": "default",
            "components": [],
            "content": "",
            "outputs": [
                "f9fe8c84-7fbe-45cc-9054-feb498078ef2"
            ]
        },
        "0a9772f5-ae75-49fd-9fdc-fd008daa4739": {
            "autoHeight": true,
            "title": "<p>Update current level<\/p>",
            "theme": "default",
            "components": [],
            "content": "",
            "outputs": [
                "fa2d44c4-ea1a-4e56-9acd-c23e4961effc"
            ]
        },
        "ef2737d6-a68f-4502-93fe-5bf86d3cbe7c": {
            "autoHeight": true,
            "title": "<p>Increase Fill Level by 1<\/p>",
            "theme": "default",
            "components": [],
            "content": "",
            "outputs": [
                "665466f1-0929-41ff-9df7-72ff52276876"
            ]
        },
        "88070434-6df1-4c7d-95f6-94ad6ef6a4c7": {
            "autoHeight": true,
            "title": "<p>Decrease Fill Level by 1<\/p>",
            "theme": "default",
            "components": [],
            "content": "",
            "outputs": [
                "0f4f74eb-9638-49d5-ad39-507241f63bc9"
            ]
        },
        "607169ed-ad87-4bf4-8b83-fb48cc1cdcb2": {
            "autoHeight": true,
            "title": "<p>Decrease Fill Level by 2<\/p>",
            "theme": "default",
            "components": [],
            "content": "",
            "outputs": [
                "1aaafcfa-610a-4da9-b850-54a8895fcf32"
            ]
        },
        "cbc87026-9854-47e6-9bdf-437b788a7b07": {
            "autoHeight": true,
            "title": "<p>Update falling and next piece<\/p>",
            "theme": "default",
            "components": [],
            "content": "",
            "outputs": [
                "fa97fdc7-a7ba-44d3-96b4-f3b20f4f4f4b"
            ]
        }
    },
    "jumpers": {
        "dcb8267e-fb59-429c-af58-0b183499ddb9": {
            "elementId": "2e619910-8650-4d75-98c8-f367f77ab121",
            "height": 86,
            "width": 185
        },
        "a872b50a-2f04-4b69-b75a-8cc3ade2f41b": {
            "elementId": "1a6e5368-604c-4c5d-baa7-a08a4bb7b79e",
            "height": 86,
            "width": 185
        },
        "c89b189b-3490-4e44-beb6-4d308fc3e3f1": {
            "elementId": "ac66778a-eafb-4688-8e21-f464f2f0dfe3",
            "height": 86,
            "width": 185
        },
        "200942c5-1b23-4111-a00f-d80595b2dd66": {
            "elementId": "ef2737d6-a68f-4502-93fe-5bf86d3cbe7c",
            "height": 86,
            "width": 185
        },
        "f510872b-0d32-48f6-baad-a97c7098c396": {
            "elementId": "88070434-6df1-4c7d-95f6-94ad6ef6a4c7",
            "height": 86,
            "width": 185
        },
        "755e8f26-253a-490b-8214-03725ac5201c": {
            "elementId": "607169ed-ad87-4bf4-8b83-fb48cc1cdcb2",
            "height": 86,
            "width": 185
        },
        "8e77b152-39f4-45b5-a3c1-71880c1b0495": {
            "elementId": "f839e63d-b8f3-4dba-84c7-00303f94f87a",
            "height": 86,
            "width": 185
        },
        "1c4f47fa-1671-4560-8b63-4e9262e1586a": {
            "elementId": "1a6e5368-604c-4c5d-baa7-a08a4bb7b79e",
            "height": 86,
            "width": 185
        },
        "644ff199-4fb5-4c59-a146-ef115b5cfea6": {
            "elementId": "0a9772f5-ae75-49fd-9fdc-fd008daa4739",
            "height": 86,
            "width": 185
        },
        "7f54655e-4360-498b-be3f-00dfeda195b6": {
            "elementId": "37159772-3f9f-4b93-986c-5186c185c65c",
            "height": 86,
            "width": 185
        }
    },
    "connections": {
        "fa2d44c4-ea1a-4e56-9acd-c23e4961effc": {
            "targetType": "branches",
            "type": "Bezier",
            "targetid": "a6807da8-0dc1-4857-8d11-dde2f4d68690",
            "label": null,
            "sourceid": "0a9772f5-ae75-49fd-9fdc-fd008daa4739",
            "theme": "default",
            "sourceType": "elements"
        },
        "1f4bd432-cfa6-4324-8a44-42d7d26ea2e6": {
            "targetType": "jumpers",
            "type": "Bezier",
            "targetid": "dcb8267e-fb59-429c-af58-0b183499ddb9",
            "label": null,
            "sourceid": "5ca5a40f-eb23-4add-bef5-c4f8720b3dff",
            "theme": "default",
            "sourceType": "elements"
        },
        "b3e3e003-b3bb-4436-a3ac-7b4dee075f6d": {
            "targetType": "jumpers",
            "type": "Bezier",
            "targetid": "dcb8267e-fb59-429c-af58-0b183499ddb9",
            "label": null,
            "sourceid": "1a3ac02f-6f4b-4e43-a97c-cfcf1b219d71",
            "theme": "default",
            "sourceType": "elements"
        },
        "3130623d-f045-443a-bb5a-8ebb960e56a5": {
            "targetType": "jumpers",
            "type": "Bezier",
            "targetid": "dcb8267e-fb59-429c-af58-0b183499ddb9",
            "label": null,
            "sourceid": "85c1252a-b4ef-4bb0-ba65-862ad2944c70",
            "theme": "default",
            "sourceType": "elements"
        },
        "b6cc0fcc-ee36-4039-9bf2-b656fca304f1": {
            "targetType": "jumpers",
            "type": "Bezier",
            "targetid": "dcb8267e-fb59-429c-af58-0b183499ddb9",
            "label": null,
            "sourceid": "e6083182-c12e-402f-b2be-0f8dfd4e7ba6",
            "theme": "default",
            "sourceType": "elements"
        },
        "e4cf6920-a08f-43b2-a1ae-0adcafa12601": {
            "targetType": "jumpers",
            "type": "Bezier",
            "targetid": "dcb8267e-fb59-429c-af58-0b183499ddb9",
            "label": null,
            "sourceid": "0cd0796c-a2c5-48e5-88ce-df2bb4181334",
            "theme": "default",
            "sourceType": "elements"
        },
        "96e56d2e-b8a4-4433-8b22-437348d5f510": {
            "targetType": "jumpers",
            "type": "Bezier",
            "targetid": "dcb8267e-fb59-429c-af58-0b183499ddb9",
            "label": null,
            "sourceid": "614797b3-fd38-402d-8b1f-e9947dd77a1d",
            "theme": "default",
            "sourceType": "elements"
        },
        "97e0831b-9410-4a40-ab2f-52e8d3e9889e": {
            "targetType": "jumpers",
            "type": "Bezier",
            "targetid": "dcb8267e-fb59-429c-af58-0b183499ddb9",
            "label": null,
            "sourceid": "c8f1d793-22ac-406b-b3fe-5bbccf79fcd0",
            "theme": "default",
            "sourceType": "elements"
        },
        "815e2bad-25f1-44c4-ad20-0740e3b39492": {
            "targetType": "elements",
            "type": "Bezier",
            "targetid": "c8f1d793-22ac-406b-b3fe-5bbccf79fcd0",
            "label": null,
            "sourceid": "68716b91-1f40-4df3-9fb4-4508386f2f1b",
            "theme": "default",
            "sourceType": "conditions"
        },
        "fc6bf2dd-2433-40e2-8fda-06c49a52750a": {
            "targetType": "elements",
            "type": "Bezier",
            "targetid": "35a1118b-86b4-4685-9572-c0554af3ca05",
            "label": "<p>Fill level increases<\/p>",
            "sourceid": "2700d498-4eb0-45fd-bccd-6027346faf7c",
            "theme": "default",
            "sourceType": "elements"
        },
        "e85dd46c-7d68-4b29-a419-d8e27abeedb1": {
            "targetType": "jumpers",
            "type": "Bezier",
            "targetid": "c89b189b-3490-4e44-beb6-4d308fc3e3f1",
            "label": null,
            "sourceid": "895ed327-2ef0-4d7e-9b3c-ec6b39e16187",
            "theme": "default",
            "sourceType": "elements"
        },
        "8c1e821a-7d96-477c-91dd-2e5e5927992c": {
            "targetType": "jumpers",
            "type": "Bezier",
            "targetid": "c89b189b-3490-4e44-beb6-4d308fc3e3f1",
            "label": null,
            "sourceid": "6d440d4b-6881-4fe3-8adf-a114bb2fc26e",
            "theme": "default",
            "sourceType": "elements"
        },
        "c9ffe008-cb5c-46bd-9fbb-451e873b0c7e": {
            "targetType": "jumpers",
            "type": "Bezier",
            "targetid": "c89b189b-3490-4e44-beb6-4d308fc3e3f1",
            "label": null,
            "sourceid": "5869611b-6a20-4a26-a6cd-935909d39438",
            "theme": "default",
            "sourceType": "elements"
        },
        "3ce1aedd-cd09-4cef-a092-dee8f02484c1": {
            "targetType": "jumpers",
            "type": "Bezier",
            "targetid": "c89b189b-3490-4e44-beb6-4d308fc3e3f1",
            "label": null,
            "sourceid": "434d03ab-9d3d-441f-8767-fa63d810891d",
            "theme": "default",
            "sourceType": "elements"
        },
        "79d21023-7b83-446f-ba1d-ad44e72ecc83": {
            "targetType": "jumpers",
            "type": "Bezier",
            "targetid": "200942c5-1b23-4111-a00f-d80595b2dd66",
            "label": null,
            "sourceid": "35a1118b-86b4-4685-9572-c0554af3ca05",
            "theme": "default",
            "sourceType": "elements"
        },
        "50dc2417-c21c-4631-94f7-f6ee2365ae99": {
            "targetType": "jumpers",
            "type": "Bezier",
            "targetid": "7f54655e-4360-498b-be3f-00dfeda195b6",
            "label": null,
            "sourceid": "dc924a1e-b8b1-4532-b4b8-8c79849f0329",
            "theme": "default",
            "sourceType": "elements"
        },
        "dee4ba38-eeef-46c0-99ee-85ebcde5994d": {
            "targetType": "branches",
            "type": "Bezier",
            "targetid": "d4905174-8a03-4b5e-b66f-4072a5250f93",
            "label": null,
            "sourceid": "1a6e5368-604c-4c5d-baa7-a08a4bb7b79e",
            "theme": "default",
            "sourceType": "elements"
        },
        "ad47ff35-12b5-4c43-a7ac-3882bc9404f3": {
            "targetType": "jumpers",
            "type": "Bezier",
            "targetid": "a872b50a-2f04-4b69-b75a-8cc3ade2f41b",
            "label": null,
            "sourceid": "c5b0fbcb-947c-4b74-bd1c-718f6544163f",
            "theme": "default",
            "sourceType": "elements"
        },
        "50cc59e3-5742-46cc-91fd-02b0d08e55b2": {
            "targetType": "elements",
            "type": "Bezier",
            "targetid": "ac66778a-eafb-4688-8e21-f464f2f0dfe3",
            "label": null,
            "sourceid": "f616f9db-fa61-4c57-92b6-b26038a26780",
            "theme": "default",
            "sourceType": "elements"
        },
        "fa97fdc7-a7ba-44d3-96b4-f3b20f4f4f4b": {
            "sourceType": "elements",
            "label": null,
            "sourceid": "cbc87026-9854-47e6-9bdf-437b788a7b07",
            "targetid": "1c4f47fa-1671-4560-8b63-4e9262e1586a",
            "targetFace": "left",
            "targetType": "jumpers",
            "theme": "default",
            "type": "Bezier"
        },
        "490f9453-1a6e-445c-a696-8e56b8252c1c": {
            "targetType": "jumpers",
            "type": "Bezier",
            "targetid": "a872b50a-2f04-4b69-b75a-8cc3ade2f41b",
            "label": null,
            "sourceid": "cd5c5c07-a6a0-4ca1-a2a0-bf700c78e7f9",
            "theme": "default",
            "sourceType": "elements"
        },
        "08329691-f92c-4520-89e4-4f06985e6227": {
            "targetType": "elements",
            "type": "Bezier",
            "targetid": "cbc87026-9854-47e6-9bdf-437b788a7b07",
            "label": "<p>Player does not reach new 1000 score<\/p>",
            "sourceid": "ac66778a-eafb-4688-8e21-f464f2f0dfe3",
            "theme": "default",
            "sourceType": "elements"
        },
        "c851814c-782a-4699-803e-878f800ff886": {
            "targetType": "jumpers",
            "type": "Bezier",
            "targetid": "a872b50a-2f04-4b69-b75a-8cc3ade2f41b",
            "label": null,
            "sourceid": "de215539-8297-4aea-8f07-c6ab6297d061",
            "theme": "default",
            "sourceType": "elements"
        },
        "c61de27e-628a-4454-afec-d4325e453b9d": {
            "targetType": "jumpers",
            "type": "Bezier",
            "targetid": "a872b50a-2f04-4b69-b75a-8cc3ade2f41b",
            "label": null,
            "sourceid": "4adbf741-ab50-4ff5-bb7f-e10721917ca9",
            "theme": "default",
            "sourceType": "elements"
        },
        "f9fe8c84-7fbe-45cc-9054-feb498078ef2": {
            "targetType": "elements",
            "type": "Bezier",
            "targetid": "ded5ca69-8392-4a47-93bd-83d147ad2c6e",
            "label": null,
            "sourceid": "f839e63d-b8f3-4dba-84c7-00303f94f87a",
            "theme": "default",
            "sourceType": "elements"
        },
        "57953498-fa8b-4971-ba3b-7aa538bbbbc6": {
            "sourceType": "elements",
            "label": null,
            "sourceid": "ded5ca69-8392-4a47-93bd-83d147ad2c6e",
            "targetid": "f4f96b8c-dbd4-497c-93f7-9b84eade7e7d",
            "targetFace": "left",
            "targetType": "branches",
            "theme": "default",
            "type": "Bezier"
        },
        "bbd2e9b7-4d9c-4863-ad70-1fabf854b31d": {
            "sourceType": "elements",
            "label": null,
            "sourceid": "7196b2c6-5ae4-4e31-afe0-d38a237ad288",
            "targetid": "37159772-3f9f-4b93-986c-5186c185c65c",
            "targetFace": "left",
            "targetType": "elements",
            "theme": "default",
            "type": "Bezier"
        },
        "b7916c84-10f0-4fb3-9fb6-fe01d2199713": {
            "sourceType": "elements",
            "label": "<p>Fill level does not increase<\/p>",
            "sourceid": "2700d498-4eb0-45fd-bccd-6027346faf7c",
            "targetid": "f616f9db-fa61-4c57-92b6-b26038a26780",
            "targetFace": "left",
            "targetType": "elements",
            "theme": "default",
            "type": "Bezier"
        },
        "ccf25c4c-dafd-4a83-8c5d-8ecb7b44e9b2": {
            "targetType": "elements",
            "type": "Bezier",
            "targetid": "46c29dc7-9b27-48e1-adf2-825b24a3af7a",
            "label": "<p>No Fill Level Decrease<\/p>",
            "sourceid": "9c68582c-2962-4a5e-b4f9-b0814d2eca59",
            "theme": "default",
            "sourceType": "elements"
        },
        "874127b9-313e-46e3-804d-a3be7fb5ed33": {
            "targetType": "elements",
            "type": "Bezier",
            "targetid": "89a7312e-13ac-41e5-8941-1353361f0534",
            "label": "<p>One Fill Level Decrease<\/p>",
            "sourceid": "9c68582c-2962-4a5e-b4f9-b0814d2eca59",
            "theme": "default",
            "sourceType": "elements"
        },
        "0b34022d-efa0-489a-8f53-971df6a0a589": {
            "targetType": "elements",
            "type": "Bezier",
            "targetid": "22f1c047-b316-429a-9332-b6495db33eeb",
            "label": "<p>Two Fill Level Decreases<\/p>",
            "sourceid": "9c68582c-2962-4a5e-b4f9-b0814d2eca59",
            "theme": "default",
            "sourceType": "elements"
        },
        "63111231-67ab-4dac-a617-43ac026dcb9d": {
            "targetType": "elements",
            "type": "Bezier",
            "targetid": "ded5ca69-8392-4a47-93bd-83d147ad2c6e",
            "label": null,
            "sourceid": "787d6d97-bf5f-4cf4-8eaa-94ec0affabb1",
            "theme": "default",
            "sourceType": "conditions"
        },
        "07f6ef69-58a0-4d6a-953d-bc499c18dc93": {
            "sourceType": "conditions",
            "label": null,
            "sourceid": "4ac2ad9b-27f1-45af-8ad2-2e986aa61bd8",
            "targetid": "8a9e8440-67b3-4aaa-b45e-d1908438c835",
            "targetFace": "left",
            "targetType": "branches",
            "theme": "default",
            "type": "Bezier"
        },
        "a5252e2c-ab96-4d6e-a5ac-722551f1e010": {
            "targetType": "elements",
            "type": "Bezier",
            "targetid": "cd5c5c07-a6a0-4ca1-a2a0-bf700c78e7f9",
            "label": null,
            "sourceid": "f05d2e5e-29f4-439a-922c-c1f3e4109bcc",
            "theme": "default",
            "sourceType": "conditions"
        },
        "bdfef028-d770-447c-8b1a-cda9daf31118": {
            "targetType": "elements",
            "type": "Bezier",
            "targetid": "de215539-8297-4aea-8f07-c6ab6297d061",
            "label": null,
            "sourceid": "59cefd94-6e9f-447b-9832-d9586ed669d1",
            "theme": "default",
            "sourceType": "conditions"
        },
        "bc9e3ce3-3710-4dbb-9c2c-11ade15cf605": {
            "targetType": "elements",
            "type": "Bezier",
            "targetid": "483f5dae-8374-4ab2-91cc-fe5862a19f57",
            "label": null,
            "sourceid": "67513361-8952-4010-81fc-691d618d068a",
            "theme": "default",
            "sourceType": "conditions"
        },
        "4f6bacc1-7772-4645-80a8-da69d3b916d8": {
            "targetType": "elements",
            "type": "Bezier",
            "targetid": "f09a37db-7ae5-4f62-a0f0-8386b7894951",
            "label": null,
            "sourceid": "d837e312-8991-4f4a-a739-ac901f28ff9f",
            "theme": "default",
            "sourceType": "conditions"
        },
        "b7c31ade-fde2-4681-8c6d-42483ee806a3": {
            "targetType": "elements",
            "type": "Bezier",
            "targetid": "dc924a1e-b8b1-4532-b4b8-8c79849f0329",
            "label": "<p>Player tops out<\/p>",
            "sourceid": "2e619910-8650-4d75-98c8-f367f77ab121",
            "theme": "default",
            "sourceType": "elements"
        },
        "8e6140a4-4d20-42d7-bb02-302dbd5cf6f3": {
            "targetType": "elements",
            "type": "Bezier",
            "targetid": "2700d498-4eb0-45fd-bccd-6027346faf7c",
            "label": "<p>Player finishes no row<\/p>",
            "sourceid": "2e619910-8650-4d75-98c8-f367f77ab121",
            "theme": "default",
            "sourceType": "elements"
        },
        "587056eb-f7f6-428f-b20f-d648a12c7d29": {
            "targetType": "elements",
            "type": "Bezier",
            "targetid": "9c68582c-2962-4a5e-b4f9-b0814d2eca59",
            "label": "<p>Player finishes a row<\/p>",
            "sourceid": "2e619910-8650-4d75-98c8-f367f77ab121",
            "theme": "default",
            "sourceType": "elements"
        },
        "1f537b99-f8de-4691-a284-a10f07a5a26f": {
            "targetType": "elements",
            "type": "Bezier",
            "targetid": "0cd0796c-a2c5-48e5-88ce-df2bb4181334",
            "label": null,
            "sourceid": "8624462b-6bd2-429a-bf7d-8c5373fd93e7",
            "theme": "default",
            "sourceType": "conditions"
        },
        "14829569-faa9-4f10-8775-fcac370a4cb7": {
            "targetType": "elements",
            "type": "Bezier",
            "targetid": "6603ab80-f72b-4fb8-9fd5-d2bc8bef0429",
            "label": null,
            "sourceid": "fa5da294-d2d3-4c6f-bfbb-0709757bf7f0",
            "theme": "default",
            "sourceType": "conditions"
        },
        "d393e3ef-acad-4787-b297-dae33a56b49c": {
            "targetType": "elements",
            "type": "Bezier",
            "targetid": "63b38d52-e202-46de-9788-aecfe783cefd",
            "label": null,
            "sourceid": "c664060e-d993-4aa7-babd-28afafc913fd",
            "theme": "default",
            "sourceType": "conditions"
        },
        "43e721da-43d8-42c7-92c7-3af2a8bb2de4": {
            "targetType": "elements",
            "type": "Bezier",
            "targetid": "c5b0fbcb-947c-4b74-bd1c-718f6544163f",
            "label": null,
            "sourceid": "4c58f075-b06b-41fd-a321-d3882845c4f0",
            "theme": "default",
            "sourceType": "conditions"
        },
        "52dddb20-b8b7-4cac-91e9-fc467abec051": {
            "targetType": "elements",
            "type": "Bezier",
            "targetid": "1a3ac02f-6f4b-4e43-a97c-cfcf1b219d71",
            "label": null,
            "sourceid": "aa153af3-1a9a-46a2-8ab4-ed2d7a61d8ef",
            "theme": "default",
            "sourceType": "conditions"
        },
        "b295d489-8f99-43f3-977f-49a2fb901726": {
            "sourceType": "conditions",
            "label": null,
            "sourceid": "1bc0ddcb-a313-4e0c-8039-a80311b46b17",
            "targetid": "5ca5a40f-eb23-4add-bef5-c4f8720b3dff",
            "targetFace": "left",
            "targetType": "elements",
            "theme": "default",
            "type": "Bezier"
        },
        "5a9ebaab-23a0-44eb-b36b-a27003b351f4": {
            "targetType": "elements",
            "type": "Bezier",
            "targetid": "e6083182-c12e-402f-b2be-0f8dfd4e7ba6",
            "label": null,
            "sourceid": "4bbd42e8-b9a7-4cd6-9372-72e8aaaab074",
            "theme": "default",
            "sourceType": "conditions"
        },
        "af93abb6-f746-4f4c-85c3-a2d7825114dd": {
            "targetType": "elements",
            "type": "Bezier",
            "targetid": "85c1252a-b4ef-4bb0-ba65-862ad2944c70",
            "label": null,
            "sourceid": "679afa2e-1fcd-43d0-9aa3-482f5a6c2096",
            "theme": "default",
            "sourceType": "conditions"
        },
        "391ff88d-2f57-4124-bcf7-3e3be321fc33": {
            "targetType": "elements",
            "type": "Bezier",
            "targetid": "4adbf741-ab50-4ff5-bb7f-e10721917ca9",
            "label": null,
            "sourceid": "fb260a6e-8726-4605-a5a1-9f3bbe287161",
            "theme": "default",
            "sourceType": "conditions"
        },
        "8f51aa48-fe11-49ec-adff-41e5238c0928": {
            "targetType": "elements",
            "type": "Bezier",
            "targetid": "614797b3-fd38-402d-8b1f-e9947dd77a1d",
            "label": null,
            "sourceid": "c39af69e-9739-4617-ad1a-595696356a60",
            "theme": "default",
            "sourceType": "conditions"
        },
        "b8f24baf-ab3d-48f6-bd05-c4fc93f3f3ea": {
            "targetType": "elements",
            "type": "Bezier",
            "targetid": "877abbc4-9f4b-4aad-9ed5-6fb49b5d556c",
            "label": null,
            "sourceid": "36ac396d-1f74-417c-a169-120507c35eb5",
            "theme": "default",
            "sourceType": "conditions"
        },
        "8a4d7f6e-9bdc-423c-9caf-13a65d91ef00": {
            "targetType": "elements",
            "type": "Bezier",
            "targetid": "121f4960-b114-47de-8c10-81317f6d284b",
            "label": null,
            "sourceid": "8d1f46de-e0e6-4695-998e-6984b6e1e826",
            "theme": "default",
            "sourceType": "conditions"
        },
        "665466f1-0929-41ff-9df7-72ff52276876": {
            "targetType": "branches",
            "type": "Bezier",
            "targetid": "e4cf3686-556e-4963-922d-83997968801a",
            "label": null,
            "sourceid": "ef2737d6-a68f-4502-93fe-5bf86d3cbe7c",
            "theme": "default",
            "sourceType": "elements"
        },
        "411e9b47-2e7a-4bed-ab1b-6fd390bf8510": {
            "targetType": "elements",
            "type": "Bezier",
            "targetid": "1f30989b-7b16-4ddb-ae0f-a0185e32b826",
            "label": null,
            "sourceid": "bafb5b79-acff-4e70-aaff-f9046d6dc1a0",
            "theme": "default",
            "sourceType": "conditions"
        },
        "5db23755-2660-4e16-8dd3-4b31029bd2ef": {
            "targetType": "elements",
            "type": "Bezier",
            "targetid": "967dab8e-9a92-40d3-b316-37db483959c7",
            "label": null,
            "sourceid": "db669d3a-f9cf-4b7b-9186-0d9b9cbc6081",
            "theme": "default",
            "sourceType": "conditions"
        },
        "c431b8bb-7dd3-4011-bf0b-03b0d01f920c": {
            "targetType": "elements",
            "type": "Bezier",
            "targetid": "c0c6c619-8fd3-44b9-812d-b61402e73e4d",
            "label": null,
            "sourceid": "17aa47ce-6129-49e4-acff-931207a0ebce",
            "theme": "default",
            "sourceType": "conditions"
        },
        "da875fdd-c05e-429a-a18a-6bfb645bedf1": {
            "targetType": "elements",
            "type": "Bezier",
            "targetid": "14d8a49c-704b-49f6-83d0-c4bee74c5e67",
            "label": null,
            "sourceid": "db7148c6-022b-45a8-ae13-9e3a216ba307",
            "theme": "default",
            "sourceType": "conditions"
        },
        "1f966400-2b69-4edb-98a2-abd3a6169aa3": {
            "targetType": "elements",
            "type": "Bezier",
            "targetid": "891917e5-198f-435a-914a-f8f229b8ee12",
            "label": null,
            "sourceid": "7a58f28b-016f-4bf7-b9b3-608a780a8cca",
            "theme": "default",
            "sourceType": "conditions"
        },
        "7dcedc03-78cf-4cd6-9e41-25beab40b77a": {
            "targetType": "elements",
            "type": "Bezier",
            "targetid": "895ed327-2ef0-4d7e-9b3c-ec6b39e16187",
            "label": null,
            "sourceid": "953c7e46-5c7a-4e66-9e2c-d9f59ee220a0",
            "theme": "default",
            "sourceType": "conditions"
        },
        "ef5c0bff-5edc-4dbe-85b3-2cef60a74561": {
            "targetType": "elements",
            "type": "Bezier",
            "targetid": "5869611b-6a20-4a26-a6cd-935909d39438",
            "label": null,
            "sourceid": "e47d7b0e-ea9a-4464-99ae-888b8a9b700a",
            "theme": "default",
            "sourceType": "conditions"
        },
        "27d75115-833c-4287-9fb2-a3ca17ce58b8": {
            "targetType": "elements",
            "type": "Bezier",
            "targetid": "434d03ab-9d3d-441f-8767-fa63d810891d",
            "label": null,
            "sourceid": "d2147faa-8ddc-4b61-b573-def1e1e1ad58",
            "theme": "default",
            "sourceType": "conditions"
        },
        "0a894029-0692-43b5-89eb-5f25650768ec": {
            "targetType": "elements",
            "type": "Bezier",
            "targetid": "c0c6c619-8fd3-44b9-812d-b61402e73e4d",
            "label": null,
            "sourceid": "f6b5afee-844c-4296-8fcc-f2003e395f8c",
            "theme": "default",
            "sourceType": "conditions"
        },
        "0f4f74eb-9638-49d5-ad39-507241f63bc9": {
            "targetType": "branches",
            "type": "Bezier",
            "targetid": "3a67922a-efba-476a-bb0e-29fec2536b84",
            "label": null,
            "sourceid": "88070434-6df1-4c7d-95f6-94ad6ef6a4c7",
            "theme": "default",
            "sourceType": "elements"
        },
        "1aaafcfa-610a-4da9-b850-54a8895fcf32": {
            "targetType": "branches",
            "type": "Bezier",
            "targetid": "1227b1ee-b3f1-4708-b323-ddb9070c89a3",
            "label": null,
            "sourceid": "607169ed-ad87-4bf4-8b83-fb48cc1cdcb2",
            "theme": "default",
            "sourceType": "elements"
        },
        "e95777f4-b940-4026-b7f8-eda2ea6788d0": {
            "targetType": "elements",
            "type": "Bezier",
            "targetid": "895ed327-2ef0-4d7e-9b3c-ec6b39e16187",
            "label": null,
            "sourceid": "7d60e21e-468e-4e83-9bf1-ec343dc3cb5a",
            "theme": "default",
            "sourceType": "conditions"
        },
        "2c0af6c6-3e67-47f3-8572-c630c46d7835": {
            "targetType": "elements",
            "type": "Bezier",
            "targetid": "891917e5-198f-435a-914a-f8f229b8ee12",
            "label": null,
            "sourceid": "cdc12e63-8357-48c7-ad93-fd512b9e4442",
            "theme": "default",
            "sourceType": "conditions"
        },
        "168f3013-a220-48fd-bd7f-44db82dc54f1": {
            "targetType": "elements",
            "type": "Bezier",
            "targetid": "967dab8e-9a92-40d3-b316-37db483959c7",
            "label": null,
            "sourceid": "a2638f60-a0d5-489e-b342-75cbfcca893d",
            "theme": "default",
            "sourceType": "conditions"
        },
        "4abdec0b-03ae-4931-9812-407759df62d8": {
            "targetType": "elements",
            "type": "Bezier",
            "targetid": "c0c6c619-8fd3-44b9-812d-b61402e73e4d",
            "label": null,
            "sourceid": "ebdf2c41-b56f-44cb-bc1c-6791670d4ad6",
            "theme": "default",
            "sourceType": "conditions"
        },
        "c969fb5b-287c-48f4-8b03-97c44d6b4e7b": {
            "targetType": "elements",
            "type": "Bezier",
            "targetid": "14d8a49c-704b-49f6-83d0-c4bee74c5e67",
            "label": null,
            "sourceid": "2b0ec8fa-0d63-41f4-bbd5-055b17e2f9e1",
            "theme": "default",
            "sourceType": "conditions"
        },
        "49ce9d45-5e91-4fde-9cb1-344c681e405b": {
            "targetType": "elements",
            "type": "Bezier",
            "targetid": "891917e5-198f-435a-914a-f8f229b8ee12",
            "label": null,
            "sourceid": "8b2382ad-c60e-4021-8bc3-bb207676001c",
            "theme": "default",
            "sourceType": "conditions"
        },
        "8913db6f-3578-4208-9029-aa73417e8ad5": {
            "targetType": "elements",
            "type": "Bezier",
            "targetid": "895ed327-2ef0-4d7e-9b3c-ec6b39e16187",
            "label": null,
            "sourceid": "1e2e1dfc-d621-484f-bb3b-bcd323be5dac",
            "theme": "default",
            "sourceType": "conditions"
        },
        "1914deff-57f9-42b1-a9e1-c66e5af5bdc4": {
            "targetType": "elements",
            "type": "Bezier",
            "targetid": "5869611b-6a20-4a26-a6cd-935909d39438",
            "label": null,
            "sourceid": "d7a01f3d-3d76-437c-b9ea-6ac5f6b4bac3",
            "theme": "default",
            "sourceType": "conditions"
        },
        "93137dbf-7159-4e1b-a6c0-295d8d8171bf": {
            "targetType": "elements",
            "type": "Bezier",
            "targetid": "1f30989b-7b16-4ddb-ae0f-a0185e32b826",
            "label": null,
            "sourceid": "9ff88d31-df42-43eb-b65d-d64543bad73e",
            "theme": "default",
            "sourceType": "conditions"
        },
        "66501b05-1547-4842-b693-6b058343f848": {
            "targetType": "elements",
            "type": "Bezier",
            "targetid": "cb39c7cd-0977-40d7-8f88-c0acbf54bc0c",
            "label": null,
            "sourceid": "d1b2c8f7-7f41-49af-a7b3-f1fa0d570f47",
            "theme": "default",
            "sourceType": "conditions"
        },
        "9eef8fea-cdeb-4615-90c4-4acb1688a357": {
            "targetType": "elements",
            "type": "Bezier",
            "targetid": "967dab8e-9a92-40d3-b316-37db483959c7",
            "label": null,
            "sourceid": "4c4f87d7-204d-425d-a07b-3677ad2a8001",
            "theme": "default",
            "sourceType": "conditions"
        },
        "ca03cc8c-7760-4b68-b63d-f01ecce37aa7": {
            "targetType": "elements",
            "type": "Bezier",
            "targetid": "6d440d4b-6881-4fe3-8adf-a114bb2fc26e",
            "label": null,
            "sourceid": "cd2e04b7-2277-4cd4-b46b-6c60e5387a47",
            "theme": "default",
            "sourceType": "conditions"
        },
        "bb9abe59-682d-468c-9dad-c865647c44a4": {
            "targetType": "elements",
            "type": "Bezier",
            "targetid": "14d8a49c-704b-49f6-83d0-c4bee74c5e67",
            "label": null,
            "sourceid": "62d85ea6-e21d-4c5c-86cc-8c1977e23c24",
            "theme": "default",
            "sourceType": "conditions"
        },
        "492b3748-b13b-4c65-abd4-e1429f4727e9": {
            "targetType": "elements",
            "type": "Bezier",
            "targetid": "cb39c7cd-0977-40d7-8f88-c0acbf54bc0c",
            "label": null,
            "sourceid": "94fb7cff-2597-4d37-a992-d609bf94cd65",
            "theme": "default",
            "sourceType": "conditions"
        },
        "bdf02739-1b34-4a54-b2d4-70c7253a4204": {
            "targetType": "elements",
            "type": "Bezier",
            "targetid": "1f30989b-7b16-4ddb-ae0f-a0185e32b826",
            "label": null,
            "sourceid": "b41ef46c-d967-4cba-99b5-320a537d8e29",
            "theme": "default",
            "sourceType": "conditions"
        },
        "7a43a32f-a2e7-4ccc-b73e-600052546b0d": {
            "targetType": "jumpers",
            "type": "Bezier",
            "targetid": "c89b189b-3490-4e44-beb6-4d308fc3e3f1",
            "label": null,
            "sourceid": "cb39c7cd-0977-40d7-8f88-c0acbf54bc0c",
            "theme": "default",
            "sourceType": "elements"
        },
        "cc87e35e-2940-422d-aaea-ec9ee77ec93a": {
            "targetType": "jumpers",
            "type": "Bezier",
            "targetid": "c89b189b-3490-4e44-beb6-4d308fc3e3f1",
            "label": null,
            "sourceid": "1f30989b-7b16-4ddb-ae0f-a0185e32b826",
            "theme": "default",
            "sourceType": "elements"
        },
        "a608a3a1-3c63-47d2-8bd0-a0ee3366da34": {
            "targetType": "jumpers",
            "type": "Bezier",
            "targetid": "c89b189b-3490-4e44-beb6-4d308fc3e3f1",
            "label": null,
            "sourceid": "967dab8e-9a92-40d3-b316-37db483959c7",
            "theme": "default",
            "sourceType": "elements"
        },
        "6f41ba7a-9510-4d45-a869-7426a9d5bc48": {
            "targetType": "jumpers",
            "type": "Bezier",
            "targetid": "c89b189b-3490-4e44-beb6-4d308fc3e3f1",
            "label": null,
            "sourceid": "c0c6c619-8fd3-44b9-812d-b61402e73e4d",
            "theme": "default",
            "sourceType": "elements"
        },
        "7ccd86c9-eee2-45ff-b149-0d0dc6e86e55": {
            "targetType": "jumpers",
            "type": "Bezier",
            "targetid": "c89b189b-3490-4e44-beb6-4d308fc3e3f1",
            "label": null,
            "sourceid": "14d8a49c-704b-49f6-83d0-c4bee74c5e67",
            "theme": "default",
            "sourceType": "elements"
        },
        "56366527-e5bb-414e-adfc-0f1451003681": {
            "targetType": "jumpers",
            "type": "Bezier",
            "targetid": "c89b189b-3490-4e44-beb6-4d308fc3e3f1",
            "label": null,
            "sourceid": "891917e5-198f-435a-914a-f8f229b8ee12",
            "theme": "default",
            "sourceType": "elements"
        },
        "eb484cbf-3f60-437b-b95f-4d49775b2dbf": {
            "targetType": "jumpers",
            "type": "Bezier",
            "targetid": "f510872b-0d32-48f6-baad-a97c7098c396",
            "label": null,
            "sourceid": "89a7312e-13ac-41e5-8941-1353361f0534",
            "theme": "default",
            "sourceType": "elements"
        },
        "a883476a-dde9-47d0-8502-7ef11e6e0a00": {
            "targetType": "jumpers",
            "type": "Bezier",
            "targetid": "755e8f26-253a-490b-8214-03725ac5201c",
            "label": null,
            "sourceid": "22f1c047-b316-429a-9332-b6495db33eeb",
            "theme": "default",
            "sourceType": "elements"
        },
        "cdd555e1-0eb7-4339-ad9a-be857ab1185a": {
            "sourceType": "elements",
            "label": "<p>Player does reach new 1000 score<\/p>",
            "sourceid": "ac66778a-eafb-4688-8e21-f464f2f0dfe3",
            "targetid": "644ff199-4fb5-4c59-a146-ef115b5cfea6",
            "targetFace": "left",
            "targetType": "jumpers",
            "theme": "default",
            "type": "Bezier"
        },
        "2b2a0924-cbf6-44d7-a4eb-2c4ae4359280": {
            "targetType": "elements",
            "type": "Bezier",
            "targetid": "ac66778a-eafb-4688-8e21-f464f2f0dfe3",
            "label": null,
            "sourceid": "46c29dc7-9b27-48e1-adf2-825b24a3af7a",
            "theme": "default",
            "sourceType": "elements"
        },
        "bacd822e-22fb-4634-8fd2-4001a2d8c1ba": {
            "targetType": "jumpers",
            "type": "Bezier",
            "targetid": "a872b50a-2f04-4b69-b75a-8cc3ade2f41b",
            "label": null,
            "sourceid": "6603ab80-f72b-4fb8-9fd5-d2bc8bef0429",
            "theme": "default",
            "sourceType": "elements"
        },
        "7471bcbd-6b81-44d8-ad68-b1319562fb84": {
            "targetType": "jumpers",
            "type": "Bezier",
            "targetid": "a872b50a-2f04-4b69-b75a-8cc3ade2f41b",
            "label": null,
            "sourceid": "f09a37db-7ae5-4f62-a0f0-8386b7894951",
            "theme": "default",
            "sourceType": "elements"
        },
        "3ef7a23a-1556-425e-b595-9a8550eb4e1c": {
            "targetType": "jumpers",
            "type": "Bezier",
            "targetid": "a872b50a-2f04-4b69-b75a-8cc3ade2f41b",
            "label": null,
            "sourceid": "877abbc4-9f4b-4aad-9ed5-6fb49b5d556c",
            "theme": "default",
            "sourceType": "elements"
        },
        "bf2576b2-a752-458b-a211-9797e696ec6f": {
            "targetType": "jumpers",
            "type": "Bezier",
            "targetid": "a872b50a-2f04-4b69-b75a-8cc3ade2f41b",
            "label": null,
            "sourceid": "121f4960-b114-47de-8c10-81317f6d284b",
            "theme": "default",
            "sourceType": "elements"
        },
        "5d7d0762-fb00-4eae-8a82-a752a5d977bd": {
            "targetType": "jumpers",
            "type": "Bezier",
            "targetid": "a872b50a-2f04-4b69-b75a-8cc3ade2f41b",
            "label": null,
            "sourceid": "63b38d52-e202-46de-9788-aecfe783cefd",
            "theme": "default",
            "sourceType": "elements"
        },
        "ebe28dcd-2977-449e-9a11-e47e38f505d4": {
            "targetType": "jumpers",
            "type": "Bezier",
            "targetid": "a872b50a-2f04-4b69-b75a-8cc3ade2f41b",
            "label": null,
            "sourceid": "483f5dae-8374-4ab2-91cc-fe5862a19f57",
            "theme": "default",
            "sourceType": "elements"
        },
        "058d0f41-0ca7-49f1-a034-481584c8c84f": {
            "targetType": "elements",
            "type": "Bezier",
            "targetid": "6bec4e75-461e-46ed-94f9-27fd9eacd7ee",
            "label": null,
            "sourceid": "3715ed26-1dd6-4d5e-8d44-ead0f4d5783b",
            "theme": "default",
            "sourceType": "conditions"
        },
        "d461f8f7-5dba-4ff5-8d8d-e67da3a4ee27": {
            "targetType": "elements",
            "type": "Bezier",
            "targetid": "634ff327-f982-4d57-ba3d-facf5aaa2719",
            "label": null,
            "sourceid": "aa153af3-1a9a-46a2-8ab4-ed2d7a61d8ef",
            "theme": "default",
            "sourceType": "conditions"
        },
        "59681c12-9d03-4f0f-99ae-40464e0c35c3": {
            "targetType": "elements",
            "type": "Bezier",
            "targetid": "5be4b24a-08a1-492f-9f9a-f25df8592431",
            "label": null,
            "sourceid": "679afa2e-1fcd-43d0-9aa3-482f5a6c2096",
            "theme": "default",
            "sourceType": "conditions"
        },
        "400d0a32-e4d3-4ea7-896e-93fc829c7599": {
            "sourceType": "conditions",
            "label": null,
            "sourceid": "4bbd42e8-b9a7-4cd6-9372-72e8aaaab074",
            "targetid": "2d28f2fe-0fcb-4c30-85f1-1b834aef6c18",
            "targetFace": "left",
            "targetType": "elements",
            "theme": "default",
            "type": "Bezier"
        },
        "ad978803-8f89-46e5-8d21-d62fb6f8c669": {
            "targetType": "elements",
            "type": "Bezier",
            "targetid": "e91a41d1-e71a-4530-85d8-1714ff8ab327",
            "label": null,
            "sourceid": "8624462b-6bd2-429a-bf7d-8c5373fd93e7",
            "theme": "default",
            "sourceType": "conditions"
        },
        "0b1b64a4-9f47-4b2d-8ed7-cf793222c40a": {
            "targetType": "elements",
            "type": "Bezier",
            "targetid": "502e2409-0b4c-4194-8aa7-9f1f489e2cc1",
            "label": null,
            "sourceid": "c39af69e-9739-4617-ad1a-595696356a60",
            "theme": "default",
            "sourceType": "conditions"
        },
        "80916d53-2b43-4e95-aaa8-cc69e7944984": {
            "targetType": "elements",
            "type": "Bezier",
            "targetid": "64ea217d-1446-488a-994f-3116980b8071",
            "label": null,
            "sourceid": "68716b91-1f40-4df3-9fb4-4508386f2f1b",
            "theme": "default",
            "sourceType": "conditions"
        },
        "5835e1be-ca3b-4ad8-942a-357f5bdd5394": {
            "targetType": "jumpers",
            "type": "Bezier",
            "targetid": "8e77b152-39f4-45b5-a3c1-71880c1b0495",
            "label": null,
            "sourceid": "6bec4e75-461e-46ed-94f9-27fd9eacd7ee",
            "theme": "default",
            "sourceType": "elements"
        },
        "3e16810c-8b36-442f-a316-b90a7c3c206e": {
            "sourceType": "elements",
            "label": null,
            "sourceid": "634ff327-f982-4d57-ba3d-facf5aaa2719",
            "targetid": "8e77b152-39f4-45b5-a3c1-71880c1b0495",
            "sourceFace": "right",
            "targetType": "jumpers",
            "theme": "default",
            "type": "Bezier"
        },
        "3e19d4f7-615a-4444-ad2a-16db2391a65f": {
            "sourceType": "elements",
            "label": null,
            "sourceid": "5be4b24a-08a1-492f-9f9a-f25df8592431",
            "targetid": "8e77b152-39f4-45b5-a3c1-71880c1b0495",
            "sourceFace": "right",
            "targetType": "jumpers",
            "theme": "default",
            "type": "Bezier"
        },
        "f57778f6-a1ae-41c3-8d1b-23caa852e9a7": {
            "targetType": "jumpers",
            "type": "Bezier",
            "targetid": "8e77b152-39f4-45b5-a3c1-71880c1b0495",
            "label": null,
            "sourceid": "2d28f2fe-0fcb-4c30-85f1-1b834aef6c18",
            "theme": "default",
            "sourceType": "elements"
        },
        "080bef28-3e3c-4010-a756-2a8e945d416d": {
            "targetType": "jumpers",
            "type": "Bezier",
            "targetid": "8e77b152-39f4-45b5-a3c1-71880c1b0495",
            "label": null,
            "sourceid": "e91a41d1-e71a-4530-85d8-1714ff8ab327",
            "theme": "default",
            "sourceType": "elements"
        },
        "031d8003-f5f7-4834-a5f8-238a60567394": {
            "targetType": "jumpers",
            "type": "Bezier",
            "targetid": "8e77b152-39f4-45b5-a3c1-71880c1b0495",
            "label": null,
            "sourceid": "502e2409-0b4c-4194-8aa7-9f1f489e2cc1",
            "theme": "default",
            "sourceType": "elements"
        },
        "30bf7991-b672-44ea-9506-5e41dbbc9f56": {
            "targetType": "jumpers",
            "type": "Bezier",
            "targetid": "8e77b152-39f4-45b5-a3c1-71880c1b0495",
            "label": null,
            "sourceid": "64ea217d-1446-488a-994f-3116980b8071",
            "theme": "default",
            "sourceType": "elements"
        }
    },
    "branches": {
        "8a9e8440-67b3-4aaa-b45e-d1908438c835": {
            "conditions": {
                "ifCondition": "1bc0ddcb-a313-4e0c-8039-a80311b46b17",
                "elseIfConditions": [
                    "aa153af3-1a9a-46a2-8ab4-ed2d7a61d8ef",
                    "679afa2e-1fcd-43d0-9aa3-482f5a6c2096",
                    "4bbd42e8-b9a7-4cd6-9372-72e8aaaab074",
                    "8624462b-6bd2-429a-bf7d-8c5373fd93e7",
                    "c39af69e-9739-4617-ad1a-595696356a60",
                    "68716b91-1f40-4df3-9fb4-4508386f2f1b"
                ]
            },
            "theme": "default"
        },
        "d4905174-8a03-4b5e-b66f-4072a5250f93": {
            "conditions": {
                "ifCondition": "3715ed26-1dd6-4d5e-8d44-ead0f4d5783b",
                "elseIfConditions": [
                    "aa153af3-1a9a-46a2-8ab4-ed2d7a61d8ef",
                    "679afa2e-1fcd-43d0-9aa3-482f5a6c2096",
                    "4bbd42e8-b9a7-4cd6-9372-72e8aaaab074",
                    "8624462b-6bd2-429a-bf7d-8c5373fd93e7",
                    "c39af69e-9739-4617-ad1a-595696356a60",
                    "68716b91-1f40-4df3-9fb4-4508386f2f1b"
                ]
            },
            "theme": "default"
        },
        "f4f96b8c-dbd4-497c-93f7-9b84eade7e7d": {
            "conditions": {
                "ifCondition": "787d6d97-bf5f-4cf4-8eaa-94ec0affabb1",
                "elseCondition": "4ac2ad9b-27f1-45af-8ad2-2e986aa61bd8"
            },
            "theme": "default"
        },
        "a6807da8-0dc1-4857-8d11-dde2f4d68690": {
            "conditions": {
                "ifCondition": "fa5da294-d2d3-4c6f-bfbb-0709757bf7f0",
                "elseIfConditions": [
                    "36ac396d-1f74-417c-a169-120507c35eb5",
                    "d837e312-8991-4f4a-a739-ac901f28ff9f",
                    "8d1f46de-e0e6-4695-998e-6984b6e1e826",
                    "c664060e-d993-4aa7-babd-28afafc913fd",
                    "67513361-8952-4010-81fc-691d618d068a",
                    "4c58f075-b06b-41fd-a321-d3882845c4f0",
                    "fb260a6e-8726-4605-a5a1-9f3bbe287161",
                    "f05d2e5e-29f4-439a-922c-c1f3e4109bcc",
                    "59cefd94-6e9f-447b-9832-d9586ed669d1"
                ]
            },
            "theme": "default"
        },
        "e4cf3686-556e-4963-922d-83997968801a": {
            "conditions": {
                "ifCondition": "bafb5b79-acff-4e70-aaff-f9046d6dc1a0",
                "elseIfConditions": [
                    "db669d3a-f9cf-4b7b-9186-0d9b9cbc6081",
                    "17aa47ce-6129-49e4-acff-931207a0ebce",
                    "db7148c6-022b-45a8-ae13-9e3a216ba307",
                    "7a58f28b-016f-4bf7-b9b3-608a780a8cca",
                    "953c7e46-5c7a-4e66-9e2c-d9f59ee220a0",
                    "e47d7b0e-ea9a-4464-99ae-888b8a9b700a",
                    "d2147faa-8ddc-4b61-b573-def1e1e1ad58",
                    "cd2e04b7-2277-4cd4-b46b-6c60e5387a47"
                ]
            },
            "theme": "default"
        },
        "3a67922a-efba-476a-bb0e-29fec2536b84": {
            "conditions": {
                "ifCondition": "94fb7cff-2597-4d37-a992-d609bf94cd65",
                "elseIfConditions": [
                    "b41ef46c-d967-4cba-99b5-320a537d8e29",
                    "a2638f60-a0d5-489e-b342-75cbfcca893d",
                    "ebdf2c41-b56f-44cb-bc1c-6791670d4ad6",
                    "2b0ec8fa-0d63-41f4-bbd5-055b17e2f9e1",
                    "8b2382ad-c60e-4021-8bc3-bb207676001c",
                    "1e2e1dfc-d621-484f-bb3b-bcd323be5dac",
                    "d7a01f3d-3d76-437c-b9ea-6ac5f6b4bac3"
                ]
            },
            "theme": "default"
        },
        "1227b1ee-b3f1-4708-b323-ddb9070c89a3": {
            "conditions": {
                "ifCondition": "d1b2c8f7-7f41-49af-a7b3-f1fa0d570f47",
                "elseIfConditions": [
                    "9ff88d31-df42-43eb-b65d-d64543bad73e",
                    "4c4f87d7-204d-425d-a07b-3677ad2a8001",
                    "f6b5afee-844c-4296-8fcc-f2003e395f8c",
                    "62d85ea6-e21d-4c5c-86cc-8c1977e23c24",
                    "cdc12e63-8357-48c7-ad93-fd512b9e4442",
                    "7d60e21e-468e-4e83-9bf1-ec343dc3cb5a"
                ]
            },
            "theme": "default"
        }
    },
    "components": {
        "65005bda-15d0-41c5-867f-68c118829f08": {
            "name": "Root",
            "root": true,
            "children": []
        }
    },
    "attributes": {},
    "assets": {
        "647d0495-341f-42b2-8788-b47dace22bf8": {
            "root": true,
            "children": []
        }
    },
    "variables": {
        "747d0495-341f-42b2-8788-b47dace22bf8": {
            "root": true,
            "children": [
                "3ae7ee06-b0c5-4f5e-b33c-0aab96c883b2",
                "17b8509a-a996-4660-be66-54fd05ccd393",
                "e4958547-b7f7-46b2-9b9f-19c9efbfb9ce",
                "d4fd32d6-7c74-4d00-aaa6-e98f53ec29d8",
                "d17b5e15-a133-40e9-97e8-0f85e6029619",
                "94589277-b713-4c99-81fd-8def02f0c5b9"
            ]
        },
        "3ae7ee06-b0c5-4f5e-b33c-0aab96c883b2": {
            "type": "integer",
            "name": "current_level",
            "value": 1
        },
        "17b8509a-a996-4660-be66-54fd05ccd393": {
            "type": "float",
            "name": "fill_state",
            "value": 0
        },
        "e4958547-b7f7-46b2-9b9f-19c9efbfb9ce": {
            "type": "integer",
            "name": "current_piece",
            "value": 0
        },
        "d4fd32d6-7c74-4d00-aaa6-e98f53ec29d8": {
            "type": "integer",
            "name": "next_piece",
            "value": 0
        },
        "d17b5e15-a133-40e9-97e8-0f85e6029619": {
            "type": "boolean",
            "name": "topped_out",
            "value": false
        },
        "94589277-b713-4c99-81fd-8def02f0c5b9": {
            "type": "integer",
            "name": "rolled_value",
            "value": 0
        }
    },
    "conditions": {
        "1bc0ddcb-a313-4e0c-8039-a80311b46b17": {
            "script": "rolled_value == 1",
            "output": "b295d489-8f99-43f3-977f-49a2fb901726"
        },
        "8624462b-6bd2-429a-bf7d-8c5373fd93e7": {
            "script": "next_piece == 5",
            "output": "ad978803-8f89-46e5-8d21-d62fb6f8c669"
        },
        "aa153af3-1a9a-46a2-8ab4-ed2d7a61d8ef": {
            "script": "next_piece == 2",
            "output": "d461f8f7-5dba-4ff5-8d8d-e67da3a4ee27"
        },
        "679afa2e-1fcd-43d0-9aa3-482f5a6c2096": {
            "script": "next_piece == 3",
            "output": "59681c12-9d03-4f0f-99ae-40464e0c35c3"
        },
        "4bbd42e8-b9a7-4cd6-9372-72e8aaaab074": {
            "script": "next_piece == 4",
            "output": "400d0a32-e4d3-4ea7-896e-93fc829c7599"
        },
        "c39af69e-9739-4617-ad1a-595696356a60": {
            "script": "next_piece == 6",
            "output": "0b1b64a4-9f47-4b2d-8ed7-cf793222c40a"
        },
        "68716b91-1f40-4df3-9fb4-4508386f2f1b": {
            "script": "next_piece == 7",
            "output": "80916d53-2b43-4e95-aaa8-cc69e7944984"
        },
        "3715ed26-1dd6-4d5e-8d44-ead0f4d5783b": {
            "script": "next_piece == 1",
            "output": "058d0f41-0ca7-49f1-a034-481584c8c84f"
        },
        "787d6d97-bf5f-4cf4-8eaa-94ec0affabb1": {
            "script": "rolled_value == current_piece",
            "output": "63111231-67ab-4dac-a617-43ac026dcb9d"
        },
        "4ac2ad9b-27f1-45af-8ad2-2e986aa61bd8": {
            "script": null,
            "output": "07f6ef69-58a0-4d6a-953d-bc499c18dc93"
        },
        "fa5da294-d2d3-4c6f-bfbb-0709757bf7f0": {
            "script": "current_level == 1",
            "output": "14829569-faa9-4f10-8775-fcac370a4cb7"
        },
        "36ac396d-1f74-417c-a169-120507c35eb5": {
            "script": "current_level == 2",
            "output": "b8f24baf-ab3d-48f6-bd05-c4fc93f3f3ea"
        },
        "d837e312-8991-4f4a-a739-ac901f28ff9f": {
            "script": "current_level == 3",
            "output": "4f6bacc1-7772-4645-80a8-da69d3b916d8"
        },
        "8d1f46de-e0e6-4695-998e-6984b6e1e826": {
            "script": "current_level == 4",
            "output": "8a4d7f6e-9bdc-423c-9caf-13a65d91ef00"
        },
        "c664060e-d993-4aa7-babd-28afafc913fd": {
            "script": "current_level == 5",
            "output": "d393e3ef-acad-4787-b297-dae33a56b49c"
        },
        "67513361-8952-4010-81fc-691d618d068a": {
            "script": "current_level == 6",
            "output": "bc9e3ce3-3710-4dbb-9c2c-11ade15cf605"
        },
        "4c58f075-b06b-41fd-a321-d3882845c4f0": {
            "script": "current_level == 7",
            "output": "43e721da-43d8-42c7-92c7-3af2a8bb2de4"
        },
        "fb260a6e-8726-4605-a5a1-9f3bbe287161": {
            "script": "current_level == 8",
            "output": "391ff88d-2f57-4124-bcf7-3e3be321fc33"
        },
        "f05d2e5e-29f4-439a-922c-c1f3e4109bcc": {
            "script": "current_level == 9",
            "output": "a5252e2c-ab96-4d6e-a5ac-722551f1e010"
        },
        "59cefd94-6e9f-447b-9832-d9586ed669d1": {
            "script": "current_level == 10",
            "output": "bdfef028-d770-447c-8b1a-cda9daf31118"
        },
        "bafb5b79-acff-4e70-aaff-f9046d6dc1a0": {
            "script": "fill_state == 5",
            "output": "411e9b47-2e7a-4bed-ab1b-6fd390bf8510"
        },
        "db669d3a-f9cf-4b7b-9186-0d9b9cbc6081": {
            "script": "fill_state == 15",
            "output": "5db23755-2660-4e16-8dd3-4b31029bd2ef"
        },
        "17aa47ce-6129-49e4-acff-931207a0ebce": {
            "script": "fill_state == 25",
            "output": "c431b8bb-7dd3-4011-bf0b-03b0d01f920c"
        },
        "db7148c6-022b-45a8-ae13-9e3a216ba307": {
            "script": "fill_state == 35",
            "output": "da875fdd-c05e-429a-a18a-6bfb645bedf1"
        },
        "7a58f28b-016f-4bf7-b9b3-608a780a8cca": {
            "script": "fill_state == 45",
            "output": "1f966400-2b69-4edb-98a2-abd3a6169aa3"
        },
        "953c7e46-5c7a-4e66-9e2c-d9f59ee220a0": {
            "script": "fill_state == 55",
            "output": "7dcedc03-78cf-4cd6-9e41-25beab40b77a"
        },
        "e47d7b0e-ea9a-4464-99ae-888b8a9b700a": {
            "script": "fill_state == 65",
            "output": "ef5c0bff-5edc-4dbe-85b3-2cef60a74561"
        },
        "d2147faa-8ddc-4b61-b573-def1e1e1ad58": {
            "script": "fill_state == 75",
            "output": "27d75115-833c-4287-9fb2-a3ca17ce58b8"
        },
        "cd2e04b7-2277-4cd4-b46b-6c60e5387a47": {
            "script": "fill_state == 85",
            "output": "ca03cc8c-7760-4b68-b63d-f01ecce37aa7"
        },
        "94fb7cff-2597-4d37-a992-d609bf94cd65": {
            "script": "fill_state == 15",
            "output": "492b3748-b13b-4c65-abd4-e1429f4727e9"
        },
        "7d60e21e-468e-4e83-9bf1-ec343dc3cb5a": {
            "script": "fill_state == 85",
            "output": "e95777f4-b940-4026-b7f8-eda2ea6788d0"
        },
        "b41ef46c-d967-4cba-99b5-320a537d8e29": {
            "script": "fill_state == 25",
            "output": "bdf02739-1b34-4a54-b2d4-70c7253a4204"
        },
        "a2638f60-a0d5-489e-b342-75cbfcca893d": {
            "script": "fill_state == 35",
            "output": "168f3013-a220-48fd-bd7f-44db82dc54f1"
        },
        "ebdf2c41-b56f-44cb-bc1c-6791670d4ad6": {
            "script": "fill_state == 45",
            "output": "4abdec0b-03ae-4931-9812-407759df62d8"
        },
        "2b0ec8fa-0d63-41f4-bbd5-055b17e2f9e1": {
            "script": "fill_state == 55",
            "output": "c969fb5b-287c-48f4-8b03-97c44d6b4e7b"
        },
        "8b2382ad-c60e-4021-8bc3-bb207676001c": {
            "script": "fill_state == 65",
            "output": "49ce9d45-5e91-4fde-9cb1-344c681e405b"
        },
        "1e2e1dfc-d621-484f-bb3b-bcd323be5dac": {
            "script": "fill_state == 75",
            "output": "8913db6f-3578-4208-9029-aa73417e8ad5"
        },
        "d7a01f3d-3d76-437c-b9ea-6ac5f6b4bac3": {
            "script": "fill_state == 85",
            "output": "1914deff-57f9-42b1-a9e1-c66e5af5bdc4"
        },
        "d1b2c8f7-7f41-49af-a7b3-f1fa0d570f47": {
            "script": "fill_state == 25",
            "output": "66501b05-1547-4842-b693-6b058343f848"
        },
        "cdc12e63-8357-48c7-ad93-fd512b9e4442": {
            "script": "fill_state == 75",
            "output": "2c0af6c6-3e67-47f3-8572-c630c46d7835"
        },
        "62d85ea6-e21d-4c5c-86cc-8c1977e23c24": {
            "script": "fill_state == 65",
            "output": "bb9abe59-682d-468c-9dad-c865647c44a4"
        },
        "9ff88d31-df42-43eb-b65d-d64543bad73e": {
            "script": "fill_state == 35",
            "output": "93137dbf-7159-4e1b-a6c0-295d8d8171bf"
        },
        "4c4f87d7-204d-425d-a07b-3677ad2a8001": {
            "script": "fill_state == 45",
            "output": "9eef8fea-cdeb-4615-90c4-4acb1688a357"
        },
        "f6b5afee-844c-4296-8fcc-f2003e395f8c": {
            "script": "fill_state == 55",
            "output": "0a894029-0692-43b5-89eb-5f25650768ec"
        }
    },
    "name": "Tetris Classic",
    "cover": null
}