{
    "startingElement": null,
    "boards": {
        "2ad15ff6-f2ba-4f1d-9d9d-68938c683d7e": {
            "name": "Root",
            "root": true,
            "children": [
                "1d51892c-4ea1-46a8-806c-123cf30c9a04",
                "78b63be1-5b81-4065-a931-ce912c8d2921",
                "d7e3c627-14ea-4044-86f8-b4475372c5f7"
            ]
        },
        "630fdb8a-48d6-473e-9974-2460f7eb2b41": {
            "name": "High Speed Ring State",
            "notes": [],
            "jumpers": [],
            "branches": [],
            "elements": [
                "be061826-8967-4c15-ba1d-b2e3c76fc88b",
                "d819d6d1-00e9-474c-a146-c436f1da9d6d"
            ],
            "connections": [
                "a998c13a-b870-4a05-8f6c-355c38d8036c"
            ]
        },
        "1d51892c-4ea1-46a8-806c-123cf30c9a04": {
            "name": "Sunday Cup PX",
            "notes": [],
            "elements": [
                "6e774dae-cbf3-40cb-9438-16875cac79a8"
            ],
            "connections": [
                "6cbd8af7-96c6-4f2f-a5f3-e783bf211fd0",
                "fb9a316a-6384-4420-a328-9d5ea5922cfd",
                "f858bb33-4d9e-4c1a-ac81-aca7cf57c398",
                "86fda968-8c8d-419c-a121-f1bd8bafeb55",
                "d2340ea2-dec3-4368-961d-d4121bf492f5"
            ],
            "branches": [],
            "jumpers": [
                "459c8a9c-0618-403b-a92f-16bbe3e75bb0",
                "67754c77-f8ba-491d-8891-0e1357e0fc97",
                "db20865f-3ddd-446d-9d06-1ed694b65c49",
                "0eec2010-d4c0-4093-a8a7-8f3ace539007",
                "c31de8e5-c9b3-4fe7-b84c-732e92fc03bd"
            ]
        },
        "f503d245-b965-4435-8195-452a2c9b4cf5": {
            "connections": [
                "bacb0321-a394-4f49-a9ff-3cccea721559"
            ],
            "notes": [],
            "name": "Autumn Ring Mini Reverse State",
            "elements": [
                "fd4646a4-457d-4039-ba5b-95e237464c5d",
                "b6cdcab7-e451-4d7c-a108-a57902480d9c"
            ],
            "branches": [],
            "jumpers": []
        },
        "9ab27f60-3d4a-4f5a-b7aa-45b9f6e5cc84": {
            "connections": [
                "b5be3a0e-7289-40b7-8a1c-ed7270d6fcd0"
            ],
            "notes": [],
            "name": "Beginner Course State",
            "elements": [
                "9691516f-65c9-4c7f-8e4a-7ca3274ba60f",
                "c4e4baf6-ef15-4a0f-9206-ec0c640011b9"
            ],
            "branches": [],
            "jumpers": []
        },
        "d7e3c627-14ea-4044-86f8-b4475372c5f7": {
            "name": "Races Won States",
            "children": [
                "f503d245-b965-4435-8195-452a2c9b4cf5",
                "9ab27f60-3d4a-4f5a-b7aa-45b9f6e5cc84",
                "630fdb8a-48d6-473e-9974-2460f7eb2b41",
                "2e796bc9-17d4-49b9-a7f9-fee5daefaf2f",
                "19a06eb8-9f29-4d5f-8af2-f070b2fab393"
            ]
        },
        "2e796bc9-17d4-49b9-a7f9-fee5daefaf2f": {
            "connections": [
                "6116cc80-fc51-4fe2-9dad-1e7027f8fe3d"
            ],
            "notes": [],
            "name": "Clubman Stage Route 5 State",
            "elements": [
                "e9bfe9d9-cf11-4e2c-8a98-ce35be3b8234",
                "fe4aeb11-02aa-43b1-8c55-1c645e54607a"
            ],
            "branches": [],
            "jumpers": []
        },
        "19a06eb8-9f29-4d5f-8af2-f070b2fab393": {
            "connections": [
                "1db61995-fe0d-4805-bb7d-eac21be99a1d"
            ],
            "notes": [],
            "name": "Twin Ring Motegi West Short Course State",
            "elements": [
                "714b7806-2f1d-41c6-bd1c-087cb5015054",
                "f8727e6c-0ceb-4a28-8c10-bde73a8f9fc0"
            ],
            "branches": [],
            "jumpers": []
        },
        "78b63be1-5b81-4065-a931-ce912c8d2921": {
            "name": "Race PX Models",
            "children": [
                "a01936fe-64f9-4f41-86d0-c8985b6a81b6",
                "c96d5d34-1602-4bb2-955c-4ce5bc96ec25",
                "3199da12-40f9-49ef-8b3e-e7e1da23f104",
                "ff12d78d-4619-4a6a-8a29-b1b4de4ce668",
                "efb6dd0b-b2b6-4e3e-a080-e50849a95422",
                "d65b0dab-17a4-4934-aa79-d2b036682120"
            ]
        },
        "a01936fe-64f9-4f41-86d0-c8985b6a81b6": {
            "name": "Autum Ring Mini Reverse Event PX",
            "notes": [],
            "elements": [
                "2f822ba9-4b3f-446c-b5d0-57fa5d87a9b6",
                "f8a555e1-535a-4d15-b7ad-10a8c381729c",
                "dafb8ccf-7130-4983-b173-65c5e0ddeb5a"
            ],
            "connections": [
                "aaa994c7-19cd-4cbc-99a0-99b667fb52c6",
                "5b12f3fe-81db-4051-b30d-a52a2a549561",
                "86a3bc96-e953-45a9-b2c2-ea15e2e6c00d"
            ],
            "branches": [],
            "jumpers": [
                "67e1e194-f552-4074-8b24-d80704ed35a1"
            ]
        },
        "d65b0dab-17a4-4934-aa79-d2b036682120": {
            "name": "Race Factors",
            "children": [
                "1cc7d9e9-bbb1-4faf-a322-4a8119905975",
                "f072b7c5-f96d-4e4d-b432-a88ebefb7630",
                "09802a08-5d18-4e10-975c-29c4ffcee057",
                "a93cf552-711c-46f7-bffb-f33b35139d16"
            ]
        },
        "a93cf552-711c-46f7-bffb-f33b35139d16": {
            "name": "A-Spec Points",
            "notes": [],
            "elements": [
                "9be317ac-5e2e-4a1f-bf13-03136d485a39",
                "30382cbb-d946-47ba-9fbf-9277fcf5303d",
                "153b5598-6f96-4f3a-b93c-1c3ebe4cd5e4",
                "48ec12d1-5a8f-4967-a85c-03f684cf5374",
                "79b366d4-6144-4961-a754-5e2caa2aca57"
            ],
            "connections": [
                "2a60c6c7-5414-4bde-9089-eddf1074190d",
                "6644319b-11aa-48ff-a06b-1f6dabd8bfc4",
                "fc83a96a-4d6f-4977-89d9-3acff50d160e",
                "00aa14f6-250a-4dae-b99b-b1c5899314f3",
                "e8a05ad5-9e3d-4469-8b2d-e46b8ebfaa0a",
                "0de1470c-3b6c-4370-9667-eece0927cd5e",
                "0fbc06b5-b8b3-41ac-9238-3441484718fd",
                "6fcabbe4-56bc-4bf6-8af1-b2a68f86acf4"
            ],
            "branches": [],
            "jumpers": []
        },
        "09802a08-5d18-4e10-975c-29c4ffcee057": {
            "name": "Laps Left",
            "notes": [],
            "elements": [
                "f0838c17-adba-499e-be53-89fc785d95bb",
                "53b9fe02-208b-406d-8c6b-965394aa047b",
                "4abddfc6-ded3-44e3-af45-b77762bfe8c7",
                "ceadde8f-f151-43d0-a2c5-9516de8d30f9",
                "2cfedeb4-5f7e-415c-8c04-6de26ec33c56"
            ],
            "connections": [
                "203c7ef2-ebe8-4ec0-af8e-65fc1a0ea200",
                "867ef885-e430-4d71-a40b-034f7da55c93",
                "30c04a05-f4e4-4b54-983b-dfa08337b838",
                "df3c8632-abca-4c7b-b753-ecf09cba7e5b"
            ],
            "branches": [],
            "jumpers": []
        },
        "ff12d78d-4619-4a6a-8a29-b1b4de4ce668": {
            "connections": [
                "32a8031c-41ed-4bd9-a250-568d68ddaab5",
                "60f1a13a-1172-428d-b0f8-4c686cc23f43",
                "b8225252-fd2b-4ed1-97f8-f01906e67b3e"
            ],
            "notes": [],
            "name": "Clubman Stage Route 5 PX",
            "elements": [
                "d4e9198c-2676-4488-88e4-5addcc64a6a8",
                "10ee2d19-78b5-46d8-bb29-49acf4fa894c",
                "187e915f-a2bb-4dc5-8b00-d2904a2dbddc"
            ],
            "branches": [],
            "jumpers": [
                "5320151d-c73b-4b08-969f-45c2ff80e8a6"
            ]
        },
        "efb6dd0b-b2b6-4e3e-a080-e50849a95422": {
            "connections": [
                "56f0484f-ed28-46f0-aff7-e30114f3f03b",
                "ef2f2060-1102-4ae8-b933-03a0bad0d28a",
                "3a62e002-2341-4164-84d9-09dfe2565bbf"
            ],
            "notes": [],
            "name": "Twin Ring Motegi West Short Course PX",
            "elements": [
                "4433dc4e-3ddd-4cb2-a386-be6b7bafed2c",
                "f14a2fa7-640d-4f19-bc43-63f77469e950",
                "3473367f-c597-4815-8b59-eb71b03913f1"
            ],
            "branches": [],
            "jumpers": [
                "567a0f92-1fc4-4b5c-be99-a5a23dab9a86"
            ]
        },
        "f072b7c5-f96d-4e4d-b432-a88ebefb7630": {
            "name": "Player Position",
            "notes": [],
            "elements": [
                "92c37bbe-7c23-4cb4-98bd-468825c5a896",
                "d9ae77b2-ffa6-499c-ab80-a70455d14dc0",
                "e1ab182a-0453-432d-9361-7ed574305eaa",
                "091993c4-5d65-4c32-a370-37b51b50ea95",
                "46b87df4-8923-4c8b-8b13-cc8213df8554",
                "bf3bcbf5-8648-4eff-8b25-17867bfe4c9b"
            ],
            "connections": [
                "8016ea37-5d6f-4821-b7b9-f1d19cffceb1",
                "64aad38a-adcf-483d-9057-7bcf6f3a7f35",
                "5662c25c-34a9-46ea-bd92-800a08cfc02e",
                "d672c41b-ae9e-4768-9469-9167614fadcf",
                "89dfac77-cd9a-4341-b95c-c23f2e84308f",
                "589d4fa5-cb2b-4743-bc45-10e712454156",
                "f6b7e515-dfda-48dc-8266-3916534d7fa1",
                "d03f39f2-a95d-4467-8d44-f2dd2d19ff4a",
                "c857b368-ef5d-42e9-bb6b-da3971c13380",
                "57b64793-3b8d-42d4-9f09-678bc34091d1"
            ],
            "branches": [],
            "jumpers": []
        },
        "1cc7d9e9-bbb1-4faf-a322-4a8119905975": {
            "name": "Player Gap",
            "notes": [],
            "elements": [
                "b3eff787-36f7-43c1-b678-13534d788f26",
                "6f4a5c98-9188-4858-a52b-c12634cccb4f",
                "10351e8c-75a4-4946-b65a-43e3ffa02d41",
                "4d63a81b-8c98-426b-b89c-c19ae92a6a67",
                "88f921ec-1e0b-4535-80ca-c728e8831dd3"
            ],
            "connections": [
                "a8d3183d-e497-4f02-acb8-5d86fe4e2258",
                "41d45837-7f88-4752-b549-40e879e535f7",
                "b603e697-9e68-4d3d-8ca2-a8d93995a6ab",
                "a0c2e726-6b02-4d47-b7ca-0cedb96652e1",
                "d7aa37c0-3ed0-4c43-9758-dd8e11194731",
                "1c4b1106-3b0a-4669-bd48-88ce39bdc20c",
                "f2c66d2f-b649-492b-90f8-d4c7ad3c2cd4",
                "ceb7ad6b-e391-4961-bac9-2ccc1e41ed3e"
            ],
            "branches": [],
            "jumpers": []
        },
        "c96d5d34-1602-4bb2-955c-4ce5bc96ec25": {
            "connections": [
                "e2278f4a-f52b-4e21-9247-54cee466db40",
                "532cb60f-157b-4ba4-a32f-6593d43c20de",
                "919fc9d5-03a4-4ee7-8390-0a41cfc1346f"
            ],
            "notes": [],
            "name": "Beginner Course PX",
            "elements": [
                "53a0f7af-9586-4962-ade9-391d6ed6c7a6",
                "f3982734-442c-4d33-ab46-a0318b5e07cb",
                "ac0d74d9-3dd8-4e3c-bcc4-b199428deaec"
            ],
            "branches": [],
            "jumpers": [
                "19db0330-8b94-468a-8d8d-83df4bc56036"
            ]
        },
        "3199da12-40f9-49ef-8b3e-e7e1da23f104": {
            "connections": [
                "a646de80-3880-4e42-97b7-2ed389e1f4f1",
                "614aadb0-1bb5-4705-8d88-eb860ac40c8e",
                "34a39cb0-6631-4771-afc3-f4a4d53d5aff"
            ],
            "notes": [],
            "name": "High Speed Ring PX",
            "elements": [
                "d249c522-fa0b-4664-95f5-24b48196822e",
                "1429ef07-98f7-4f2d-9978-e6bc555587ae",
                "18e42bd8-bf73-47ee-a321-fb21eb607938"
            ],
            "branches": [],
            "jumpers": [
                "4ef5cc5d-b1ed-4cf0-9d3c-bc8611cd432b"
            ]
        }
    },
    "notes": {},
    "elements": {
        "be061826-8967-4c15-ba1d-b2e3c76fc88b": {
            "autoHeight": true,
            "theme": "default",
            "components": [],
            "outputs": [
                "a998c13a-b870-4a05-8f6c-355c38d8036c"
            ],
            "content": "<pre><code>high_speed_course_won = false<\/code><\/pre>",
            "title": "<p>High Speed Ring not Won<\/p>"
        },
        "d819d6d1-00e9-474c-a146-c436f1da9d6d": {
            "autoHeight": true,
            "theme": "default",
            "components": [],
            "outputs": [],
            "content": "<pre><code>high_speed_course_won = true<\/code><\/pre>",
            "title": "<p>High Speed Ring Won<\/p>"
        },
        "fd4646a4-457d-4039-ba5b-95e237464c5d": {
            "outputs": [
                "bacb0321-a394-4f49-a9ff-3cccea721559"
            ],
            "components": [],
            "theme": "default",
            "autoHeight": true,
            "content": "<pre><code>autumn_ring_won = false<\/code><\/pre>",
            "title": "<p>Autumn Mini Ring Reverse not Won<\/p>"
        },
        "b6cdcab7-e451-4d7c-a108-a57902480d9c": {
            "outputs": [],
            "components": [],
            "theme": "default",
            "autoHeight": true,
            "content": "<pre><code>autumn_ring_won = true<\/code><\/pre>",
            "title": "<p>Autumn Mini Ring Reverse Won<\/p>"
        },
        "9691516f-65c9-4c7f-8e4a-7ca3274ba60f": {
            "outputs": [
                "b5be3a0e-7289-40b7-8a1c-ed7270d6fcd0"
            ],
            "components": [],
            "theme": "default",
            "autoHeight": true,
            "content": "<pre><code>beginner_course_won = false<\/code><\/pre>",
            "title": "<p>Beginner Course not Won<\/p>"
        },
        "c4e4baf6-ef15-4a0f-9206-ec0c640011b9": {
            "outputs": [],
            "components": [],
            "theme": "default",
            "autoHeight": true,
            "content": "<pre><code>autumn_ring_won = true<\/code><\/pre>",
            "title": "<p>Beginner Course Won<\/p>"
        },
        "e9bfe9d9-cf11-4e2c-8a98-ce35be3b8234": {
            "outputs": [
                "6116cc80-fc51-4fe2-9dad-1e7027f8fe3d"
            ],
            "components": [],
            "theme": "default",
            "autoHeight": true,
            "content": "<pre><code>clubman_state_route_5_won = false<\/code><\/pre>",
            "title": "<p>Clubman Stage Route 5 not Won<\/p>"
        },
        "fe4aeb11-02aa-43b1-8c55-1c645e54607a": {
            "outputs": [],
            "components": [],
            "theme": "default",
            "autoHeight": true,
            "content": "<pre><code>clubman_state_route_5_won = true<\/code><\/pre>",
            "title": "<p>Clubman Stage Route 5 Won<\/p>"
        },
        "714b7806-2f1d-41c6-bd1c-087cb5015054": {
            "autoHeight": true,
            "theme": "default",
            "components": [],
            "outputs": [
                "1db61995-fe0d-4805-bb7d-eac21be99a1d"
            ],
            "content": "<pre><code>twin_ring_motegi_short_course_won = false<\/code><\/pre>",
            "title": "<p>Twin Ring Motegi West Short Course not Won<\/p>"
        },
        "f8727e6c-0ceb-4a28-8c10-bde73a8f9fc0": {
            "autoHeight": true,
            "theme": "default",
            "components": [],
            "outputs": [],
            "content": "<pre><code>twin_ring_motegi_short_course_won = true<\/code><\/pre>",
            "title": "<p>Twin Ring Motegi West Short Course Won<\/p>"
        },
        "6e774dae-cbf3-40cb-9438-16875cac79a8": {
            "autoHeight": true,
            "theme": "default",
            "components": [],
            "outputs": [
                "6cbd8af7-96c6-4f2f-a5f3-e783bf211fd0",
                "fb9a316a-6384-4420-a328-9d5ea5922cfd",
                "f858bb33-4d9e-4c1a-ac81-aca7cf57c398",
                "86fda968-8c8d-419c-a121-f1bd8bafeb55",
                "d2340ea2-dec3-4368-961d-d4121bf492f5"
            ],
            "content": "",
            "title": "<p>Menu<\/p>"
        },
        "2f822ba9-4b3f-446c-b5d0-57fa5d87a9b6": {
            "autoHeight": true,
            "theme": "default",
            "components": [],
            "outputs": [
                "5b12f3fe-81db-4051-b30d-a52a2a549561"
            ],
            "content": "<pre><code>current_player_position = 6<\/code><\/pre><pre><code>remaining_laps = 2<\/code><\/pre><pre><code>player_gap = 4<\/code><\/pre>",
            "title": "<p>Start Autumn Ring Mini Reverse Race<\/p>"
        },
        "f8a555e1-535a-4d15-b7ad-10a8c381729c": {
            "autoHeight": true,
            "theme": "default",
            "components": [],
            "outputs": [
                "aaa994c7-19cd-4cbc-99a0-99b667fb52c6"
            ],
            "content": "",
            "title": "<p>Finish Autumn Ring Mini Reverse Race<\/p>"
        },
        "79b366d4-6144-4961-a754-5e2caa2aca57": {
            "autoHeight": true,
            "theme": "default",
            "components": [],
            "outputs": [
                "6644319b-11aa-48ff-a06b-1f6dabd8bfc4",
                "0de1470c-3b6c-4370-9667-eece0927cd5e",
                "0fbc06b5-b8b3-41ac-9238-3441484718fd"
            ],
            "content": "",
            "title": "<p>Determine A-Spec Points<\/p>"
        },
        "30382cbb-d946-47ba-9fbf-9277fcf5303d": {
            "autoHeight": true,
            "theme": "default",
            "components": [],
            "outputs": [
                "6fcabbe4-56bc-4bf6-8af1-b2a68f86acf4"
            ],
            "content": "<pre><code>a_spec_points = 75<\/code><\/pre>",
            "title": "<p>Medium-Low A-Spec points<\/p>"
        },
        "153b5598-6f96-4f3a-b93c-1c3ebe4cd5e4": {
            "autoHeight": true,
            "theme": "default",
            "components": [],
            "outputs": [
                "fc83a96a-4d6f-4977-89d9-3acff50d160e",
                "00aa14f6-250a-4dae-b99b-b1c5899314f3"
            ],
            "content": "<pre><code>a_spec_points = 125<\/code><\/pre>",
            "title": "<p>Medium-High A-Spec points<\/p>"
        },
        "48ec12d1-5a8f-4967-a85c-03f684cf5374": {
            "autoHeight": true,
            "theme": "default",
            "components": [],
            "outputs": [
                "e8a05ad5-9e3d-4469-8b2d-e46b8ebfaa0a"
            ],
            "content": "<pre><code>a_spec_points = 175<\/code><\/pre>",
            "title": "<p>High A-Spec points<\/p>"
        },
        "f0838c17-adba-499e-be53-89fc785d95bb": {
            "autoHeight": true,
            "theme": "default",
            "components": [],
            "outputs": [
                "203c7ef2-ebe8-4ec0-af8e-65fc1a0ea200"
            ],
            "content": "<pre><code>remaining_laps = 2<\/code><\/pre>",
            "title": "<p>Remaining Laps: 2<\/p>"
        },
        "53b9fe02-208b-406d-8c6b-965394aa047b": {
            "autoHeight": true,
            "components": [],
            "theme": "default",
            "outputs": [
                "867ef885-e430-4d71-a40b-034f7da55c93"
            ],
            "content": "<pre><code>remaining_laps = 2<\/code><\/pre>",
            "title": "<p>Remaining Laps: 1<\/p>"
        },
        "4abddfc6-ded3-44e3-af45-b77762bfe8c7": {
            "autoHeight": true,
            "theme": "default",
            "components": [],
            "outputs": [],
            "content": "<pre><code>remaining_laps = 0<\/code><\/pre>",
            "title": "<p>Race finished<\/p>"
        },
        "ceadde8f-f151-43d0-a2c5-9516de8d30f9": {
            "autoHeight": true,
            "components": [],
            "theme": "default",
            "outputs": [
                "30c04a05-f4e4-4b54-983b-dfa08337b838"
            ],
            "content": "<pre><code>remaining_laps = 3<\/code><\/pre>",
            "title": "<p>Remaining Laps: 3<\/p>"
        },
        "2cfedeb4-5f7e-415c-8c04-6de26ec33c56": {
            "autoHeight": true,
            "components": [],
            "theme": "default",
            "outputs": [
                "df3c8632-abca-4c7b-b753-ecf09cba7e5b"
            ],
            "content": "<pre><code>remaining_laps = 4<\/code><\/pre>",
            "title": "<p>Remaining Laps: 4<\/p>"
        },
        "3473367f-c597-4815-8b59-eb71b03913f1": {
            "autoHeight": true,
            "components": [],
            "theme": "default",
            "outputs": [
                "3a62e002-2341-4164-84d9-09dfe2565bbf"
            ],
            "content": "",
            "title": "<p>Race in Twin Ring Motegi West Short Course Event<\/p>"
        },
        "f14a2fa7-640d-4f19-bc43-63f77469e950": {
            "autoHeight": true,
            "theme": "default",
            "components": [],
            "outputs": [
                "56f0484f-ed28-46f0-aff7-e30114f3f03b"
            ],
            "content": "",
            "title": "<p>Finish Twin Ring Motegi West Short Course Event<\/p>"
        },
        "dafb8ccf-7130-4983-b173-65c5e0ddeb5a": {
            "autoHeight": true,
            "components": [],
            "theme": "default",
            "outputs": [
                "86a3bc96-e953-45a9-b2c2-ea15e2e6c00d"
            ],
            "content": "",
            "title": "<p>Race in Autumn Ring Mini Reverse Race<\/p>"
        },
        "9be317ac-5e2e-4a1f-bf13-03136d485a39": {
            "autoHeight": true,
            "components": [],
            "theme": "default",
            "outputs": [
                "2a60c6c7-5414-4bde-9089-eddf1074190d"
            ],
            "content": "<pre><code>a_spec_points = 25<\/code><\/pre>",
            "title": "<p>Low A-Spec points<\/p>"
        },
        "ac0d74d9-3dd8-4e3c-bcc4-b199428deaec": {
            "autoHeight": true,
            "components": [],
            "theme": "default",
            "outputs": [
                "919fc9d5-03a4-4ee7-8390-0a41cfc1346f"
            ],
            "content": "",
            "title": "<p>Race in Beginner Course Event<\/p>"
        },
        "187e915f-a2bb-4dc5-8b00-d2904a2dbddc": {
            "autoHeight": true,
            "components": [],
            "theme": "default",
            "outputs": [
                "b8225252-fd2b-4ed1-97f8-f01906e67b3e"
            ],
            "content": "",
            "title": "<p>Race in Clubman Stage Route 5 Event<\/p>"
        },
        "18e42bd8-bf73-47ee-a321-fb21eb607938": {
            "autoHeight": true,
            "components": [],
            "theme": "default",
            "outputs": [
                "34a39cb0-6631-4771-afc3-f4a4d53d5aff"
            ],
            "content": "",
            "title": "<p>Race in High Speed Ring Event<\/p>"
        },
        "92c37bbe-7c23-4cb4-98bd-468825c5a896": {
            "autoHeight": true,
            "theme": "default",
            "components": [],
            "outputs": [
                "8016ea37-5d6f-4821-b7b9-f1d19cffceb1"
            ],
            "content": "<pre><code>current_player_position = 6<\/code><\/pre>",
            "title": "<p>Player Position: 6<\/p>"
        },
        "d9ae77b2-ffa6-499c-ab80-a70455d14dc0": {
            "autoHeight": true,
            "components": [],
            "theme": "default",
            "outputs": [
                "64aad38a-adcf-483d-9057-7bcf6f3a7f35",
                "d03f39f2-a95d-4467-8d44-f2dd2d19ff4a"
            ],
            "content": "<pre><code>current_player_position = 5<\/code><\/pre>",
            "title": "<p>Player Position: 5<\/p>"
        },
        "e1ab182a-0453-432d-9361-7ed574305eaa": {
            "autoHeight": true,
            "components": [],
            "theme": "default",
            "outputs": [
                "f6b7e515-dfda-48dc-8266-3916534d7fa1",
                "57b64793-3b8d-42d4-9f09-678bc34091d1"
            ],
            "content": "<pre><code>current_player_position = 4<\/code><\/pre>",
            "title": "<p>Player Position: 4<\/p>"
        },
        "091993c4-5d65-4c32-a370-37b51b50ea95": {
            "autoHeight": true,
            "components": [],
            "theme": "default",
            "outputs": [
                "589d4fa5-cb2b-4743-bc45-10e712454156",
                "c857b368-ef5d-42e9-bb6b-da3971c13380"
            ],
            "content": "<pre><code>current_player_position = 3<\/code><\/pre>",
            "title": "<p>Player Position: 3<\/p>"
        },
        "46b87df4-8923-4c8b-8b13-cc8213df8554": {
            "autoHeight": true,
            "components": [],
            "theme": "default",
            "outputs": [
                "d672c41b-ae9e-4768-9469-9167614fadcf",
                "89dfac77-cd9a-4341-b95c-c23f2e84308f"
            ],
            "content": "<pre><code>current_player_position = 2<\/code><\/pre>",
            "title": "<p>Player Position: 2<\/p>"
        },
        "bf3bcbf5-8648-4eff-8b25-17867bfe4c9b": {
            "autoHeight": true,
            "components": [],
            "theme": "default",
            "outputs": [
                "5662c25c-34a9-46ea-bd92-800a08cfc02e"
            ],
            "content": "<pre><code>current_player_position = 1<\/code><\/pre>",
            "title": "<p>Player Position: 1<\/p>"
        },
        "b3eff787-36f7-43c1-b678-13534d788f26": {
            "autoHeight": true,
            "theme": "default",
            "components": [],
            "outputs": [
                "d7aa37c0-3ed0-4c43-9758-dd8e11194731"
            ],
            "content": "<pre><code>player_gap = 5<\/code><\/pre>",
            "title": "<p>Player Gap: 5+ seconds to leader<\/p>"
        },
        "6f4a5c98-9188-4858-a52b-c12634cccb4f": {
            "autoHeight": true,
            "components": [],
            "theme": "default",
            "outputs": [
                "b603e697-9e68-4d3d-8ca2-a8d93995a6ab",
                "1c4b1106-3b0a-4669-bd48-88ce39bdc20c"
            ],
            "content": "<pre><code>player_gap = 4<\/code><\/pre>",
            "title": "<p>Player Gap: 1-5 seconds to leader<\/p>"
        },
        "10351e8c-75a4-4946-b65a-43e3ffa02d41": {
            "autoHeight": true,
            "components": [],
            "theme": "default",
            "outputs": [
                "a0c2e726-6b02-4d47-b7ca-0cedb96652e1",
                "ceb7ad6b-e391-4961-bac9-2ccc1e41ed3e"
            ],
            "content": "<pre><code>player_gap = 3<\/code><\/pre>",
            "title": "<p>Player Gap: 0-1 seconds to leader<\/p>"
        },
        "4d63a81b-8c98-426b-b89c-c19ae92a6a67": {
            "autoHeight": true,
            "components": [],
            "theme": "default",
            "outputs": [
                "a8d3183d-e497-4f02-acb8-5d86fe4e2258",
                "41d45837-7f88-4752-b549-40e879e535f7"
            ],
            "content": "<pre><code>player_gap = 2<\/code><\/pre>",
            "title": "<p>Player Gap: 0-1 seconds to second place<\/p>"
        },
        "88f921ec-1e0b-4535-80ca-c728e8831dd3": {
            "autoHeight": true,
            "components": [],
            "theme": "default",
            "outputs": [
                "f2c66d2f-b649-492b-90f8-d4c7ad3c2cd4"
            ],
            "content": "<pre><code>player_gap = 1<\/code><\/pre>",
            "title": "<p>Player Gap: 1+ second to second place<\/p>"
        },
        "53a0f7af-9586-4962-ade9-391d6ed6c7a6": {
            "outputs": [
                "532cb60f-157b-4ba4-a32f-6593d43c20de"
            ],
            "components": [],
            "theme": "default",
            "autoHeight": true,
            "content": "<pre><code>current_player_position = 6<\/code><\/pre><pre><code>remaining_laps = 4<\/code><\/pre><pre><code>player_gap = 4<\/code><\/pre>",
            "title": "<p>Start Beginner Course Event<\/p>"
        },
        "f3982734-442c-4d33-ab46-a0318b5e07cb": {
            "outputs": [
                "e2278f4a-f52b-4e21-9247-54cee466db40"
            ],
            "components": [],
            "theme": "default",
            "autoHeight": true,
            "content": "",
            "title": "<p>Finish Beginner Course Event<\/p>"
        },
        "d249c522-fa0b-4664-95f5-24b48196822e": {
            "autoHeight": true,
            "theme": "default",
            "components": [],
            "outputs": [
                "614aadb0-1bb5-4705-8d88-eb860ac40c8e"
            ],
            "content": "<pre><code>current_player_position = 6<\/code><\/pre><pre><code>remaining_laps = 2<\/code><\/pre><pre><code>player_gap = 4<\/code><\/pre>",
            "title": "<p>Start High Speed Ring Event<\/p>"
        },
        "1429ef07-98f7-4f2d-9978-e6bc555587ae": {
            "autoHeight": true,
            "theme": "default",
            "components": [],
            "outputs": [
                "a646de80-3880-4e42-97b7-2ed389e1f4f1"
            ],
            "content": "",
            "title": "<p>Finish High Speed Ring Event<\/p>"
        },
        "d4e9198c-2676-4488-88e4-5addcc64a6a8": {
            "outputs": [
                "60f1a13a-1172-428d-b0f8-4c686cc23f43"
            ],
            "components": [],
            "theme": "default",
            "autoHeight": true,
            "content": "<pre><code>current_player_position = 6<\/code><\/pre><pre><code>remaining_laps = 2<\/code><\/pre><pre><code>player_gap = 4<\/code><\/pre>",
            "title": "<p>Start Clubman Stage Route 5 Event<\/p>"
        },
        "10ee2d19-78b5-46d8-bb29-49acf4fa894c": {
            "outputs": [
                "32a8031c-41ed-4bd9-a250-568d68ddaab5"
            ],
            "components": [],
            "theme": "default",
            "autoHeight": true,
            "content": "",
            "title": "<p>Finish Clubman Stage Route 5 Event<\/p>"
        },
        "4433dc4e-3ddd-4cb2-a386-be6b7bafed2c": {
            "autoHeight": true,
            "theme": "default",
            "components": [],
            "outputs": [
                "ef2f2060-1102-4ae8-b933-03a0bad0d28a"
            ],
            "content": "<pre><code>current_player_position = 6<\/code><\/pre><pre><code>remaining_laps = 3<\/code><\/pre><pre><code>player_gap = 4<\/code><\/pre>",
            "title": "<p>Start Twin Ring Motegi West Short Course Event<\/p>"
        }
    },
    "jumpers": {
        "459c8a9c-0618-403b-a92f-16bbe3e75bb0": {
            "elementId": "2f822ba9-4b3f-446c-b5d0-57fa5d87a9b6",
            "height": 86,
            "width": 185
        },
        "67754c77-f8ba-491d-8891-0e1357e0fc97": {
            "elementId": "53a0f7af-9586-4962-ade9-391d6ed6c7a6",
            "height": 86,
            "width": 185
        },
        "db20865f-3ddd-446d-9d06-1ed694b65c49": {
            "elementId": "d249c522-fa0b-4664-95f5-24b48196822e",
            "height": 86,
            "width": 185
        },
        "0eec2010-d4c0-4093-a8a7-8f3ace539007": {
            "elementId": "d4e9198c-2676-4488-88e4-5addcc64a6a8",
            "height": 86,
            "width": 185
        },
        "c31de8e5-c9b3-4fe7-b84c-732e92fc03bd": {
            "elementId": "4433dc4e-3ddd-4cb2-a386-be6b7bafed2c",
            "height": 86,
            "width": 185
        },
        "67e1e194-f552-4074-8b24-d80704ed35a1": {
            "elementId": "6e774dae-cbf3-40cb-9438-16875cac79a8",
            "height": 86,
            "width": 185
        },
        "19db0330-8b94-468a-8d8d-83df4bc56036": {
            "elementId": "6e774dae-cbf3-40cb-9438-16875cac79a8",
            "height": 86,
            "width": 185
        },
        "4ef5cc5d-b1ed-4cf0-9d3c-bc8611cd432b": {
            "elementId": "6e774dae-cbf3-40cb-9438-16875cac79a8",
            "height": 86,
            "width": 185
        },
        "5320151d-c73b-4b08-969f-45c2ff80e8a6": {
            "elementId": "6e774dae-cbf3-40cb-9438-16875cac79a8",
            "height": 86,
            "width": 185
        },
        "567a0f92-1fc4-4b5c-be99-a5a23dab9a86": {
            "elementId": "6e774dae-cbf3-40cb-9438-16875cac79a8",
            "height": 86,
            "width": 185
        }
    },
    "connections": {
        "a998c13a-b870-4a05-8f6c-355c38d8036c": {
            "targetFace": "left",
            "type": "Bezier",
            "targetType": "elements",
            "targetid": "d819d6d1-00e9-474c-a146-c436f1da9d6d",
            "sourceid": "be061826-8967-4c15-ba1d-b2e3c76fc88b",
            "theme": "default",
            "sourceType": "elements",
            "label": null
        },
        "bacb0321-a394-4f49-a9ff-3cccea721559": {
            "sourceType": "elements",
            "targetid": "b6cdcab7-e451-4d7c-a108-a57902480d9c",
            "sourceid": "fd4646a4-457d-4039-ba5b-95e237464c5d",
            "targetFace": "left",
            "targetType": "elements",
            "theme": "default",
            "type": "Bezier",
            "label": null
        },
        "b5be3a0e-7289-40b7-8a1c-ed7270d6fcd0": {
            "sourceType": "elements",
            "targetid": "c4e4baf6-ef15-4a0f-9206-ec0c640011b9",
            "sourceid": "9691516f-65c9-4c7f-8e4a-7ca3274ba60f",
            "targetFace": "left",
            "targetType": "elements",
            "theme": "default",
            "type": "Bezier",
            "label": null
        },
        "6116cc80-fc51-4fe2-9dad-1e7027f8fe3d": {
            "sourceType": "elements",
            "targetid": "fe4aeb11-02aa-43b1-8c55-1c645e54607a",
            "sourceid": "e9bfe9d9-cf11-4e2c-8a98-ce35be3b8234",
            "targetFace": "left",
            "targetType": "elements",
            "theme": "default",
            "type": "Bezier",
            "label": null
        },
        "1db61995-fe0d-4805-bb7d-eac21be99a1d": {
            "type": "Bezier",
            "targetid": "f8727e6c-0ceb-4a28-8c10-bde73a8f9fc0",
            "targetFace": "left",
            "targetType": "elements",
            "sourceid": "714b7806-2f1d-41c6-bd1c-087cb5015054",
            "theme": "default",
            "sourceType": "elements",
            "label": null
        },
        "56f0484f-ed28-46f0-aff7-e30114f3f03b": {
            "type": "Bezier",
            "targetType": "jumpers",
            "targetid": "567a0f92-1fc4-4b5c-be99-a5a23dab9a86",
            "sourceid": "f14a2fa7-640d-4f19-bc43-63f77469e950",
            "theme": "default",
            "sourceType": "elements",
            "label": null
        },
        "d2340ea2-dec3-4368-961d-d4121bf492f5": {
            "targetType": "jumpers",
            "type": "Bezier",
            "targetid": "459c8a9c-0618-403b-a92f-16bbe3e75bb0",
            "sourceid": "6e774dae-cbf3-40cb-9438-16875cac79a8",
            "theme": "default",
            "sourceType": "elements",
            "label": "<p>Player selects Autumn Ring Race<\/p>"
        },
        "5b12f3fe-81db-4051-b30d-a52a2a549561": {
            "type": "Bezier",
            "targetType": "elements",
            "targetid": "dafb8ccf-7130-4983-b173-65c5e0ddeb5a",
            "sourceid": "2f822ba9-4b3f-446c-b5d0-57fa5d87a9b6",
            "theme": "default",
            "sourceType": "elements",
            "label": null
        },
        "3a62e002-2341-4164-84d9-09dfe2565bbf": {
            "type": "Bezier",
            "targetType": "elements",
            "targetid": "f14a2fa7-640d-4f19-bc43-63f77469e950",
            "sourceid": "3473367f-c597-4815-8b59-eb71b03913f1",
            "theme": "default",
            "sourceType": "elements",
            "label": null
        },
        "86a3bc96-e953-45a9-b2c2-ea15e2e6c00d": {
            "type": "Bezier",
            "targetType": "elements",
            "targetid": "f8a555e1-535a-4d15-b7ad-10a8c381729c",
            "sourceid": "dafb8ccf-7130-4983-b173-65c5e0ddeb5a",
            "theme": "default",
            "sourceType": "elements",
            "label": null
        },
        "614aadb0-1bb5-4705-8d88-eb860ac40c8e": {
            "type": "Bezier",
            "targetType": "elements",
            "targetid": "18e42bd8-bf73-47ee-a321-fb21eb607938",
            "sourceid": "d249c522-fa0b-4664-95f5-24b48196822e",
            "theme": "default",
            "sourceType": "elements",
            "label": null
        },
        "aaa994c7-19cd-4cbc-99a0-99b667fb52c6": {
            "type": "Bezier",
            "targetType": "jumpers",
            "targetid": "67e1e194-f552-4074-8b24-d80704ed35a1",
            "sourceid": "f8a555e1-535a-4d15-b7ad-10a8c381729c",
            "theme": "default",
            "sourceType": "elements",
            "label": null
        },
        "e2278f4a-f52b-4e21-9247-54cee466db40": {
            "type": "Bezier",
            "targetType": "jumpers",
            "targetid": "19db0330-8b94-468a-8d8d-83df4bc56036",
            "sourceid": "f3982734-442c-4d33-ab46-a0318b5e07cb",
            "theme": "default",
            "sourceType": "elements",
            "label": null
        },
        "60f1a13a-1172-428d-b0f8-4c686cc23f43": {
            "type": "Bezier",
            "targetType": "elements",
            "targetid": "187e915f-a2bb-4dc5-8b00-d2904a2dbddc",
            "sourceid": "d4e9198c-2676-4488-88e4-5addcc64a6a8",
            "theme": "default",
            "sourceType": "elements",
            "label": null
        },
        "f858bb33-4d9e-4c1a-ac81-aca7cf57c398": {
            "type": "Bezier",
            "targetType": "jumpers",
            "targetid": "0eec2010-d4c0-4093-a8a7-8f3ace539007",
            "sourceid": "6e774dae-cbf3-40cb-9438-16875cac79a8",
            "theme": "default",
            "sourceType": "elements",
            "label": "<p>Player selects Clubman Stage Route 5 Race<\/p>"
        },
        "ef2f2060-1102-4ae8-b933-03a0bad0d28a": {
            "type": "Bezier",
            "targetType": "elements",
            "targetid": "3473367f-c597-4815-8b59-eb71b03913f1",
            "sourceid": "4433dc4e-3ddd-4cb2-a386-be6b7bafed2c",
            "theme": "default",
            "sourceType": "elements",
            "label": null
        },
        "a646de80-3880-4e42-97b7-2ed389e1f4f1": {
            "type": "Bezier",
            "targetType": "jumpers",
            "targetid": "4ef5cc5d-b1ed-4cf0-9d3c-bc8611cd432b",
            "sourceid": "1429ef07-98f7-4f2d-9978-e6bc555587ae",
            "theme": "default",
            "sourceType": "elements",
            "label": null
        },
        "32a8031c-41ed-4bd9-a250-568d68ddaab5": {
            "type": "Bezier",
            "targetType": "jumpers",
            "targetid": "5320151d-c73b-4b08-969f-45c2ff80e8a6",
            "sourceid": "10ee2d19-78b5-46d8-bb29-49acf4fa894c",
            "theme": "default",
            "sourceType": "elements",
            "label": null
        },
        "203c7ef2-ebe8-4ec0-af8e-65fc1a0ea200": {
            "targetFace": "left",
            "type": "Bezier",
            "targetType": "elements",
            "targetid": "53b9fe02-208b-406d-8c6b-965394aa047b",
            "sourceid": "f0838c17-adba-499e-be53-89fc785d95bb",
            "theme": "default",
            "sourceType": "elements",
            "label": null
        },
        "867ef885-e430-4d71-a40b-034f7da55c93": {
            "targetFace": "left",
            "type": "Bezier",
            "targetType": "elements",
            "targetid": "4abddfc6-ded3-44e3-af45-b77762bfe8c7",
            "sourceid": "53b9fe02-208b-406d-8c6b-965394aa047b",
            "theme": "default",
            "sourceType": "elements",
            "label": null
        },
        "30c04a05-f4e4-4b54-983b-dfa08337b838": {
            "type": "Bezier",
            "targetType": "elements",
            "targetid": "f0838c17-adba-499e-be53-89fc785d95bb",
            "sourceid": "ceadde8f-f151-43d0-a2c5-9516de8d30f9",
            "theme": "default",
            "sourceType": "elements",
            "label": null
        },
        "df3c8632-abca-4c7b-b753-ecf09cba7e5b": {
            "targetFace": "left",
            "type": "Bezier",
            "targetType": "elements",
            "targetid": "ceadde8f-f151-43d0-a2c5-9516de8d30f9",
            "sourceid": "2cfedeb4-5f7e-415c-8c04-6de26ec33c56",
            "theme": "default",
            "sourceType": "elements",
            "label": null
        },
        "0de1470c-3b6c-4370-9667-eece0927cd5e": {
            "type": "Bezier",
            "targetType": "elements",
            "targetid": "48ec12d1-5a8f-4967-a85c-03f684cf5374",
            "sourceid": "79b366d4-6144-4961-a754-5e2caa2aca57",
            "theme": "default",
            "sourceType": "elements",
            "label": null
        },
        "0fbc06b5-b8b3-41ac-9238-3441484718fd": {
            "type": "Bezier",
            "targetType": "elements",
            "targetid": "30382cbb-d946-47ba-9fbf-9277fcf5303d",
            "sourceid": "79b366d4-6144-4961-a754-5e2caa2aca57",
            "theme": "default",
            "sourceType": "elements",
            "label": null
        },
        "6fcabbe4-56bc-4bf6-8af1-b2a68f86acf4": {
            "type": "Bezier",
            "targetType": "elements",
            "targetid": "79b366d4-6144-4961-a754-5e2caa2aca57",
            "sourceid": "30382cbb-d946-47ba-9fbf-9277fcf5303d",
            "theme": "default",
            "sourceType": "elements",
            "label": null
        },
        "00aa14f6-250a-4dae-b99b-b1c5899314f3": {
            "type": "Bezier",
            "targetType": "elements",
            "targetid": "79b366d4-6144-4961-a754-5e2caa2aca57",
            "sourceid": "153b5598-6f96-4f3a-b93c-1c3ebe4cd5e4",
            "theme": "default",
            "sourceType": "elements",
            "label": null
        },
        "e8a05ad5-9e3d-4469-8b2d-e46b8ebfaa0a": {
            "type": "Bezier",
            "targetType": "elements",
            "targetid": "79b366d4-6144-4961-a754-5e2caa2aca57",
            "sourceid": "48ec12d1-5a8f-4967-a85c-03f684cf5374",
            "theme": "default",
            "sourceType": "elements",
            "label": null
        },
        "8016ea37-5d6f-4821-b7b9-f1d19cffceb1": {
            "targetFace": "left",
            "type": "Bezier",
            "targetType": "elements",
            "targetid": "d9ae77b2-ffa6-499c-ab80-a70455d14dc0",
            "sourceid": "92c37bbe-7c23-4cb4-98bd-468825c5a896",
            "theme": "default",
            "sourceType": "elements",
            "label": null
        },
        "64aad38a-adcf-483d-9057-7bcf6f3a7f35": {
            "type": "Bezier",
            "targetType": "elements",
            "targetid": "92c37bbe-7c23-4cb4-98bd-468825c5a896",
            "sourceid": "d9ae77b2-ffa6-499c-ab80-a70455d14dc0",
            "theme": "default",
            "sourceType": "elements",
            "label": null
        },
        "5662c25c-34a9-46ea-bd92-800a08cfc02e": {
            "targetFace": "right",
            "type": "Bezier",
            "targetType": "elements",
            "targetid": "46b87df4-8923-4c8b-8b13-cc8213df8554",
            "sourceid": "bf3bcbf5-8648-4eff-8b25-17867bfe4c9b",
            "theme": "default",
            "sourceType": "elements",
            "label": null
        },
        "d672c41b-ae9e-4768-9469-9167614fadcf": {
            "type": "Bezier",
            "targetType": "elements",
            "targetid": "bf3bcbf5-8648-4eff-8b25-17867bfe4c9b",
            "sourceid": "46b87df4-8923-4c8b-8b13-cc8213df8554",
            "theme": "default",
            "sourceType": "elements",
            "label": null
        },
        "89dfac77-cd9a-4341-b95c-c23f2e84308f": {
            "type": "Bezier",
            "targetType": "elements",
            "targetid": "091993c4-5d65-4c32-a370-37b51b50ea95",
            "sourceid": "46b87df4-8923-4c8b-8b13-cc8213df8554",
            "theme": "default",
            "sourceType": "elements",
            "label": null
        },
        "589d4fa5-cb2b-4743-bc45-10e712454156": {
            "type": "Bezier",
            "targetType": "elements",
            "targetid": "46b87df4-8923-4c8b-8b13-cc8213df8554",
            "sourceid": "091993c4-5d65-4c32-a370-37b51b50ea95",
            "theme": "default",
            "sourceType": "elements",
            "label": null
        },
        "d03f39f2-a95d-4467-8d44-f2dd2d19ff4a": {
            "targetFace": "left",
            "type": "Bezier",
            "targetType": "elements",
            "targetid": "e1ab182a-0453-432d-9361-7ed574305eaa",
            "sourceid": "d9ae77b2-ffa6-499c-ab80-a70455d14dc0",
            "theme": "default",
            "sourceType": "elements",
            "label": null
        },
        "c857b368-ef5d-42e9-bb6b-da3971c13380": {
            "targetType": "elements",
            "type": "Bezier",
            "targetid": "e1ab182a-0453-432d-9361-7ed574305eaa",
            "sourceid": "091993c4-5d65-4c32-a370-37b51b50ea95",
            "theme": "default",
            "sourceType": "elements",
            "label": null
        },
        "f6b7e515-dfda-48dc-8266-3916534d7fa1": {
            "type": "Bezier",
            "targetType": "elements",
            "targetid": "d9ae77b2-ffa6-499c-ab80-a70455d14dc0",
            "sourceid": "e1ab182a-0453-432d-9361-7ed574305eaa",
            "theme": "default",
            "sourceType": "elements",
            "label": null
        },
        "57b64793-3b8d-42d4-9f09-678bc34091d1": {
            "targetType": "elements",
            "type": "Bezier",
            "targetid": "091993c4-5d65-4c32-a370-37b51b50ea95",
            "sourceid": "e1ab182a-0453-432d-9361-7ed574305eaa",
            "theme": "default",
            "sourceType": "elements",
            "label": null
        },
        "a8d3183d-e497-4f02-acb8-5d86fe4e2258": {
            "type": "Bezier",
            "targetType": "elements",
            "targetid": "88f921ec-1e0b-4535-80ca-c728e8831dd3",
            "sourceid": "4d63a81b-8c98-426b-b89c-c19ae92a6a67",
            "theme": "default",
            "sourceType": "elements",
            "label": null
        },
        "fc83a96a-4d6f-4977-89d9-3acff50d160e": {
            "targetFace": "bottom",
            "type": "Bezier",
            "targetType": "elements",
            "targetid": "79b366d4-6144-4961-a754-5e2caa2aca57",
            "sourceid": "153b5598-6f96-4f3a-b93c-1c3ebe4cd5e4",
            "theme": "default",
            "sourceType": "elements",
            "label": null
        },
        "f2c66d2f-b649-492b-90f8-d4c7ad3c2cd4": {
            "targetType": "elements",
            "type": "Bezier",
            "targetid": "4d63a81b-8c98-426b-b89c-c19ae92a6a67",
            "sourceid": "88f921ec-1e0b-4535-80ca-c728e8831dd3",
            "theme": "default",
            "sourceType": "elements",
            "label": null
        },
        "41d45837-7f88-4752-b549-40e879e535f7": {
            "type": "Bezier",
            "targetType": "elements",
            "targetid": "10351e8c-75a4-4946-b65a-43e3ffa02d41",
            "sourceid": "4d63a81b-8c98-426b-b89c-c19ae92a6a67",
            "theme": "default",
            "sourceType": "elements",
            "label": null
        },
        "b603e697-9e68-4d3d-8ca2-a8d93995a6ab": {
            "type": "Bezier",
            "targetType": "elements",
            "targetid": "10351e8c-75a4-4946-b65a-43e3ffa02d41",
            "sourceid": "6f4a5c98-9188-4858-a52b-c12634cccb4f",
            "theme": "default",
            "sourceType": "elements",
            "label": null
        },
        "a0c2e726-6b02-4d47-b7ca-0cedb96652e1": {
            "targetFace": "right",
            "type": "Bezier",
            "targetType": "elements",
            "targetid": "6f4a5c98-9188-4858-a52b-c12634cccb4f",
            "sourceid": "10351e8c-75a4-4946-b65a-43e3ffa02d41",
            "theme": "default",
            "sourceType": "elements",
            "label": null
        },
        "d7aa37c0-3ed0-4c43-9758-dd8e11194731": {
            "targetFace": "left",
            "type": "Bezier",
            "targetType": "elements",
            "targetid": "6f4a5c98-9188-4858-a52b-c12634cccb4f",
            "sourceid": "b3eff787-36f7-43c1-b678-13534d788f26",
            "theme": "default",
            "sourceType": "elements",
            "label": null
        },
        "1c4b1106-3b0a-4669-bd48-88ce39bdc20c": {
            "targetFace": "right",
            "type": "Bezier",
            "targetType": "elements",
            "targetid": "b3eff787-36f7-43c1-b678-13534d788f26",
            "sourceid": "6f4a5c98-9188-4858-a52b-c12634cccb4f",
            "theme": "default",
            "sourceType": "elements",
            "label": null
        },
        "532cb60f-157b-4ba4-a32f-6593d43c20de": {
            "type": "Bezier",
            "targetType": "elements",
            "targetid": "ac0d74d9-3dd8-4e3c-bcc4-b199428deaec",
            "sourceid": "53a0f7af-9586-4962-ade9-391d6ed6c7a6",
            "theme": "default",
            "sourceType": "elements",
            "label": null
        },
        "919fc9d5-03a4-4ee7-8390-0a41cfc1346f": {
            "targetFace": "left",
            "type": "Bezier",
            "targetType": "elements",
            "targetid": "f3982734-442c-4d33-ab46-a0318b5e07cb",
            "sourceid": "ac0d74d9-3dd8-4e3c-bcc4-b199428deaec",
            "theme": "default",
            "sourceType": "elements",
            "label": null
        },
        "34a39cb0-6631-4771-afc3-f4a4d53d5aff": {
            "type": "Bezier",
            "targetType": "elements",
            "targetid": "1429ef07-98f7-4f2d-9978-e6bc555587ae",
            "sourceid": "18e42bd8-bf73-47ee-a321-fb21eb607938",
            "theme": "default",
            "sourceType": "elements",
            "label": null
        },
        "b8225252-fd2b-4ed1-97f8-f01906e67b3e": {
            "type": "Bezier",
            "targetType": "elements",
            "targetid": "10ee2d19-78b5-46d8-bb29-49acf4fa894c",
            "sourceid": "187e915f-a2bb-4dc5-8b00-d2904a2dbddc",
            "theme": "default",
            "sourceType": "elements",
            "label": null
        },
        "86fda968-8c8d-419c-a121-f1bd8bafeb55": {
            "type": "Bezier",
            "targetType": "jumpers",
            "targetid": "c31de8e5-c9b3-4fe7-b84c-732e92fc03bd",
            "sourceid": "6e774dae-cbf3-40cb-9438-16875cac79a8",
            "theme": "default",
            "sourceType": "elements",
            "label": "<p>Player selects Twin Ring Motegi West Short Course Race<\/p>"
        },
        "6cbd8af7-96c6-4f2f-a5f3-e783bf211fd0": {
            "type": "Bezier",
            "targetType": "jumpers",
            "targetid": "67754c77-f8ba-491d-8891-0e1357e0fc97",
            "sourceid": "6e774dae-cbf3-40cb-9438-16875cac79a8",
            "theme": "default",
            "sourceType": "elements",
            "label": "<p>Player selects Beginner Course Race<\/p>"
        },
        "fb9a316a-6384-4420-a328-9d5ea5922cfd": {
            "type": "Bezier",
            "targetType": "jumpers",
            "targetid": "db20865f-3ddd-446d-9d06-1ed694b65c49",
            "sourceid": "6e774dae-cbf3-40cb-9438-16875cac79a8",
            "theme": "default",
            "sourceType": "elements",
            "label": "<p>Player selects High Speed Ring Race<\/p>"
        },
        "2a60c6c7-5414-4bde-9089-eddf1074190d": {
            "targetFace": "left",
            "type": "Bezier",
            "targetType": "elements",
            "targetid": "79b366d4-6144-4961-a754-5e2caa2aca57",
            "sourceid": "9be317ac-5e2e-4a1f-bf13-03136d485a39",
            "theme": "default",
            "sourceType": "elements",
            "label": null
        },
        "6644319b-11aa-48ff-a06b-1f6dabd8bfc4": {
            "targetFace": "right",
            "type": "Bezier",
            "targetType": "elements",
            "targetid": "9be317ac-5e2e-4a1f-bf13-03136d485a39",
            "sourceid": "79b366d4-6144-4961-a754-5e2caa2aca57",
            "theme": "default",
            "sourceType": "elements",
            "label": null
        },
        "ceb7ad6b-e391-4961-bac9-2ccc1e41ed3e": {
            "targetType": "elements",
            "type": "Bezier",
            "targetid": "4d63a81b-8c98-426b-b89c-c19ae92a6a67",
            "sourceid": "10351e8c-75a4-4946-b65a-43e3ffa02d41",
            "theme": "default",
            "sourceType": "elements",
            "label": null
        }
    },
    "branches": {},
    "components": {
        "65005bda-15d0-41c5-867f-68c118829f08": {
            "root": true,
            "children": [],
            "name": "Root"
        }
    },
    "attributes": {},
    "assets": {
        "647d0495-341f-42b2-8788-b47dace22bf8": {
            "root": true,
            "children": []
        }
    },
    "variables": {
        "747d0495-341f-42b2-8788-b47dace22bf8": {
            "root": true,
            "children": [
                "966a7949-b721-4b5e-8243-d9bc6798bf7e",
                "10faf210-4a04-4233-a8d9-248f81afe434",
                "9706e49c-5c9c-4978-8757-4beada8dad55",
                "78648c2e-3ce7-4023-b94f-90ad5bbd8493",
                "7254413c-1cc1-41f9-9ac8-07fbf07ef638",
                "9972ee2f-39e5-494d-b7f1-572038a8b400",
                "8f7627a2-a3a0-49ba-99be-a3880de20f8d",
                "ea031619-1a5f-4c88-b7a8-ea369deaedc2",
                "75b9195d-24b4-4675-a155-2f2508e20ab0",
                "52eab44b-c7bb-4476-8cc8-42bffd24e4bf"
            ]
        },
        "966a7949-b721-4b5e-8243-d9bc6798bf7e": {
            "type": "boolean",
            "name": "autumn_ring_won",
            "value": false
        },
        "10faf210-4a04-4233-a8d9-248f81afe434": {
            "type": "boolean",
            "name": "beginner_course_won",
            "value": false
        },
        "9706e49c-5c9c-4978-8757-4beada8dad55": {
            "type": "boolean",
            "name": "high_speed_course_won",
            "value": false
        },
        "78648c2e-3ce7-4023-b94f-90ad5bbd8493": {
            "type": "boolean",
            "name": "clubman_state_route_5_won",
            "value": false
        },
        "7254413c-1cc1-41f9-9ac8-07fbf07ef638": {
            "type": "boolean",
            "name": "twin_ring_motegi_short_course_won",
            "value": false
        },
        "9972ee2f-39e5-494d-b7f1-572038a8b400": {
            "type": "integer",
            "name": "current_player_position",
            "value": 6
        },
        "8f7627a2-a3a0-49ba-99be-a3880de20f8d": {
            "type": "integer",
            "name": "player_gap",
            "value": 4
        },
        "ea031619-1a5f-4c88-b7a8-ea369deaedc2": {
            "type": "integer",
            "name": "a_spec_points",
            "value": 0
        },
        "75b9195d-24b4-4675-a155-2f2508e20ab0": {
            "type": "integer",
            "name": "remaining_laps",
            "value": 0
        },
        "52eab44b-c7bb-4476-8cc8-42bffd24e4bf": {
            "type": "string",
            "name": "selected_race",
            "value": ""
        }
    },
    "conditions": {},
    "name": "Gran Turismo 4 Sunday Cup",
    "cover": null
}