{
    "startingElement": null,
    "boards": {
        "2ad15ff6-f2ba-4f1d-9d9d-68938c683d7e": {
            "name": "Root",
            "root": true,
            "children": [
                "7ecf2131-b7df-43cf-bd5a-94b49ad198d3"
            ]
        },
        "630fdb8a-48d6-473e-9974-2460f7eb2b41": {
            "name": "FOTT",
            "notes": [],
            "jumpers": [
                "3f87f3aa-5a23-4358-af8f-36e1de7f6cd7",
                "585d1e04-960a-4577-9242-d6e6287bf24b"
            ],
            "branches": [
                "eb7e597a-824c-4df0-b286-f36ce7505d74"
            ],
            "elements": [
                "049dadeb-3ecd-4f84-ae3f-315e0651493b",
                "bdb18962-fd16-4818-866e-0b0f9fc18602"
            ],
            "connections": [
                "39dffdc3-1869-4cf5-9634-e00041ec9b79",
                "b566be24-825d-4230-bad8-136f5d9f389e",
                "0140f708-a50e-404e-9a4c-6fe5a0658d9f",
                "62a240e6-5293-40f0-93b2-fca4aefa96c6"
            ]
        },
        "7ecf2131-b7df-43cf-bd5a-94b49ad198d3": {
            "name": "New Folder",
            "children": [
                "630fdb8a-48d6-473e-9974-2460f7eb2b41",
                "c2832012-e3d8-49b3-a303-ba36e7ac6e14",
                "26e536c1-2bdf-46d3-b0c5-bf5be7888b16",
                "103f3967-cc39-4189-b535-a46ffc807e78",
                "b4d7ed4c-35dc-4551-a4e5-3b99599dd9f5",
                "addc90a1-84bf-454b-882b-9d8c8a67274d",
                "7c44a94f-2913-44b4-9156-2d54ea242fdb"
            ]
        },
        "c2832012-e3d8-49b3-a303-ba36e7ac6e14": {
            "name": "Part I",
            "notes": [],
            "elements": [
                "f75a8ff3-3e8f-4514-9a7b-a704a4e94346",
                "521371df-2341-406a-b97b-4ba1ed8e6436"
            ],
            "connections": [
                "cb08aaeb-809d-4532-8cd5-ef3e478c2ef8",
                "11e3fbcf-1406-4b75-ba53-e63609e558b8",
                "2220a7c8-6247-4f2c-bf0c-7071e37ce91f"
            ],
            "branches": [
                "6beb3833-6f1e-4dc3-9158-368e25da3750"
            ],
            "jumpers": [
                "73cede28-c328-42bd-ba53-b60cb1cacde9"
            ]
        },
        "26e536c1-2bdf-46d3-b0c5-bf5be7888b16": {
            "name": "Part II",
            "notes": [],
            "elements": [
                "b7c69f78-0f38-4211-afa0-9ba8cd50b838",
                "b0caa3b8-8a8e-4255-980a-fda86b9970b6",
                "79b744f1-9caf-4463-9054-3016a41fcb6d",
                "367ccb8e-0d6b-4858-9f05-0f8ce2c8ce64",
                "608fbfc9-5810-46d3-8fd9-69c7cb870f59",
                "427f6655-76ad-44ed-b593-9305de9b3a97",
                "b01c37e4-d24f-4c94-ad10-f3e0c3287b10"
            ],
            "connections": [
                "9c5e9fca-6635-4097-a16c-11cdb7654fe3",
                "91053951-953b-4871-9307-9793b7cb5d8e",
                "fab729e1-4906-48be-8870-83d5acb41ee0",
                "a9974492-b0b0-45a3-ace4-3f6401b90ebf",
                "438a15b2-12b7-45eb-a050-e3db90fb1084",
                "c67a4619-18b9-4065-abba-b8b6c38dbcb7",
                "15d45044-dbae-432a-8f94-c5fcff786f7f",
                "149e2f51-734d-4123-8f01-653a517c1140",
                "b4250518-66b2-4430-971e-ee6ec35f24d4",
                "2199e011-7aa6-41c5-b672-fb294132451f",
                "1bcd7f46-f83b-49e6-8142-5411551eb1f5",
                "03fcafde-3278-45c7-b690-1056c5b78afa",
                "e6ff2aae-79d5-4ed1-a3a9-6c873f237097"
            ],
            "branches": [
                "b19acfdd-2c4a-4568-aa9b-2719067152b8",
                "ae1a9d3c-d1db-4b10-9bce-670edbcaa502",
                "058c496a-e474-4fd7-b90e-c1a725c800cd"
            ],
            "jumpers": [
                "a4a18319-fd4b-4c44-b2ac-e4b46102fbdc"
            ]
        },
        "103f3967-cc39-4189-b535-a46ffc807e78": {
            "name": "Part III",
            "notes": [],
            "elements": [
                "5ca97e1c-6dc2-4a63-8700-ca58e53264f9",
                "d7597f12-68ba-49cd-a4a6-c872830de53a",
                "1111609e-868c-4696-8b35-0fecc9ee6721",
                "6ea2ac74-cc59-4960-a6c8-5c8a8f86dfd8",
                "8883037d-52ce-4b92-9e3e-b30612a86757",
                "bcd3c717-0855-41a5-bd16-e56a3e6e3172",
                "c8542b9f-28f5-4ce1-9228-a1e130d73838",
                "1fac1dd5-0d03-4443-9ef3-3707bb53a436"
            ],
            "connections": [
                "7fdeae12-8901-43e8-81b4-1d349a8ac38d",
                "6f0f40c4-ffdd-4fdc-aadf-1b9a445c9e74",
                "10d79f2f-6906-4b5b-847b-eed9973c8c56",
                "12dc4a4e-5501-4d0a-9cd5-c094f90a17ea",
                "4378fb54-db23-477e-8f10-0fcb3aef65aa",
                "c3b08de9-c060-4f2a-82b7-5c9c787a5a52",
                "3d77a49e-b027-41c5-8821-bde3241382a9",
                "72c984d1-dd65-4402-8568-c1c2177c74a0",
                "b159ef37-5def-4324-a89c-1b711513c349",
                "12e7c16b-e553-47a3-bcca-ec2fa9526767",
                "8038f232-8633-476a-b977-92d837380be1",
                "9eaf9b8e-c4c0-4323-beff-72dd87a5c8c1",
                "0cd33bd6-eb5b-4502-952e-602539f1a6d5"
            ],
            "branches": [
                "42bd8d6b-e1cf-4786-b672-c062330cd5f8",
                "64d39993-88a1-49bb-b7be-e15128ea3cf0"
            ],
            "jumpers": [
                "5f1bf0a2-1fbe-43da-9e24-da6bf8890f4f"
            ]
        },
        "b4d7ed4c-35dc-4551-a4e5-3b99599dd9f5": {
            "name": "POF",
            "notes": [],
            "elements": [
                "9bb09176-439e-449b-ab06-39fcbe6f17eb",
                "342010f1-8b8a-4583-b52e-9ee5db40e726"
            ],
            "connections": [
                "64ab7689-3dce-419f-93fb-2d4f591389e9"
            ],
            "branches": [],
            "jumpers": []
        },
        "addc90a1-84bf-454b-882b-9d8c8a67274d": {
            "name": "TMC",
            "notes": [],
            "elements": [
                "b4994d51-62c0-4024-8b3e-933067b9a80e",
                "9cc07d98-22d0-4a56-a591-01593a50a6de",
                "8034ca89-c344-46e6-b3b9-ebb703561ddb",
                "ca5a8f0a-a50a-40a8-b812-738e175e2d54"
            ],
            "connections": [
                "c5aeae52-d43f-4348-9299-35f84c2f8ea9",
                "f28e6956-06f0-4f85-a3a1-6c74076c4c38",
                "e9a0d4f9-7500-4f59-937e-f38e20c96e01"
            ],
            "branches": [],
            "jumpers": []
        },
        "7c44a94f-2913-44b4-9156-2d54ea242fdb": {
            "name": "WITMB",
            "notes": [],
            "elements": [
                "db728444-d822-4376-9cb3-2c817022e62e",
                "ef986efa-8198-4c94-aacc-e7b6acf00c43",
                "084d1eab-bd44-4660-8dcf-68d15afee3f2"
            ],
            "connections": [
                "c3a7cd3a-27ec-4982-bd62-30b381fc9351",
                "7a191ddd-2291-4263-bbfc-27aafd4b237b"
            ],
            "branches": [],
            "jumpers": []
        }
    },
    "notes": {},
    "elements": {
        "049dadeb-3ecd-4f84-ae3f-315e0651493b": {
            "autoHeight": true,
            "title": "<p>Check the Storage<\/p>",
            "theme": "default",
            "components": [],
            "content": "<p><\/p>",
            "outputs": [
                "b566be24-825d-4230-bad8-136f5d9f389e"
            ]
        },
        "bdb18962-fd16-4818-866e-0b0f9fc18602": {
            "autoHeight": true,
            "title": "<p>To Work!<\/p>",
            "theme": "default",
            "components": [],
            "content": "",
            "outputs": [
                "39dffdc3-1869-4cf5-9634-e00041ec9b79"
            ]
        },
        "f75a8ff3-3e8f-4514-9a7b-a704a4e94346": {
            "autoHeight": true,
            "title": "<p>The Emperor's Seal Bearer<\/p>",
            "theme": "default",
            "components": [],
            "content": "",
            "outputs": [
                "cb08aaeb-809d-4532-8cd5-ef3e478c2ef8"
            ]
        },
        "521371df-2341-406a-b97b-4ba1ed8e6436": {
            "autoHeight": true,
            "title": "<p>Softlocked State<\/p>",
            "theme": "default",
            "components": [],
            "content": "",
            "outputs": []
        },
        "b7c69f78-0f38-4211-afa0-9ba8cd50b838": {
            "autoHeight": true,
            "title": "<p>The heart of the settlement<\/p>",
            "theme": "default",
            "components": [],
            "content": "",
            "outputs": [
                "9c5e9fca-6635-4097-a16c-11cdb7654fe3"
            ]
        },
        "b0caa3b8-8a8e-4255-980a-fda86b9970b6": {
            "autoHeight": true,
            "title": "<p>Safe as Houses<\/p>",
            "theme": "default",
            "components": [],
            "content": "",
            "outputs": [
                "e6ff2aae-79d5-4ed1-a3a9-6c873f237097"
            ]
        },
        "79b744f1-9caf-4463-9054-3016a41fcb6d": {
            "autoHeight": true,
            "title": "<p>Among Crates and Shelves<\/p>",
            "theme": "default",
            "components": [],
            "content": "",
            "outputs": [
                "438a15b2-12b7-45eb-a050-e3db90fb1084"
            ]
        },
        "367ccb8e-0d6b-4858-9f05-0f8ce2c8ce64": {
            "autoHeight": true,
            "title": "<p>The essential Building Material<\/p>",
            "theme": "default",
            "components": [],
            "content": "",
            "outputs": [
                "a9974492-b0b0-45a3-ace4-3f6401b90ebf"
            ]
        },
        "608fbfc9-5810-46d3-8fd9-69c7cb870f59": {
            "autoHeight": true,
            "title": "<p>War on Hunger<\/p>",
            "theme": "default",
            "components": [],
            "content": "",
            "outputs": [
                "1bcd7f46-f83b-49e6-8142-5411551eb1f5"
            ]
        },
        "427f6655-76ad-44ed-b593-9305de9b3a97": {
            "autoHeight": true,
            "title": "<p>Wood for the Imperial Cathedral<\/p>",
            "theme": "default",
            "components": [],
            "content": "",
            "outputs": [
                "149e2f51-734d-4123-8f01-653a517c1140"
            ]
        },
        "b01c37e4-d24f-4c94-ad10-f3e0c3287b10": {
            "autoHeight": true,
            "title": "<p>A floating gift<\/p>",
            "theme": "default",
            "components": [],
            "content": "",
            "outputs": [
                "15d45044-dbae-432a-8f94-c5fcff786f7f"
            ]
        },
        "5ca97e1c-6dc2-4a63-8700-ca58e53264f9": {
            "autoHeight": true,
            "title": "<p>With Sextant and Spy-glass I<\/p>",
            "theme": "default",
            "components": [],
            "content": "",
            "outputs": [
                "7fdeae12-8901-43e8-81b4-1d349a8ac38d"
            ]
        },
        "d7597f12-68ba-49cd-a4a6-c872830de53a": {
            "autoHeight": true,
            "title": "<p>With Sextant and Spy-glass II<\/p>",
            "theme": "default",
            "components": [],
            "content": "",
            "outputs": [
                "6f0f40c4-ffdd-4fdc-aadf-1b9a445c9e74"
            ]
        },
        "1111609e-868c-4696-8b35-0fecc9ee6721": {
            "autoHeight": false,
            "title": "<p>Fish on the table + More Peasant houses <\/p>",
            "theme": "default",
            "components": [],
            "content": "",
            "outputs": [
                "3d77a49e-b027-41c5-8821-bde3241382a9",
                "72c984d1-dd65-4402-8568-c1c2177c74a0"
            ]
        },
        "6ea2ac74-cc59-4960-a6c8-5c8a8f86dfd8": {
            "autoHeight": false,
            "title": "<p>Fish on the table<\/p>",
            "theme": "default",
            "components": [],
            "content": "",
            "outputs": [
                "12e7c16b-e553-47a3-bcca-ec2fa9526767"
            ]
        },
        "8883037d-52ce-4b92-9e3e-b30612a86757": {
            "autoHeight": false,
            "title": "<p>More Peasant houses + A worthy outcome<\/p>",
            "theme": "default",
            "components": [],
            "content": "",
            "outputs": [
                "b159ef37-5def-4324-a89c-1b711513c349",
                "8038f232-8633-476a-b977-92d837380be1"
            ]
        },
        "bcd3c717-0855-41a5-bd16-e56a3e6e3172": {
            "autoHeight": true,
            "title": "<p>More Peasant houses<\/p>",
            "theme": "default",
            "components": [],
            "content": "",
            "outputs": [
                "0cd33bd6-eb5b-4502-952e-602539f1a6d5"
            ]
        },
        "c8542b9f-28f5-4ce1-9228-a1e130d73838": {
            "autoHeight": true,
            "title": "<p>Finished<\/p>",
            "theme": "default",
            "components": [],
            "content": "",
            "outputs": []
        },
        "1fac1dd5-0d03-4443-9ef3-3707bb53a436": {
            "autoHeight": true,
            "title": "<p>A worthy outcome<\/p>",
            "theme": "default",
            "components": [],
            "content": "",
            "outputs": [
                "9eaf9b8e-c4c0-4323-beff-72dd87a5c8c1"
            ]
        },
        "9bb09176-439e-449b-ab06-39fcbe6f17eb": {
            "autoHeight": true,
            "title": "<p>Profession of Faith<\/p>",
            "theme": "default",
            "components": [],
            "content": "",
            "outputs": [
                "64ab7689-3dce-419f-93fb-2d4f591389e9"
            ]
        },
        "342010f1-8b8a-4583-b52e-9ee5db40e726": {
            "autoHeight": true,
            "title": "<p>Profession of Faith Completed<\/p>",
            "theme": "default",
            "components": [],
            "content": "",
            "outputs": []
        },
        "b4994d51-62c0-4024-8b3e-933067b9a80e": {
            "autoHeight": true,
            "title": "<p>The missing cargo not started<\/p>",
            "theme": "default",
            "components": [],
            "content": "",
            "outputs": [
                "c5aeae52-d43f-4348-9299-35f84c2f8ea9"
            ]
        },
        "9cc07d98-22d0-4a56-a591-01593a50a6de": {
            "autoHeight": true,
            "title": "<p>The missing cargo<\/p>",
            "theme": "default",
            "components": [],
            "content": "",
            "outputs": [
                "f28e6956-06f0-4f85-a3a1-6c74076c4c38"
            ]
        },
        "8034ca89-c344-46e6-b3b9-ebb703561ddb": {
            "autoHeight": true,
            "title": "<p>Averting danger<\/p>",
            "theme": "default",
            "components": [],
            "content": "",
            "outputs": [
                "e9a0d4f9-7500-4f59-937e-f38e20c96e01"
            ]
        },
        "ca5a8f0a-a50a-40a8-b812-738e175e2d54": {
            "autoHeight": true,
            "title": "<p>Averting danger completed<\/p>",
            "theme": "default",
            "components": [],
            "content": "",
            "outputs": []
        },
        "db728444-d822-4376-9cb3-2c817022e62e": {
            "autoHeight": true,
            "title": "<p>Where is the Master Builder? Not Started<\/p>",
            "theme": "default",
            "components": [],
            "content": "",
            "outputs": [
                "c3a7cd3a-27ec-4982-bd62-30b381fc9351"
            ]
        },
        "ef986efa-8198-4c94-aacc-e7b6acf00c43": {
            "autoHeight": true,
            "title": "<p>Where is the Master Builder? <\/p>",
            "theme": "default",
            "components": [],
            "content": "",
            "outputs": [
                "7a191ddd-2291-4263-bbfc-27aafd4b237b"
            ]
        },
        "084d1eab-bd44-4660-8dcf-68d15afee3f2": {
            "autoHeight": true,
            "title": "<p>Where is the Master Builder? Completed<\/p>",
            "theme": "default",
            "components": [],
            "content": "",
            "outputs": []
        }
    },
    "jumpers": {
        "3f87f3aa-5a23-4358-af8f-36e1de7f6cd7": {
            "elementId": "1111609e-868c-4696-8b35-0fecc9ee6721",
            "height": 86,
            "width": 185
        },
        "585d1e04-960a-4577-9242-d6e6287bf24b": {
            "elementId": "6ea2ac74-cc59-4960-a6c8-5c8a8f86dfd8",
            "height": 86,
            "width": 185
        },
        "73cede28-c328-42bd-ba53-b60cb1cacde9": {
            "elementId": "b7c69f78-0f38-4211-afa0-9ba8cd50b838",
            "height": 86,
            "width": 185
        },
        "a4a18319-fd4b-4c44-b2ac-e4b46102fbdc": {
            "elementId": "5ca97e1c-6dc2-4a63-8700-ca58e53264f9",
            "height": 86,
            "width": 185
        },
        "5f1bf0a2-1fbe-43da-9e24-da6bf8890f4f": {
            "elementId": "049dadeb-3ecd-4f84-ae3f-315e0651493b",
            "height": 86,
            "width": 185
        }
    },
    "connections": {
        "39dffdc3-1869-4cf5-9634-e00041ec9b79": {
            "targetType": "branches",
            "type": "Bezier",
            "targetid": "eb7e597a-824c-4df0-b286-f36ce7505d74",
            "label": "<p>Player transfers 10t of Fish to their ship<\/p>",
            "sourceid": "bdb18962-fd16-4818-866e-0b0f9fc18602",
            "theme": "default",
            "sourceType": "elements"
        },
        "b566be24-825d-4230-bad8-136f5d9f389e": {
            "targetType": "elements",
            "type": "Bezier",
            "targetid": "bdb18962-fd16-4818-866e-0b0f9fc18602",
            "label": "<p>Player selects their warehouse<\/p>",
            "sourceid": "049dadeb-3ecd-4f84-ae3f-315e0651493b",
            "theme": "default",
            "sourceType": "elements"
        },
        "0140f708-a50e-404e-9a4c-6fe5a0658d9f": {
            "targetType": "jumpers",
            "type": "Bezier",
            "targetid": "3f87f3aa-5a23-4358-af8f-36e1de7f6cd7",
            "label": null,
            "sourceid": "ea0d7981-8489-4eea-978a-97015e5557c3",
            "theme": "default",
            "sourceType": "conditions"
        },
        "62a240e6-5293-40f0-93b2-fca4aefa96c6": {
            "targetType": "jumpers",
            "type": "Bezier",
            "targetid": "585d1e04-960a-4577-9242-d6e6287bf24b",
            "label": null,
            "sourceid": "3f5bf0da-df2d-4551-b1c4-29c5a6a3282e",
            "theme": "default",
            "sourceType": "conditions"
        },
        "cb08aaeb-809d-4532-8cd5-ef3e478c2ef8": {
            "targetType": "branches",
            "type": "Bezier",
            "targetid": "6beb3833-6f1e-4dc3-9158-368e25da3750",
            "label": "<p>The player selects the Lord's flagship <\/p>",
            "sourceid": "f75a8ff3-3e8f-4514-9a7b-a704a4e94346",
            "theme": "default",
            "sourceType": "elements"
        },
        "11e3fbcf-1406-4b75-ba53-e63609e558b8": {
            "targetType": "elements",
            "type": "Bezier",
            "targetid": "521371df-2341-406a-b97b-4ba1ed8e6436",
            "label": null,
            "sourceid": "114fe8bd-c729-48ff-836f-a04f42901918",
            "theme": "default",
            "sourceType": "conditions"
        },
        "2220a7c8-6247-4f2c-bf0c-7071e37ce91f": {
            "targetType": "jumpers",
            "type": "Bezier",
            "targetid": "73cede28-c328-42bd-ba53-b60cb1cacde9",
            "label": null,
            "sourceid": "e50fcd7e-50a2-4b67-81f4-54f808923d6c",
            "theme": "default",
            "sourceType": "conditions"
        },
        "9c5e9fca-6635-4097-a16c-11cdb7654fe3": {
            "targetType": "branches",
            "type": "Bezier",
            "targetid": "b19acfdd-2c4a-4568-aa9b-2719067152b8",
            "label": "<p>The player selects the marketplace<\/p>",
            "sourceid": "b7c69f78-0f38-4211-afa0-9ba8cd50b838",
            "theme": "default",
            "sourceType": "elements"
        },
        "149e2f51-734d-4123-8f01-653a517c1140": {
            "targetType": "elements",
            "type": "Bezier",
            "targetid": "b01c37e4-d24f-4c94-ad10-f3e0c3287b10",
            "label": "<p>The player presents the Lord with 10t of wood<\/p>",
            "sourceid": "427f6655-76ad-44ed-b593-9305de9b3a97",
            "theme": "default",
            "sourceType": "elements"
        },
        "91053951-953b-4871-9307-9793b7cb5d8e": {
            "targetType": "elements",
            "type": "Bezier",
            "targetid": "79b744f1-9caf-4463-9054-3016a41fcb6d",
            "label": null,
            "sourceid": "be9b72f3-db3b-4124-9075-d5dbfffacc48",
            "theme": "default",
            "sourceType": "conditions"
        },
        "fab729e1-4906-48be-8870-83d5acb41ee0": {
            "targetType": "elements",
            "type": "Bezier",
            "targetid": "b0caa3b8-8a8e-4255-980a-fda86b9970b6",
            "label": null,
            "sourceid": "64c07ec1-89bb-40a3-929f-5ca37931101a",
            "theme": "default",
            "sourceType": "conditions"
        },
        "a9974492-b0b0-45a3-ace4-3f6401b90ebf": {
            "sourceType": "elements",
            "label": "<p>The player builds two lumberjack's<\/p>",
            "sourceid": "367ccb8e-0d6b-4858-9f05-0f8ce2c8ce64",
            "targetid": "058c496a-e474-4fd7-b90e-c1a725c800cd",
            "targetFace": "top",
            "targetType": "branches",
            "theme": "default",
            "type": "Bezier"
        },
        "438a15b2-12b7-45eb-a050-e3db90fb1084": {
            "sourceType": "elements",
            "label": "<p>The player selects their warehouse<\/p>",
            "sourceid": "79b744f1-9caf-4463-9054-3016a41fcb6d",
            "targetid": "ae1a9d3c-d1db-4b10-9bce-670edbcaa502",
            "targetFace": "top",
            "targetType": "branches",
            "theme": "default",
            "type": "Bezier"
        },
        "c67a4619-18b9-4065-abba-b8b6c38dbcb7": {
            "targetType": "branches",
            "type": "Bezier",
            "targetid": "058c496a-e474-4fd7-b90e-c1a725c800cd",
            "label": null,
            "sourceid": "5bb9855e-71a9-4304-ab02-9f93c608170d",
            "theme": "default",
            "sourceType": "conditions"
        },
        "15d45044-dbae-432a-8f94-c5fcff786f7f": {
            "targetType": "jumpers",
            "type": "Bezier",
            "targetid": "a4a18319-fd4b-4c44-b2ac-e4b46102fbdc",
            "label": "<p>The player selects the ship<\/p>",
            "sourceid": "b01c37e4-d24f-4c94-ad10-f3e0c3287b10",
            "theme": "default",
            "sourceType": "elements"
        },
        "03fcafde-3278-45c7-b690-1056c5b78afa": {
            "targetType": "elements",
            "type": "Bezier",
            "targetid": "367ccb8e-0d6b-4858-9f05-0f8ce2c8ce64",
            "label": null,
            "sourceid": "f36c8b45-56f4-4a2b-a2d7-bc1358382aa4",
            "theme": "default",
            "sourceType": "conditions"
        },
        "b4250518-66b2-4430-971e-ee6ec35f24d4": {
            "targetType": "elements",
            "type": "Bezier",
            "targetid": "427f6655-76ad-44ed-b593-9305de9b3a97",
            "label": null,
            "sourceid": "5252d6b5-9554-4fbf-9b00-88f7e3ba5455",
            "theme": "default",
            "sourceType": "conditions"
        },
        "2199e011-7aa6-41c5-b672-fb294132451f": {
            "sourceType": "conditions",
            "label": null,
            "sourceid": "6846ff46-e85a-45dc-94f7-5e68ac79bfd3",
            "targetid": "608fbfc9-5810-46d3-8fd9-69c7cb870f59",
            "targetFace": "left",
            "targetType": "elements",
            "theme": "default",
            "type": "Bezier"
        },
        "1bcd7f46-f83b-49e6-8142-5411551eb1f5": {
            "targetType": "elements",
            "type": "Bezier",
            "targetid": "427f6655-76ad-44ed-b593-9305de9b3a97",
            "label": "<p>The player constructs one lumberjack's<\/p>",
            "sourceid": "608fbfc9-5810-46d3-8fd9-69c7cb870f59",
            "theme": "default",
            "sourceType": "elements"
        },
        "e6ff2aae-79d5-4ed1-a3a9-6c873f237097": {
            "sourceType": "elements",
            "label": "<p>The player builds three houses<\/p>",
            "sourceid": "b0caa3b8-8a8e-4255-980a-fda86b9970b6",
            "targetid": "79b744f1-9caf-4463-9054-3016a41fcb6d",
            "sourceFace": "right",
            "targetFace": "top",
            "targetType": "elements",
            "theme": "default",
            "type": "Bezier"
        },
        "7fdeae12-8901-43e8-81b4-1d349a8ac38d": {
            "targetType": "elements",
            "type": "Bezier",
            "targetid": "d7597f12-68ba-49cd-a4a6-c872830de53a",
            "label": "<p>Player collects flotsam with ship<\/p>",
            "sourceid": "5ca97e1c-6dc2-4a63-8700-ca58e53264f9",
            "theme": "default",
            "sourceType": "elements"
        },
        "6f0f40c4-ffdd-4fdc-aadf-1b9a445c9e74": {
            "sourceType": "elements",
            "label": "<p>Player transfers flotsam to warehouse<\/p>",
            "sourceid": "d7597f12-68ba-49cd-a4a6-c872830de53a",
            "targetid": "42bd8d6b-e1cf-4786-b672-c062330cd5f8",
            "targetFace": "top",
            "targetType": "branches",
            "theme": "default",
            "type": "Bezier"
        },
        "10d79f2f-6906-4b5b-847b-eed9973c8c56": {
            "targetType": "branches",
            "type": "Bezier",
            "targetid": "64d39993-88a1-49bb-b7be-e15128ea3cf0",
            "label": null,
            "sourceid": "8dba11cd-e423-433e-b5e7-4b6e63475a8a",
            "theme": "default",
            "sourceType": "conditions"
        },
        "12dc4a4e-5501-4d0a-9cd5-c094f90a17ea": {
            "targetType": "jumpers",
            "type": "Bezier",
            "targetid": "5f1bf0a2-1fbe-43da-9e24-da6bf8890f4f",
            "label": null,
            "sourceid": "0373e7a1-0c5c-4de8-9db7-485f364900bf",
            "theme": "default",
            "sourceType": "conditions"
        },
        "4378fb54-db23-477e-8f10-0fcb3aef65aa": {
            "targetType": "elements",
            "type": "Bezier",
            "targetid": "6ea2ac74-cc59-4960-a6c8-5c8a8f86dfd8",
            "label": null,
            "sourceid": "f7a8f8f6-4bfa-442b-945f-8a7f3aa89151",
            "theme": "default",
            "sourceType": "conditions"
        },
        "c3b08de9-c060-4f2a-82b7-5c9c787a5a52": {
            "targetType": "elements",
            "type": "Bezier",
            "targetid": "1111609e-868c-4696-8b35-0fecc9ee6721",
            "label": null,
            "sourceid": "8ca2be05-0b2e-4155-a68d-1f2ed7d8199a",
            "theme": "default",
            "sourceType": "conditions"
        },
        "3d77a49e-b027-41c5-8821-bde3241382a9": {
            "targetType": "elements",
            "type": "Bezier",
            "targetid": "6ea2ac74-cc59-4960-a6c8-5c8a8f86dfd8",
            "label": "<p>Player builds 8 additional peasant houses<\/p>",
            "sourceid": "1111609e-868c-4696-8b35-0fecc9ee6721",
            "theme": "default",
            "sourceType": "elements"
        },
        "72c984d1-dd65-4402-8568-c1c2177c74a0": {
            "targetType": "elements",
            "type": "Bezier",
            "targetid": "8883037d-52ce-4b92-9e3e-b30612a86757",
            "label": "<p>Player delives 10t of fish<\/p>",
            "sourceid": "1111609e-868c-4696-8b35-0fecc9ee6721",
            "theme": "default",
            "sourceType": "elements"
        },
        "b159ef37-5def-4324-a89c-1b711513c349": {
            "sourceType": "elements",
            "label": "<p>Player delivers masonry to Cathedral city<\/p>",
            "sourceid": "8883037d-52ce-4b92-9e3e-b30612a86757",
            "targetid": "bcd3c717-0855-41a5-bd16-e56a3e6e3172",
            "targetFace": "bottom",
            "targetType": "elements",
            "theme": "default",
            "type": "Bezier"
        },
        "12e7c16b-e553-47a3-bcca-ec2fa9526767": {
            "targetType": "elements",
            "type": "Bezier",
            "targetid": "1fac1dd5-0d03-4443-9ef3-3707bb53a436",
            "label": "<p>Player delivers 10t of fish<\/p>",
            "sourceid": "6ea2ac74-cc59-4960-a6c8-5c8a8f86dfd8",
            "theme": "default",
            "sourceType": "elements"
        },
        "8038f232-8633-476a-b977-92d837380be1": {
            "targetType": "elements",
            "type": "Bezier",
            "targetid": "1fac1dd5-0d03-4443-9ef3-3707bb53a436",
            "label": "<p>Player builds 8 additional houses<\/p>",
            "sourceid": "8883037d-52ce-4b92-9e3e-b30612a86757",
            "theme": "default",
            "sourceType": "elements"
        },
        "9eaf9b8e-c4c0-4323-beff-72dd87a5c8c1": {
            "targetType": "elements",
            "type": "Bezier",
            "targetid": "c8542b9f-28f5-4ce1-9228-a1e130d73838",
            "label": "<p>Player delivers masonry to Cathedral city<\/p>",
            "sourceid": "1fac1dd5-0d03-4443-9ef3-3707bb53a436",
            "theme": "default",
            "sourceType": "elements"
        },
        "0cd33bd6-eb5b-4502-952e-602539f1a6d5": {
            "targetType": "elements",
            "type": "Bezier",
            "targetid": "c8542b9f-28f5-4ce1-9228-a1e130d73838",
            "label": "<p>Player builds 8 additional houses<\/p>",
            "sourceid": "bcd3c717-0855-41a5-bd16-e56a3e6e3172",
            "theme": "default",
            "sourceType": "elements"
        },
        "64ab7689-3dce-419f-93fb-2d4f591389e9": {
            "targetType": "elements",
            "type": "Bezier",
            "targetid": "342010f1-8b8a-4583-b52e-9ee5db40e726",
            "label": "<p>The player places chapel with enough peasant houses in vicinity<\/p>",
            "sourceid": "9bb09176-439e-449b-ab06-39fcbe6f17eb",
            "theme": "default",
            "sourceType": "elements"
        },
        "c5aeae52-d43f-4348-9299-35f84c2f8ea9": {
            "targetType": "elements",
            "type": "Bezier",
            "targetid": "9cc07d98-22d0-4a56-a591-01593a50a6de",
            "label": "<p>The player approaches the coast to the Southwest<\/p>",
            "sourceid": "b4994d51-62c0-4024-8b3e-933067b9a80e",
            "theme": "default",
            "sourceType": "elements"
        },
        "f28e6956-06f0-4f85-a3a1-6c74076c4c38": {
            "targetType": "elements",
            "type": "Bezier",
            "targetid": "8034ca89-c344-46e6-b3b9-ebb703561ddb",
            "label": "<p>The player delivers cargo to the Lord<\/p>",
            "sourceid": "9cc07d98-22d0-4a56-a591-01593a50a6de",
            "theme": "default",
            "sourceType": "elements"
        },
        "e9a0d4f9-7500-4f59-937e-f38e20c96e01": {
            "targetType": "elements",
            "type": "Bezier",
            "targetid": "ca5a8f0a-a50a-40a8-b812-738e175e2d54",
            "label": "<p>The player creates the maps and delivers them to Cathedral city<\/p>",
            "sourceid": "8034ca89-c344-46e6-b3b9-ebb703561ddb",
            "theme": "default",
            "sourceType": "elements"
        },
        "c3a7cd3a-27ec-4982-bd62-30b381fc9351": {
            "targetType": "elements",
            "type": "Bezier",
            "targetid": "ef986efa-8198-4c94-aacc-e7b6acf00c43",
            "label": "<p>Player selects Lord Richard Northburgh's Imperial Cathedral building site<\/p>",
            "sourceid": "db728444-d822-4376-9cb3-2c817022e62e",
            "theme": "default",
            "sourceType": "elements"
        },
        "7a191ddd-2291-4263-bbfc-27aafd4b237b": {
            "sourceType": "elements",
            "label": "<p>Player clicks the master builder<\/p>",
            "sourceid": "ef986efa-8198-4c94-aacc-e7b6acf00c43",
            "targetid": "084d1eab-bd44-4660-8dcf-68d15afee3f2",
            "sourceFace": "bottom",
            "targetType": "elements",
            "theme": "default",
            "type": "Bezier"
        }
    },
    "branches": {
        "eb7e597a-824c-4df0-b286-f36ce7505d74": {
            "conditions": {
                "ifCondition": "ea0d7981-8489-4eea-978a-97015e5557c3",
                "elseCondition": "3f5bf0da-df2d-4551-b1c4-29c5a6a3282e"
            },
            "theme": "default"
        },
        "6beb3833-6f1e-4dc3-9158-368e25da3750": {
            "conditions": {
                "ifCondition": "114fe8bd-c729-48ff-836f-a04f42901918",
                "elseCondition": "e50fcd7e-50a2-4b67-81f4-54f808923d6c"
            },
            "theme": "default"
        },
        "b19acfdd-2c4a-4568-aa9b-2719067152b8": {
            "conditions": {
                "ifCondition": "64c07ec1-89bb-40a3-929f-5ca37931101a",
                "elseCondition": "be9b72f3-db3b-4124-9075-d5dbfffacc48"
            },
            "theme": "default"
        },
        "ae1a9d3c-d1db-4b10-9bce-670edbcaa502": {
            "conditions": {
                "ifCondition": "f36c8b45-56f4-4a2b-a2d7-bc1358382aa4",
                "elseCondition": "5bb9855e-71a9-4304-ab02-9f93c608170d"
            },
            "theme": "default"
        },
        "058c496a-e474-4fd7-b90e-c1a725c800cd": {
            "conditions": {
                "ifCondition": "6846ff46-e85a-45dc-94f7-5e68ac79bfd3",
                "elseCondition": "5252d6b5-9554-4fbf-9b00-88f7e3ba5455"
            },
            "theme": "default"
        },
        "42bd8d6b-e1cf-4786-b672-c062330cd5f8": {
            "conditions": {
                "ifCondition": "0373e7a1-0c5c-4de8-9db7-485f364900bf",
                "elseCondition": "8dba11cd-e423-433e-b5e7-4b6e63475a8a"
            },
            "theme": "default"
        },
        "64d39993-88a1-49bb-b7be-e15128ea3cf0": {
            "conditions": {
                "ifCondition": "8ca2be05-0b2e-4155-a68d-1f2ed7d8199a",
                "elseCondition": "f7a8f8f6-4bfa-442b-945f-8a7f3aa89151"
            },
            "theme": "default"
        }
    },
    "components": {
        "65005bda-15d0-41c5-867f-68c118829f08": {
            "name": "Root",
            "root": true,
            "children": []
        }
    },
    "attributes": {},
    "assets": {
        "647d0495-341f-42b2-8788-b47dace22bf8": {
            "root": true,
            "children": []
        }
    },
    "variables": {
        "747d0495-341f-42b2-8788-b47dace22bf8": {
            "root": true,
            "children": [
                "dbfbaeff-519c-43e4-820d-93de5a3bd628",
                "2efe4cc1-7e21-4ca8-97ab-9a4919243ca2",
                "d45197d4-08c1-4e14-bf01-d4e773774205",
                "5f332cac-2913-4a46-a3b5-d5d0957b2f12",
                "e95b8ee6-e266-4439-8df7-2382d11dc87d"
            ]
        },
        "dbfbaeff-519c-43e4-820d-93de5a3bd628": {
            "type": "integer",
            "name": "number_houses_built",
            "value": 0
        },
        "2efe4cc1-7e21-4ca8-97ab-9a4919243ca2": {
            "type": "boolean",
            "name": "has_built_chapel",
            "value": false
        },
        "d45197d4-08c1-4e14-bf01-d4e773774205": {
            "type": "integer",
            "name": "number_lumberjacks",
            "value": 0
        },
        "5f332cac-2913-4a46-a3b5-d5d0957b2f12": {
            "type": "integer",
            "name": "number_fishermans",
            "value": 0
        },
        "e95b8ee6-e266-4439-8df7-2382d11dc87d": {
            "type": "integer",
            "name": "player_ship_fish",
            "value": 0
        }
    },
    "conditions": {
        "ea0d7981-8489-4eea-978a-97015e5557c3": {
            "script": "number_houses_built &lt; 11",
            "output": "0140f708-a50e-404e-9a4c-6fe5a0658d9f"
        },
        "3f5bf0da-df2d-4551-b1c4-29c5a6a3282e": {
            "script": null,
            "output": "62a240e6-5293-40f0-93b2-fca4aefa96c6"
        },
        "114fe8bd-c729-48ff-836f-a04f42901918": {
            "script": "has_built_chapel",
            "output": "11e3fbcf-1406-4b75-ba53-e63609e558b8"
        },
        "e50fcd7e-50a2-4b67-81f4-54f808923d6c": {
            "script": null,
            "output": "2220a7c8-6247-4f2c-bf0c-7071e37ce91f"
        },
        "64c07ec1-89bb-40a3-929f-5ca37931101a": {
            "script": "number_houses_built &lt; 3",
            "output": "fab729e1-4906-48be-8870-83d5acb41ee0"
        },
        "be9b72f3-db3b-4124-9075-d5dbfffacc48": {
            "script": null,
            "output": "91053951-953b-4871-9307-9793b7cb5d8e"
        },
        "f36c8b45-56f4-4a2b-a2d7-bc1358382aa4": {
            "script": "number_lumberjacks &lt; 2",
            "output": "03fcafde-3278-45c7-b690-1056c5b78afa"
        },
        "6846ff46-e85a-45dc-94f7-5e68ac79bfd3": {
            "script": "number_fishermans &lt; 1",
            "output": "2199e011-7aa6-41c5-b672-fb294132451f"
        },
        "5bb9855e-71a9-4304-ab02-9f93c608170d": {
            "script": null,
            "output": "c67a4619-18b9-4065-abba-b8b6c38dbcb7"
        },
        "5252d6b5-9554-4fbf-9b00-88f7e3ba5455": {
            "script": null,
            "output": "b4250518-66b2-4430-971e-ee6ec35f24d4"
        },
        "0373e7a1-0c5c-4de8-9db7-485f364900bf": {
            "script": "player_ship_fish &lt; 10",
            "output": "12dc4a4e-5501-4d0a-9cd5-c094f90a17ea"
        },
        "8dba11cd-e423-433e-b5e7-4b6e63475a8a": {
            "script": null,
            "output": "10d79f2f-6906-4b5b-847b-eed9973c8c56"
        },
        "8ca2be05-0b2e-4155-a68d-1f2ed7d8199a": {
            "script": "number_houses_built &lt; 11",
            "output": "c3b08de9-c060-4f2a-82b7-5c9c787a5a52"
        },
        "f7a8f8f6-4bfa-442b-945f-8a7f3aa89151": {
            "script": null,
            "output": "4378fb54-db23-477e-8f10-0fcb3aef65aa"
        }
    },
    "name": "Anno 1404 Mission 1",
    "cover": null
}