{
    "startingElement": "7518def7-3301-4ccf-9841-fd5a5700e3fa",
    "boards": {
        "2ad15ff6-f2ba-4f1d-9d9d-68938c683d7e": {
            "name": "Root",
            "root": true,
            "children": [
                "91390f42-0735-4567-bce6-388c33b7bbf6",
                "11e5168b-94f8-41cc-87d4-b87ed6750a2d",
                "73abd7ba-4ceb-457a-9461-48be6905ed98"
            ]
        },
        "91390f42-0735-4567-bce6-388c33b7bbf6": {
            "name": "Player Spatial Board",
            "notes": [],
            "elements": [
                "7518def7-3301-4ccf-9841-fd5a5700e3fa",
                "a8342756-15d0-4fc1-972b-9140b406df6f",
                "9875c619-c8b0-44cb-a021-7c921ab06de3",
                "8e7f3a73-de92-4d55-8113-ccb9e121fffc",
                "e75c3f34-0368-4a69-afae-fb0b6c94a3f3",
                "e0499199-e285-4d69-98d1-66acd7701bf3",
                "d2f26017-79d4-4d9a-b9cd-b01957c2b412",
                "70e3846e-29f5-45d7-97da-907544d5d0fb",
                "4c153a04-ecb4-41e3-8898-e07a8cc8eadd",
                "19763229-2293-4092-b301-d149ab6815d1",
                "6586ab87-e7e4-468e-a8f5-143145320603",
                "b83a8af8-1dc9-4200-8d75-0ad35593b2f2",
                "3b1cf3ca-e5d9-4a8e-a002-b2f5c94361f9",
                "d9bb76bb-eec6-449d-aa8b-e5644e8f879f"
            ],
            "connections": [
                "0b6df78d-5724-4509-bc96-4acc34302482",
                "0f04cb3e-0f1d-4fc6-8807-af1783ea7bf5",
                "33102187-b985-492a-8d17-fbfcbeea629b",
                "201484fe-a3d1-4345-a84d-2525e4e9f1bf",
                "60fc5c93-c35a-4df0-b01b-693df836899d",
                "14c536fb-62f9-4c31-b401-6cfedb5f8065",
                "2526f2a5-11f8-46da-abdc-059ae0decc60",
                "0052e45a-abf7-4b12-94a9-7d87a947aa06",
                "92617fc4-e58e-4759-8125-93ee812239b6",
                "e6e1e5ae-f195-477d-8231-6170049f1248",
                "6ce552c0-4bcc-4903-974d-4c52c956269d",
                "4a718622-3dfa-4a01-a6cb-11f76d7f046a",
                "7f2d0f6a-c2a3-48c5-ba78-0c10e3c5aa37",
                "1161d577-fb5f-4344-a985-fb1e153eb26d"
            ],
            "branches": [],
            "jumpers": []
        },
        "73abd7ba-4ceb-457a-9461-48be6905ed98": {
            "name": "Player State Board",
            "notes": [],
            "elements": [
                "78bc078c-562b-4df8-ae6d-ee96b227332a",
                "8f2dfd96-1222-4d17-8f5d-734240ad5e2b",
                "34114d12-2973-4908-a65d-70fe0f6fce47"
            ],
            "connections": [
                "d12d3e19-8c2a-4f6e-bc87-54f7fffbd5ea",
                "f2b0c241-ad99-444e-9344-c0253952693f",
                "5005c897-af46-49b1-8bc9-d353ce0ada67",
                "c90478eb-4d3b-41ec-b1e2-73c204b70338"
            ],
            "branches": [],
            "jumpers": []
        },
        "11e5168b-94f8-41cc-87d4-b87ed6750a2d": {
            "name": "Player Star Board",
            "notes": [],
            "elements": [
                "40f6480f-87e0-49b5-a445-f09dc266aa3b",
                "a2733ade-1df4-49d1-8bcd-ef71b1d53ccf"
            ],
            "connections": [
                "4e06fff5-8a9e-41c1-9c67-dcfc9f24584d",
                "575f39d3-9350-4672-8627-43a9e688eeb5"
            ],
            "branches": [],
            "jumpers": []
        }
    },
    "notes": {},
    "elements": {
        "d9bb76bb-eec6-449d-aa8b-e5644e8f879f": {
            "autoHeight": true,
            "title": "<p>Section 14<\/p>",
            "theme": "default",
            "components": [],
            "content": "<pre><code>spatial_progress = 14<\/code><\/pre>",
            "outputs": []
        },
        "78bc078c-562b-4df8-ae6d-ee96b227332a": {
            "autoHeight": true,
            "title": "<p>Player Small State<\/p>",
            "theme": "default",
            "components": [],
            "content": "<pre><code>player_height = 1<\/code><\/pre>",
            "outputs": [
                "d12d3e19-8c2a-4f6e-bc87-54f7fffbd5ea"
            ]
        },
        "8f2dfd96-1222-4d17-8f5d-734240ad5e2b": {
            "autoHeight": true,
            "title": "<p>Player Big State<\/p>",
            "theme": "default",
            "components": [],
            "content": "<pre><code>player_height = 2<\/code><\/pre>",
            "outputs": [
                "f2b0c241-ad99-444e-9344-c0253952693f",
                "c90478eb-4d3b-41ec-b1e2-73c204b70338"
            ]
        },
        "34114d12-2973-4908-a65d-70fe0f6fce47": {
            "autoHeight": true,
            "title": "<p>Player Flower State<\/p>",
            "theme": "default",
            "components": [],
            "content": "<pre><code>player_height = 3<\/code><\/pre>",
            "outputs": [
                "5005c897-af46-49b1-8bc9-d353ce0ada67"
            ]
        },
        "40f6480f-87e0-49b5-a445-f09dc266aa3b": {
            "autoHeight": true,
            "title": "<p>Player Has No Star<\/p>",
            "theme": "default",
            "components": [],
            "content": "<pre><code>has_star = false<\/code><\/pre>",
            "outputs": [
                "4e06fff5-8a9e-41c1-9c67-dcfc9f24584d"
            ]
        },
        "a2733ade-1df4-49d1-8bcd-ef71b1d53ccf": {
            "autoHeight": true,
            "title": "<p>Player Has Star<\/p>",
            "theme": "default",
            "components": [],
            "content": "<pre><code>has_star = true<\/code><\/pre>",
            "outputs": [
                "575f39d3-9350-4672-8627-43a9e688eeb5"
            ]
        },
        "7518def7-3301-4ccf-9841-fd5a5700e3fa": {
            "autoHeight": true,
            "title": "<p>Section 1<\/p>",
            "theme": "default",
            "components": [],
            "content": "<pre><code>spatial_progress = 1<\/code><\/pre>",
            "outputs": [
                "0b6df78d-5724-4509-bc96-4acc34302482"
            ]
        },
        "a8342756-15d0-4fc1-972b-9140b406df6f": {
            "autoHeight": true,
            "title": "<p>Section 2<\/p>",
            "theme": "default",
            "components": [],
            "content": "<pre><code>spatial_progress = 2<\/code><\/pre>",
            "outputs": [
                "0f04cb3e-0f1d-4fc6-8807-af1783ea7bf5"
            ]
        },
        "9875c619-c8b0-44cb-a021-7c921ab06de3": {
            "autoHeight": true,
            "title": "<p>Section 3<\/p>",
            "theme": "default",
            "components": [],
            "content": "<pre><code>spatial_progress = 3<\/code><\/pre>",
            "outputs": [
                "33102187-b985-492a-8d17-fbfcbeea629b",
                "e6e1e5ae-f195-477d-8231-6170049f1248"
            ]
        },
        "8e7f3a73-de92-4d55-8113-ccb9e121fffc": {
            "autoHeight": true,
            "title": "<p>Section 4<\/p>",
            "theme": "default",
            "components": [],
            "content": "<pre><code>spatial_progress = 4<\/code><\/pre>",
            "outputs": [
                "6ce552c0-4bcc-4903-974d-4c52c956269d"
            ]
        },
        "e75c3f34-0368-4a69-afae-fb0b6c94a3f3": {
            "autoHeight": true,
            "title": "<p>Section 5<\/p>",
            "theme": "default",
            "components": [],
            "content": "<pre><code>spatial_progress = 5<\/code><\/pre>",
            "outputs": [
                "201484fe-a3d1-4345-a84d-2525e4e9f1bf"
            ]
        },
        "e0499199-e285-4d69-98d1-66acd7701bf3": {
            "autoHeight": true,
            "title": "<p>Section 6<\/p>",
            "theme": "default",
            "components": [],
            "content": "<pre><code>spatial_progress = 6<\/code><\/pre>",
            "outputs": [
                "60fc5c93-c35a-4df0-b01b-693df836899d"
            ]
        },
        "d2f26017-79d4-4d9a-b9cd-b01957c2b412": {
            "autoHeight": true,
            "title": "<p>Section 7<\/p>",
            "theme": "default",
            "components": [],
            "content": "<pre><code>spatial_progress = 7<\/code><\/pre>",
            "outputs": [
                "14c536fb-62f9-4c31-b401-6cfedb5f8065"
            ]
        },
        "70e3846e-29f5-45d7-97da-907544d5d0fb": {
            "autoHeight": true,
            "title": "<p>Section 8<\/p>",
            "theme": "default",
            "components": [],
            "content": "<pre><code>spatial_progress = 8<\/code><\/pre>",
            "outputs": [
                "2526f2a5-11f8-46da-abdc-059ae0decc60"
            ]
        },
        "4c153a04-ecb4-41e3-8898-e07a8cc8eadd": {
            "autoHeight": true,
            "title": "<p>Section 9<\/p>",
            "theme": "default",
            "components": [],
            "content": "<pre><code>spatial_progress = 9<\/code><\/pre>",
            "outputs": [
                "0052e45a-abf7-4b12-94a9-7d87a947aa06"
            ]
        },
        "19763229-2293-4092-b301-d149ab6815d1": {
            "autoHeight": true,
            "title": "<p>Section 10<\/p>",
            "theme": "default",
            "components": [],
            "content": "<pre><code>spatial_progress = 10<\/code><\/pre>",
            "outputs": [
                "92617fc4-e58e-4759-8125-93ee812239b6"
            ]
        },
        "6586ab87-e7e4-468e-a8f5-143145320603": {
            "autoHeight": true,
            "title": "<p>Section 11<\/p>",
            "theme": "default",
            "components": [],
            "content": "<pre><code>spatial_progress = 11<\/code><\/pre>",
            "outputs": [
                "4a718622-3dfa-4a01-a6cb-11f76d7f046a"
            ]
        },
        "b83a8af8-1dc9-4200-8d75-0ad35593b2f2": {
            "autoHeight": true,
            "title": "<p>Section 12<\/p>",
            "theme": "default",
            "components": [],
            "content": "<pre><code>spatial_progress = 12<\/code><\/pre>",
            "outputs": [
                "7f2d0f6a-c2a3-48c5-ba78-0c10e3c5aa37"
            ]
        },
        "3b1cf3ca-e5d9-4a8e-a002-b2f5c94361f9": {
            "autoHeight": true,
            "title": "<p>Section 13<\/p>",
            "theme": "default",
            "components": [],
            "content": "<pre><code>spatial_progress = 13<\/code><\/pre>",
            "outputs": [
                "1161d577-fb5f-4344-a985-fb1e153eb26d"
            ]
        }
    },
    "jumpers": {},
    "connections": {
        "d12d3e19-8c2a-4f6e-bc87-54f7fffbd5ea": {
            "targetType": "elements",
            "type": "Bezier",
            "targetid": "8f2dfd96-1222-4d17-8f5d-734240ad5e2b",
            "label": null,
            "sourceid": "78bc078c-562b-4df8-ae6d-ee96b227332a",
            "theme": "default",
            "sourceType": "elements"
        },
        "f2b0c241-ad99-444e-9344-c0253952693f": {
            "sourceType": "elements",
            "label": null,
            "sourceid": "8f2dfd96-1222-4d17-8f5d-734240ad5e2b",
            "targetid": "34114d12-2973-4908-a65d-70fe0f6fce47",
            "targetFace": "left",
            "targetType": "elements",
            "theme": "default",
            "type": "Bezier"
        },
        "5005c897-af46-49b1-8bc9-d353ce0ada67": {
            "sourceType": "elements",
            "label": null,
            "sourceid": "34114d12-2973-4908-a65d-70fe0f6fce47",
            "targetid": "8f2dfd96-1222-4d17-8f5d-734240ad5e2b",
            "targetFace": "right",
            "targetType": "elements",
            "theme": "default",
            "type": "Bezier"
        },
        "c90478eb-4d3b-41ec-b1e2-73c204b70338": {
            "targetType": "elements",
            "type": "Bezier",
            "targetid": "78bc078c-562b-4df8-ae6d-ee96b227332a",
            "label": null,
            "sourceid": "8f2dfd96-1222-4d17-8f5d-734240ad5e2b",
            "theme": "default",
            "sourceType": "elements"
        },
        "4e06fff5-8a9e-41c1-9c67-dcfc9f24584d": {
            "targetType": "elements",
            "type": "Bezier",
            "targetid": "a2733ade-1df4-49d1-8bcd-ef71b1d53ccf",
            "label": null,
            "sourceid": "40f6480f-87e0-49b5-a445-f09dc266aa3b",
            "theme": "default",
            "sourceType": "elements"
        },
        "575f39d3-9350-4672-8627-43a9e688eeb5": {
            "sourceType": "elements",
            "label": null,
            "sourceid": "a2733ade-1df4-49d1-8bcd-ef71b1d53ccf",
            "targetid": "40f6480f-87e0-49b5-a445-f09dc266aa3b",
            "targetFace": "right",
            "targetType": "elements",
            "theme": "default",
            "type": "Bezier"
        },
        "0b6df78d-5724-4509-bc96-4acc34302482": {
            "sourceType": "elements",
            "label": null,
            "sourceid": "7518def7-3301-4ccf-9841-fd5a5700e3fa",
            "targetid": "a8342756-15d0-4fc1-972b-9140b406df6f",
            "targetFace": "left",
            "targetType": "elements",
            "theme": "default",
            "type": "Bezier"
        },
        "0f04cb3e-0f1d-4fc6-8807-af1783ea7bf5": {
            "targetType": "elements",
            "type": "Bezier",
            "targetid": "9875c619-c8b0-44cb-a021-7c921ab06de3",
            "label": null,
            "sourceid": "a8342756-15d0-4fc1-972b-9140b406df6f",
            "theme": "default",
            "sourceType": "elements"
        },
        "e6e1e5ae-f195-477d-8231-6170049f1248": {
            "sourceType": "elements",
            "label": null,
            "sourceid": "9875c619-c8b0-44cb-a021-7c921ab06de3",
            "targetid": "8e7f3a73-de92-4d55-8113-ccb9e121fffc",
            "sourceFace": "bottom",
            "targetType": "elements",
            "theme": "default",
            "type": "Bezier"
        },
        "33102187-b985-492a-8d17-fbfcbeea629b": {
            "targetType": "elements",
            "type": "Bezier",
            "targetid": "e75c3f34-0368-4a69-afae-fb0b6c94a3f3",
            "label": null,
            "sourceid": "9875c619-c8b0-44cb-a021-7c921ab06de3",
            "theme": "default",
            "sourceType": "elements"
        },
        "201484fe-a3d1-4345-a84d-2525e4e9f1bf": {
            "targetType": "elements",
            "type": "Bezier",
            "targetid": "e0499199-e285-4d69-98d1-66acd7701bf3",
            "label": null,
            "sourceid": "e75c3f34-0368-4a69-afae-fb0b6c94a3f3",
            "theme": "default",
            "sourceType": "elements"
        },
        "60fc5c93-c35a-4df0-b01b-693df836899d": {
            "targetType": "elements",
            "type": "Bezier",
            "targetid": "d2f26017-79d4-4d9a-b9cd-b01957c2b412",
            "label": null,
            "sourceid": "e0499199-e285-4d69-98d1-66acd7701bf3",
            "theme": "default",
            "sourceType": "elements"
        },
        "14c536fb-62f9-4c31-b401-6cfedb5f8065": {
            "targetType": "elements",
            "type": "Bezier",
            "targetid": "70e3846e-29f5-45d7-97da-907544d5d0fb",
            "label": null,
            "sourceid": "d2f26017-79d4-4d9a-b9cd-b01957c2b412",
            "theme": "default",
            "sourceType": "elements"
        },
        "2526f2a5-11f8-46da-abdc-059ae0decc60": {
            "targetType": "elements",
            "type": "Bezier",
            "targetid": "4c153a04-ecb4-41e3-8898-e07a8cc8eadd",
            "label": null,
            "sourceid": "70e3846e-29f5-45d7-97da-907544d5d0fb",
            "theme": "default",
            "sourceType": "elements"
        },
        "0052e45a-abf7-4b12-94a9-7d87a947aa06": {
            "targetType": "elements",
            "type": "Bezier",
            "targetid": "19763229-2293-4092-b301-d149ab6815d1",
            "label": null,
            "sourceid": "4c153a04-ecb4-41e3-8898-e07a8cc8eadd",
            "theme": "default",
            "sourceType": "elements"
        },
        "92617fc4-e58e-4759-8125-93ee812239b6": {
            "targetType": "elements",
            "type": "Bezier",
            "targetid": "6586ab87-e7e4-468e-a8f5-143145320603",
            "label": null,
            "sourceid": "19763229-2293-4092-b301-d149ab6815d1",
            "theme": "default",
            "sourceType": "elements"
        },
        "6ce552c0-4bcc-4903-974d-4c52c956269d": {
            "sourceType": "elements",
            "label": null,
            "sourceid": "8e7f3a73-de92-4d55-8113-ccb9e121fffc",
            "targetid": "b83a8af8-1dc9-4200-8d75-0ad35593b2f2",
            "sourceFace": "right",
            "targetFace": "bottom",
            "targetType": "elements",
            "theme": "default",
            "type": "Bezier"
        },
        "4a718622-3dfa-4a01-a6cb-11f76d7f046a": {
            "sourceType": "elements",
            "label": null,
            "sourceid": "6586ab87-e7e4-468e-a8f5-143145320603",
            "targetid": "b83a8af8-1dc9-4200-8d75-0ad35593b2f2",
            "targetFace": "left",
            "targetType": "elements",
            "theme": "default",
            "type": "Bezier"
        },
        "7f2d0f6a-c2a3-48c5-ba78-0c10e3c5aa37": {
            "targetType": "elements",
            "type": "Bezier",
            "targetid": "3b1cf3ca-e5d9-4a8e-a002-b2f5c94361f9",
            "label": null,
            "sourceid": "b83a8af8-1dc9-4200-8d75-0ad35593b2f2",
            "theme": "default",
            "sourceType": "elements"
        },
        "1161d577-fb5f-4344-a985-fb1e153eb26d": {
            "targetType": "elements",
            "type": "Bezier",
            "targetid": "d9bb76bb-eec6-449d-aa8b-e5644e8f879f",
            "label": null,
            "sourceid": "3b1cf3ca-e5d9-4a8e-a002-b2f5c94361f9",
            "theme": "default",
            "sourceType": "elements"
        }
    },
    "branches": {},
    "components": {
        "65005bda-15d0-41c5-867f-68c118829f08": {
            "name": "Root",
            "root": true,
            "children": []
        }
    },
    "attributes": {},
    "assets": {
        "647d0495-341f-42b2-8788-b47dace22bf8": {
            "root": true,
            "children": []
        }
    },
    "variables": {
        "747d0495-341f-42b2-8788-b47dace22bf8": {
            "root": true,
            "children": [
                "acc17e86-2014-4de1-8cc8-f7aa36dd3b82",
                "484b9379-f04f-424d-9a2d-09c9528b2b37",
                "3c21bb4e-2e55-461c-8ada-d277e77f0447"
            ]
        },
        "acc17e86-2014-4de1-8cc8-f7aa36dd3b82": {
            "type": "integer",
            "name": "player_height",
            "value": 1
        },
        "484b9379-f04f-424d-9a2d-09c9528b2b37": {
            "type": "boolean",
            "name": "has_star",
            "value": false
        },
        "3c21bb4e-2e55-461c-8ada-d277e77f0447": {
            "type": "integer",
            "name": "spatial_progress",
            "value": 1
        }
    },
    "conditions": {},
    "name": "Super Mario Bros",
    "cover": null
}