{
    "startingElement": "7518def7-3301-4ccf-9841-fd5a5700e3fa",
    "boards": {
        "11e5168b-94f8-41cc-87d4-b87ed6750a2d": {
            "name": "Player Star Board",
            "notes": [],
            "jumpers": [],
            "branches": [],
            "elements": [
                "40f6480f-87e0-49b5-a445-f09dc266aa3b",
                "a2733ade-1df4-49d1-8bcd-ef71b1d53ccf"
            ],
            "connections": [
                "3bce474e-cb8a-42f8-bda4-19290773dd0a",
                "e7a5baa9-fada-4fdd-9cd4-bbca6149b011"
            ]
        },
        "2ad15ff6-f2ba-4f1d-9d9d-68938c683d7e": {
            "name": "Root",
            "root": true,
            "children": [
                "91390f42-0735-4567-bce6-388c33b7bbf6",
                "11e5168b-94f8-41cc-87d4-b87ed6750a2d",
                "73abd7ba-4ceb-457a-9461-48be6905ed98"
            ]
        },
        "73abd7ba-4ceb-457a-9461-48be6905ed98": {
            "name": "Player State Board",
            "notes": [],
            "jumpers": [],
            "branches": [],
            "elements": [
                "78bc078c-562b-4df8-ae6d-ee96b227332a",
                "8f2dfd96-1222-4d17-8f5d-734240ad5e2b",
                "34114d12-2973-4908-a65d-70fe0f6fce47"
            ],
            "connections": [
                "43143dff-1444-4625-a2a7-70d28df19dfa",
                "87d8ecef-aa00-43b8-b8b7-272c55d3f867",
                "bb8675ae-01a5-4eff-833d-3e9e029bc644",
                "fcd78303-d037-4061-8ea5-b123cea5fb80"
            ]
        },
        "91390f42-0735-4567-bce6-388c33b7bbf6": {
            "name": "Player Spatial Board",
            "notes": [],
            "jumpers": [],
            "branches": [],
            "elements": [
                "7518def7-3301-4ccf-9841-fd5a5700e3fa",
                "a8342756-15d0-4fc1-972b-9140b406df6f",
                "9875c619-c8b0-44cb-a021-7c921ab06de3",
                "8e7f3a73-de92-4d55-8113-ccb9e121fffc",
                "e75c3f34-0368-4a69-afae-fb0b6c94a3f3",
                "e0499199-e285-4d69-98d1-66acd7701bf3",
                "d2f26017-79d4-4d9a-b9cd-b01957c2b412",
                "70e3846e-29f5-45d7-97da-907544d5d0fb",
                "4c153a04-ecb4-41e3-8898-e07a8cc8eadd",
                "19763229-2293-4092-b301-d149ab6815d1",
                "6586ab87-e7e4-468e-a8f5-143145320603",
                "b83a8af8-1dc9-4200-8d75-0ad35593b2f2",
                "3b1cf3ca-e5d9-4a8e-a002-b2f5c94361f9",
                "d9bb76bb-eec6-449d-aa8b-e5644e8f879f"
            ],
            "connections": [
                "0b6df78d-5724-4509-bc96-4acc34302482",
                "0f04cb3e-0f1d-4fc6-8807-af1783ea7bf5",
                "33102187-b985-492a-8d17-fbfcbeea629b",
                "201484fe-a3d1-4345-a84d-2525e4e9f1bf",
                "60fc5c93-c35a-4df0-b01b-693df836899d",
                "2526f2a5-11f8-46da-abdc-059ae0decc60",
                "0052e45a-abf7-4b12-94a9-7d87a947aa06",
                "7f2d0f6a-c2a3-48c5-ba78-0c10e3c5aa37",
                "1161d577-fb5f-4344-a985-fb1e153eb26d",
                "789737a3-1a92-4d23-8e43-9963ca687473",
                "95cdd711-b4fe-4fb8-9973-d79ab97eed5e",
                "9c56710c-dc2f-4475-9a81-114084035ae2",
                "9d971c49-c048-4ea9-9c7c-ad97086cbbae",
                "9e594d1c-2ba7-4ea3-b97d-4aa529640f1b"
            ]
        }
    },
    "notes": {},
    "elements": {
        "19763229-2293-4092-b301-d149ab6815d1": {
            "theme": "default",
            "outputs": [
                "9e594d1c-2ba7-4ea3-b97d-4aa529640f1b"
            ],
            "autoHeight": true,
            "components": [],
            "content": "<pre><code>spatial_progress = 9<\/code><\/pre>",
            "title": "<p>Section  9<\/p>"
        },
        "d9bb76bb-eec6-449d-aa8b-e5644e8f879f": {
            "theme": "default",
            "outputs": [],
            "autoHeight": true,
            "components": [],
            "content": "<pre><code>spatial_progress = 13<\/code><\/pre>",
            "title": "<p>Section 13<\/p>"
        },
        "34114d12-2973-4908-a65d-70fe0f6fce47": {
            "theme": "default",
            "outputs": [
                "fcd78303-d037-4061-8ea5-b123cea5fb80"
            ],
            "autoHeight": true,
            "components": [],
            "content": "<pre><code>player_height = 3<\/code><\/pre>",
            "title": "<p>Player Flower State<\/p>"
        },
        "3b1cf3ca-e5d9-4a8e-a002-b2f5c94361f9": {
            "theme": "default",
            "outputs": [
                "1161d577-fb5f-4344-a985-fb1e153eb26d"
            ],
            "autoHeight": true,
            "components": [],
            "content": "<pre><code>spatial_progress = 12<\/code><\/pre>",
            "title": "<p>Section 12<\/p>"
        },
        "40f6480f-87e0-49b5-a445-f09dc266aa3b": {
            "theme": "default",
            "outputs": [
                "e7a5baa9-fada-4fdd-9cd4-bbca6149b011"
            ],
            "autoHeight": true,
            "components": [],
            "content": "<pre><code>has_star = false<\/code><\/pre>",
            "title": "<p>Player Has No Star<\/p>"
        },
        "e0499199-e285-4d69-98d1-66acd7701bf3": {
            "theme": "default",
            "outputs": [
                "60fc5c93-c35a-4df0-b01b-693df836899d"
            ],
            "autoHeight": true,
            "components": [],
            "content": "<pre><code>spatial_progress = 5<\/code><\/pre>",
            "title": "<p>Section 5<\/p>"
        },
        "4c153a04-ecb4-41e3-8898-e07a8cc8eadd": {
            "theme": "default",
            "outputs": [
                "0052e45a-abf7-4b12-94a9-7d87a947aa06"
            ],
            "autoHeight": true,
            "components": [],
            "content": "<pre><code>spatial_progress = 8<\/code><\/pre>",
            "title": "<p>Section 8<\/p>"
        },
        "6586ab87-e7e4-468e-a8f5-143145320603": {
            "theme": "default",
            "outputs": [
                "95cdd711-b4fe-4fb8-9973-d79ab97eed5e"
            ],
            "autoHeight": true,
            "components": [],
            "content": "<pre><code>spatial_progress = 10<\/code><\/pre>",
            "title": "<p>Section 10<\/p>"
        },
        "70e3846e-29f5-45d7-97da-907544d5d0fb": {
            "theme": "default",
            "outputs": [
                "2526f2a5-11f8-46da-abdc-059ae0decc60"
            ],
            "autoHeight": true,
            "components": [],
            "content": "<pre><code>spatial_progress = 7<\/code><\/pre>",
            "title": "<p>Section 7<\/p>"
        },
        "e75c3f34-0368-4a69-afae-fb0b6c94a3f3": {
            "theme": "default",
            "outputs": [
                "201484fe-a3d1-4345-a84d-2525e4e9f1bf"
            ],
            "autoHeight": true,
            "components": [],
            "content": "<pre><code>spatial_progress = 4<\/code><\/pre>",
            "title": "<p>Section 4<\/p>"
        },
        "7518def7-3301-4ccf-9841-fd5a5700e3fa": {
            "theme": "default",
            "outputs": [
                "0b6df78d-5724-4509-bc96-4acc34302482"
            ],
            "autoHeight": true,
            "components": [],
            "content": "<pre><code>spatial_progress = 1<\/code><\/pre>",
            "title": "<p>Section 1<\/p>"
        },
        "78bc078c-562b-4df8-ae6d-ee96b227332a": {
            "theme": "default",
            "outputs": [
                "43143dff-1444-4625-a2a7-70d28df19dfa"
            ],
            "autoHeight": true,
            "components": [],
            "content": "<pre><code>player_height = 1<\/code><\/pre>",
            "title": "<p>Player Small State<\/p>"
        },
        "8e7f3a73-de92-4d55-8113-ccb9e121fffc": {
            "theme": "default",
            "outputs": [
                "9c56710c-dc2f-4475-9a81-114084035ae2"
            ],
            "autoHeight": true,
            "components": [],
            "content": "<pre><code>spatial_progress = 14<\/code><\/pre>",
            "title": "<p>Section 14<\/p>"
        },
        "8f2dfd96-1222-4d17-8f5d-734240ad5e2b": {
            "theme": "default",
            "outputs": [
                "87d8ecef-aa00-43b8-b8b7-272c55d3f867",
                "bb8675ae-01a5-4eff-833d-3e9e029bc644"
            ],
            "autoHeight": true,
            "components": [],
            "content": "<pre><code>player_height = 2<\/code><\/pre>",
            "title": "<p>Player Big State<\/p>"
        },
        "9875c619-c8b0-44cb-a021-7c921ab06de3": {
            "theme": "default",
            "outputs": [
                "33102187-b985-492a-8d17-fbfcbeea629b",
                "789737a3-1a92-4d23-8e43-9963ca687473"
            ],
            "autoHeight": true,
            "components": [],
            "content": "<pre><code>spatial_progress = 3<\/code><\/pre>",
            "title": "<p>Section 3<\/p>"
        },
        "a2733ade-1df4-49d1-8bcd-ef71b1d53ccf": {
            "theme": "default",
            "outputs": [
                "3bce474e-cb8a-42f8-bda4-19290773dd0a"
            ],
            "autoHeight": true,
            "components": [],
            "content": "<pre><code>has_star = true<\/code><\/pre>",
            "title": "<p>Player Has Star<\/p>"
        },
        "a8342756-15d0-4fc1-972b-9140b406df6f": {
            "theme": "default",
            "outputs": [
                "0f04cb3e-0f1d-4fc6-8807-af1783ea7bf5"
            ],
            "autoHeight": true,
            "components": [],
            "content": "<pre><code>spatial_progress = 2<\/code><\/pre>",
            "title": "<p>Section 2<\/p>"
        },
        "b83a8af8-1dc9-4200-8d75-0ad35593b2f2": {
            "theme": "default",
            "outputs": [
                "7f2d0f6a-c2a3-48c5-ba78-0c10e3c5aa37"
            ],
            "autoHeight": true,
            "components": [],
            "content": "<pre><code>spatial_progress = 11<\/code><\/pre>",
            "title": "<p>Section 11<\/p>"
        },
        "d2f26017-79d4-4d9a-b9cd-b01957c2b412": {
            "theme": "default",
            "outputs": [
                "9d971c49-c048-4ea9-9c7c-ad97086cbbae"
            ],
            "autoHeight": true,
            "components": [],
            "content": "<pre><code>spatial_progress = 6<\/code><\/pre>",
            "title": "<p>Section 6<\/p>"
        }
    },
    "jumpers": {},
    "connections": {
        "0052e45a-abf7-4b12-94a9-7d87a947aa06": {
            "type": "Bezier",
            "theme": "default",
            "sourceid": "4c153a04-ecb4-41e3-8898-e07a8cc8eadd",
            "targetid": "19763229-2293-4092-b301-d149ab6815d1",
            "sourceType": "elements",
            "targetType": "elements",
            "label": null
        },
        "0b6df78d-5724-4509-bc96-4acc34302482": {
            "type": "Bezier",
            "theme": "default",
            "sourceid": "7518def7-3301-4ccf-9841-fd5a5700e3fa",
            "targetid": "a8342756-15d0-4fc1-972b-9140b406df6f",
            "sourceType": "elements",
            "targetFace": "left",
            "targetType": "elements",
            "label": null
        },
        "60fc5c93-c35a-4df0-b01b-693df836899d": {
            "type": "Bezier",
            "theme": "default",
            "sourceid": "e0499199-e285-4d69-98d1-66acd7701bf3",
            "targetid": "d2f26017-79d4-4d9a-b9cd-b01957c2b412",
            "sourceType": "elements",
            "targetType": "elements",
            "label": null
        },
        "0f04cb3e-0f1d-4fc6-8807-af1783ea7bf5": {
            "type": "Bezier",
            "theme": "default",
            "sourceid": "a8342756-15d0-4fc1-972b-9140b406df6f",
            "targetid": "9875c619-c8b0-44cb-a021-7c921ab06de3",
            "sourceType": "elements",
            "targetType": "elements",
            "label": null
        },
        "3bce474e-cb8a-42f8-bda4-19290773dd0a": {
            "type": "Bezier",
            "targetType": "elements",
            "targetid": "40f6480f-87e0-49b5-a445-f09dc266aa3b",
            "sourceid": "a2733ade-1df4-49d1-8bcd-ef71b1d53ccf",
            "theme": "default",
            "sourceType": "elements",
            "label": null
        },
        "1161d577-fb5f-4344-a985-fb1e153eb26d": {
            "type": "Bezier",
            "theme": "default",
            "sourceid": "3b1cf3ca-e5d9-4a8e-a002-b2f5c94361f9",
            "targetid": "d9bb76bb-eec6-449d-aa8b-e5644e8f879f",
            "sourceType": "elements",
            "targetType": "elements",
            "label": null
        },
        "9c56710c-dc2f-4475-9a81-114084035ae2": {
            "type": "Bezier",
            "theme": "default",
            "sourceid": "8e7f3a73-de92-4d55-8113-ccb9e121fffc",
            "targetid": "b83a8af8-1dc9-4200-8d75-0ad35593b2f2",
            "sourceFace": "bottom",
            "sourceType": "elements",
            "targetFace": "left",
            "targetType": "elements",
            "label": null
        },
        "e7a5baa9-fada-4fdd-9cd4-bbca6149b011": {
            "type": "Bezier",
            "targetType": "elements",
            "targetid": "a2733ade-1df4-49d1-8bcd-ef71b1d53ccf",
            "sourceid": "40f6480f-87e0-49b5-a445-f09dc266aa3b",
            "theme": "default",
            "sourceType": "elements",
            "label": null
        },
        "201484fe-a3d1-4345-a84d-2525e4e9f1bf": {
            "type": "Bezier",
            "theme": "default",
            "sourceid": "e75c3f34-0368-4a69-afae-fb0b6c94a3f3",
            "targetid": "e0499199-e285-4d69-98d1-66acd7701bf3",
            "sourceType": "elements",
            "targetType": "elements",
            "label": null
        },
        "7f2d0f6a-c2a3-48c5-ba78-0c10e3c5aa37": {
            "type": "Bezier",
            "theme": "default",
            "sourceid": "b83a8af8-1dc9-4200-8d75-0ad35593b2f2",
            "targetid": "3b1cf3ca-e5d9-4a8e-a002-b2f5c94361f9",
            "sourceType": "elements",
            "targetType": "elements",
            "label": null
        },
        "9d971c49-c048-4ea9-9c7c-ad97086cbbae": {
            "type": "Bezier",
            "theme": "default",
            "sourceid": "d2f26017-79d4-4d9a-b9cd-b01957c2b412",
            "targetid": "70e3846e-29f5-45d7-97da-907544d5d0fb",
            "sourceType": "elements",
            "targetFace": "top",
            "targetType": "elements",
            "label": null
        },
        "2526f2a5-11f8-46da-abdc-059ae0decc60": {
            "type": "Bezier",
            "theme": "default",
            "sourceid": "70e3846e-29f5-45d7-97da-907544d5d0fb",
            "targetid": "4c153a04-ecb4-41e3-8898-e07a8cc8eadd",
            "sourceType": "elements",
            "targetType": "elements",
            "label": null
        },
        "95cdd711-b4fe-4fb8-9973-d79ab97eed5e": {
            "type": "Bezier",
            "theme": "default",
            "sourceid": "6586ab87-e7e4-468e-a8f5-143145320603",
            "targetid": "b83a8af8-1dc9-4200-8d75-0ad35593b2f2",
            "sourceType": "elements",
            "targetFace": "top",
            "targetType": "elements",
            "label": null
        },
        "9e594d1c-2ba7-4ea3-b97d-4aa529640f1b": {
            "targetFace": "top",
            "type": "Bezier",
            "targetType": "elements",
            "targetid": "6586ab87-e7e4-468e-a8f5-143145320603",
            "sourceid": "19763229-2293-4092-b301-d149ab6815d1",
            "theme": "default",
            "sourceType": "elements",
            "label": null
        },
        "789737a3-1a92-4d23-8e43-9963ca687473": {
            "type": "Bezier",
            "theme": "default",
            "sourceid": "9875c619-c8b0-44cb-a021-7c921ab06de3",
            "targetid": "8e7f3a73-de92-4d55-8113-ccb9e121fffc",
            "sourceFace": "bottom",
            "sourceType": "elements",
            "targetFace": "top",
            "targetType": "elements",
            "label": null
        },
        "33102187-b985-492a-8d17-fbfcbeea629b": {
            "type": "Bezier",
            "theme": "default",
            "sourceid": "9875c619-c8b0-44cb-a021-7c921ab06de3",
            "targetid": "e75c3f34-0368-4a69-afae-fb0b6c94a3f3",
            "sourceType": "elements",
            "targetType": "elements",
            "label": null
        },
        "43143dff-1444-4625-a2a7-70d28df19dfa": {
            "type": "Bezier",
            "targetType": "elements",
            "targetid": "8f2dfd96-1222-4d17-8f5d-734240ad5e2b",
            "sourceid": "78bc078c-562b-4df8-ae6d-ee96b227332a",
            "theme": "default",
            "sourceType": "elements",
            "label": null
        },
        "87d8ecef-aa00-43b8-b8b7-272c55d3f867": {
            "type": "Bezier",
            "targetType": "elements",
            "targetid": "78bc078c-562b-4df8-ae6d-ee96b227332a",
            "sourceid": "8f2dfd96-1222-4d17-8f5d-734240ad5e2b",
            "theme": "default",
            "sourceType": "elements",
            "label": null
        },
        "bb8675ae-01a5-4eff-833d-3e9e029bc644": {
            "type": "Bezier",
            "targetType": "elements",
            "targetid": "34114d12-2973-4908-a65d-70fe0f6fce47",
            "sourceid": "8f2dfd96-1222-4d17-8f5d-734240ad5e2b",
            "theme": "default",
            "sourceType": "elements",
            "label": null
        },
        "fcd78303-d037-4061-8ea5-b123cea5fb80": {
            "sourceType": "elements",
            "sourceid": "34114d12-2973-4908-a65d-70fe0f6fce47",
            "targetid": "78bc078c-562b-4df8-ae6d-ee96b227332a",
            "sourceFace": "right",
            "targetFace": "right",
            "type": "Bezier",
            "theme": "default",
            "targetType": "elements",
            "label": null
        }
    },
    "branches": {},
    "components": {
        "65005bda-15d0-41c5-867f-68c118829f08": {
            "root": true,
            "children": [],
            "name": "Root"
        }
    },
    "attributes": {},
    "assets": {
        "647d0495-341f-42b2-8788-b47dace22bf8": {
            "root": true,
            "children": []
        }
    },
    "variables": {
        "3c21bb4e-2e55-461c-8ada-d277e77f0447": {
            "name": "spatial_progress",
            "type": "integer",
            "value": 1
        },
        "484b9379-f04f-424d-9a2d-09c9528b2b37": {
            "name": "has_star",
            "type": "boolean",
            "value": false
        },
        "747d0495-341f-42b2-8788-b47dace22bf8": {
            "root": true,
            "children": [
                "acc17e86-2014-4de1-8cc8-f7aa36dd3b82",
                "484b9379-f04f-424d-9a2d-09c9528b2b37",
                "3c21bb4e-2e55-461c-8ada-d277e77f0447"
            ]
        },
        "acc17e86-2014-4de1-8cc8-f7aa36dd3b82": {
            "name": "player_height",
            "type": "integer",
            "value": 1
        }
    },
    "conditions": {},
    "name": "Super Mario Bros",
    "cover": null
}