{
    "startingElement": "768e03b5-fa6e-4849-b076-6d9160c49c41",
    "boards": {
        "2ad15ff6-f2ba-4f1d-9d9d-68938c683d7e": {
            "name": "Root",
            "root": true,
            "children": [
                "07ecbba6-9db3-4641-99a2-c022a0736c75",
                "630fdb8a-48d6-473e-9974-2460f7eb2b41"
            ]
        },
        "630fdb8a-48d6-473e-9974-2460f7eb2b41": {
            "name": "Campaign Progress",
            "notes": [],
            "jumpers": [
                "1c3c5813-255b-456f-b654-4acf2108c86b"
            ],
            "branches": [
                "a5fa5b66-3ccb-4a77-b137-15ba71ac1956"
            ],
            "elements": [
                "26eb6df1-c75c-4f9e-8aa7-381b0d99fd28",
                "d561b5d5-c77b-4dc1-92c0-72748b108155",
                "f0bcd35c-53af-4f72-b41f-f485a84c6c19",
                "ad01e995-07c2-4788-bfb2-4bb2eaac6814",
                "c9f240e0-4707-4536-a190-c446347141df",
                "1583033d-6e9d-49f3-bc5c-baed269de32a",
                "2beac2bf-3093-4cdc-9116-f6a258ae50f4",
                "73ca70d3-0c1a-4f2f-a488-f45d6d346800",
                "21e9aa67-0f45-49e9-8605-1c327eb882e4",
                "f4bc1c2f-5cd3-4dc4-94d2-48b331099f29"
            ],
            "connections": [
                "403535ef-1f6d-426f-9698-a34357ef2533",
                "3f3b6846-d9dc-416d-b570-848c467d9feb",
                "cb6e265b-a2a4-4aa7-ac2f-18fe74e92513",
                "6222bfe7-2895-461f-bec6-4d578b98c23c",
                "4df196fe-c63c-48cd-a4f1-e78029e9d9f0",
                "0288a1d9-8337-4b65-8dc4-04dd2cb121fe",
                "f169143f-12ec-44e5-b259-87a8e5b66f83",
                "d5e9bf1c-0a43-4863-be64-f8d3f4cac278",
                "50f15ab8-0051-4d60-9327-d9abc7d83b77",
                "92abc9c1-c714-42be-9cf0-6dfaa76920cc",
                "e0e2acb8-56f9-40ff-a0da-087f49b6b97f",
                "8dcd8c98-5dad-4f18-a497-5dbbc117572a",
                "9ec9ad67-617b-41c3-9d69-b7a456dba239",
                "9908f4b1-521c-4684-a202-03d3a4c32c26",
                "a789104e-e92a-4b0d-a2c4-e9ef1a6dda2b",
                "41b0c853-f3eb-462e-be59-e6c5f7e32714",
                "505cead7-7ada-40c1-9cff-dc4228f871cd"
            ]
        },
        "07ecbba6-9db3-4641-99a2-c022a0736c75": {
            "connections": [
                "4fb0578b-9b68-4f42-a1e2-50d310b52a0e",
                "fb48c8ab-625b-44a4-a471-2392d3db6e5b",
                "06d34b10-5730-4abc-bd05-1e70e024567c",
                "d3b7339f-d793-407d-a24b-c5ed1ef968eb",
                "4f70e170-8ecb-44e5-83c7-225f9d1ecddb",
                "b4b49816-26a3-4a07-9cad-535bd053e9e2"
            ],
            "notes": [],
            "name": "Difficulty Selection",
            "elements": [
                "d3013d6e-412b-48c9-b002-dd24e36172d3",
                "f1477cb6-1c47-4bf9-857a-0fc7d4cf9115",
                "1d88ddfd-3ab4-41bf-9592-8922b6371a50",
                "768e03b5-fa6e-4849-b076-6d9160c49c41"
            ],
            "branches": [],
            "jumpers": [
                "07bf426d-3262-4c3d-b9fb-1faad105f240"
            ]
        }
    },
    "notes": {},
    "elements": {
        "768e03b5-fa6e-4849-b076-6d9160c49c41": {
            "autoHeight": true,
            "title": "<p>Difficulty Selection for Level<\/p>",
            "theme": "default",
            "components": [],
            "content": "",
            "outputs": [
                "4fb0578b-9b68-4f42-a1e2-50d310b52a0e",
                "fb48c8ab-625b-44a4-a471-2392d3db6e5b",
                "b4b49816-26a3-4a07-9cad-535bd053e9e2"
            ]
        },
        "26eb6df1-c75c-4f9e-8aa7-381b0d99fd28": {
            "autoHeight": true,
            "title": "<p>Mission I<\/p>",
            "theme": "default",
            "components": [],
            "content": "<pre><code>mission_progress = 1<\/code><\/pre>",
            "outputs": [
                "e0e2acb8-56f9-40ff-a0da-087f49b6b97f"
            ]
        },
        "d561b5d5-c77b-4dc1-92c0-72748b108155": {
            "autoHeight": true,
            "title": "<p>Mission II<\/p>",
            "theme": "default",
            "components": [],
            "content": "<pre><code>mission_progress = 2<\/code><\/pre>",
            "outputs": [
                "8dcd8c98-5dad-4f18-a497-5dbbc117572a"
            ]
        },
        "f0bcd35c-53af-4f72-b41f-f485a84c6c19": {
            "autoHeight": true,
            "title": "<p>Mission III<\/p>",
            "theme": "default",
            "components": [],
            "content": "<pre><code>mission_progress = 3<\/code><\/pre>",
            "outputs": [
                "9ec9ad67-617b-41c3-9d69-b7a456dba239"
            ]
        },
        "f4bc1c2f-5cd3-4dc4-94d2-48b331099f29": {
            "autoHeight": true,
            "title": "<p>Campaign Complete<\/p>",
            "theme": "default",
            "components": [],
            "content": "",
            "outputs": []
        },
        "d3013d6e-412b-48c9-b002-dd24e36172d3": {
            "outputs": [
                "06d34b10-5730-4abc-bd05-1e70e024567c"
            ],
            "title": "<p>Player Selects Easy Difficulty<\/p>",
            "content": "<pre><code>difficulty = 1<\/code><\/pre>",
            "components": [],
            "theme": "default",
            "autoHeight": true
        },
        "f1477cb6-1c47-4bf9-857a-0fc7d4cf9115": {
            "outputs": [
                "d3b7339f-d793-407d-a24b-c5ed1ef968eb"
            ],
            "title": "<p>Player Selects Medium Difficulty<\/p>",
            "content": "<pre><code>difficulty = 2<\/code><\/pre>",
            "components": [],
            "theme": "default",
            "autoHeight": true
        },
        "1d88ddfd-3ab4-41bf-9592-8922b6371a50": {
            "outputs": [
                "4f70e170-8ecb-44e5-83c7-225f9d1ecddb"
            ],
            "title": "<p>Player Selects Hard Difficulty<\/p>",
            "content": "<pre><code>difficulty = 3<\/code><\/pre>",
            "components": [],
            "theme": "default",
            "autoHeight": true
        },
        "ad01e995-07c2-4788-bfb2-4bb2eaac6814": {
            "autoHeight": true,
            "title": "<p>Mission IV<\/p>",
            "theme": "default",
            "components": [],
            "content": "<pre><code>mission_progress = 4<\/code><\/pre>",
            "outputs": [
                "9908f4b1-521c-4684-a202-03d3a4c32c26"
            ]
        },
        "c9f240e0-4707-4536-a190-c446347141df": {
            "autoHeight": true,
            "title": "<p>Mission V<\/p>",
            "theme": "default",
            "components": [],
            "content": "<pre><code>mission_progress = 5<\/code><\/pre>",
            "outputs": [
                "a789104e-e92a-4b0d-a2c4-e9ef1a6dda2b"
            ]
        },
        "1583033d-6e9d-49f3-bc5c-baed269de32a": {
            "autoHeight": true,
            "title": "<p>Mission VI<\/p>",
            "theme": "default",
            "components": [],
            "content": "<pre><code>mission_progress = 6<\/code><\/pre>",
            "outputs": [
                "41b0c853-f3eb-462e-be59-e6c5f7e32714"
            ]
        },
        "2beac2bf-3093-4cdc-9116-f6a258ae50f4": {
            "autoHeight": true,
            "title": "<p>Mission VII<\/p>",
            "theme": "default",
            "components": [],
            "content": "<pre><code>mission_progress = 7<\/code><\/pre>",
            "outputs": [
                "505cead7-7ada-40c1-9cff-dc4228f871cd"
            ]
        },
        "73ca70d3-0c1a-4f2f-a488-f45d6d346800": {
            "autoHeight": true,
            "title": "<p>Mission VIII<\/p>",
            "theme": "default",
            "components": [],
            "content": "<pre><code>mission_progress = 8<\/code><\/pre>",
            "outputs": [
                "3f3b6846-d9dc-416d-b570-848c467d9feb"
            ]
        },
        "21e9aa67-0f45-49e9-8605-1c327eb882e4": {
            "autoHeight": true,
            "title": "<p>Play next mission<\/p>",
            "theme": "default",
            "components": [],
            "content": "",
            "outputs": [
                "403535ef-1f6d-426f-9698-a34357ef2533"
            ]
        }
    },
    "jumpers": {
        "1c3c5813-255b-456f-b654-4acf2108c86b": {
            "elementId": "768e03b5-fa6e-4849-b076-6d9160c49c41",
            "height": 86,
            "width": 185
        },
        "07bf426d-3262-4c3d-b9fb-1faad105f240": {
            "elementId": "21e9aa67-0f45-49e9-8605-1c327eb882e4",
            "height": 86,
            "width": 185
        }
    },
    "connections": {
        "fb48c8ab-625b-44a4-a471-2392d3db6e5b": {
            "sourceType": "elements",
            "label": null,
            "sourceid": "768e03b5-fa6e-4849-b076-6d9160c49c41",
            "targetid": "f1477cb6-1c47-4bf9-857a-0fc7d4cf9115",
            "targetFace": "top",
            "targetType": "elements",
            "theme": "default",
            "type": "Bezier"
        },
        "b4b49816-26a3-4a07-9cad-535bd053e9e2": {
            "sourceType": "elements",
            "label": null,
            "sourceid": "768e03b5-fa6e-4849-b076-6d9160c49c41",
            "targetid": "1d88ddfd-3ab4-41bf-9592-8922b6371a50",
            "targetFace": "top",
            "targetType": "elements",
            "theme": "default",
            "type": "Bezier"
        },
        "4fb0578b-9b68-4f42-a1e2-50d310b52a0e": {
            "sourceType": "elements",
            "label": null,
            "sourceid": "768e03b5-fa6e-4849-b076-6d9160c49c41",
            "targetid": "d3013d6e-412b-48c9-b002-dd24e36172d3",
            "targetFace": "top",
            "targetType": "elements",
            "theme": "default",
            "type": "Bezier"
        },
        "06d34b10-5730-4abc-bd05-1e70e024567c": {
            "sourceType": "elements",
            "label": null,
            "sourceid": "d3013d6e-412b-48c9-b002-dd24e36172d3",
            "targetid": "07bf426d-3262-4c3d-b9fb-1faad105f240",
            "targetFace": "left",
            "targetType": "jumpers",
            "theme": "default",
            "type": "Bezier"
        },
        "4f70e170-8ecb-44e5-83c7-225f9d1ecddb": {
            "targetType": "jumpers",
            "type": "Bezier",
            "targetid": "07bf426d-3262-4c3d-b9fb-1faad105f240",
            "label": null,
            "sourceid": "1d88ddfd-3ab4-41bf-9592-8922b6371a50",
            "theme": "default",
            "sourceType": "elements"
        },
        "d3b7339f-d793-407d-a24b-c5ed1ef968eb": {
            "sourceType": "elements",
            "label": null,
            "sourceid": "f1477cb6-1c47-4bf9-857a-0fc7d4cf9115",
            "targetid": "07bf426d-3262-4c3d-b9fb-1faad105f240",
            "targetFace": "top",
            "targetType": "jumpers",
            "theme": "default",
            "type": "Bezier"
        },
        "403535ef-1f6d-426f-9698-a34357ef2533": {
            "targetType": "branches",
            "type": "Bezier",
            "targetid": "a5fa5b66-3ccb-4a77-b137-15ba71ac1956",
            "label": null,
            "sourceid": "21e9aa67-0f45-49e9-8605-1c327eb882e4",
            "theme": "default",
            "sourceType": "elements"
        },
        "3f3b6846-d9dc-416d-b570-848c467d9feb": {
            "sourceType": "elements",
            "label": null,
            "sourceid": "73ca70d3-0c1a-4f2f-a488-f45d6d346800",
            "targetid": "f4bc1c2f-5cd3-4dc4-94d2-48b331099f29",
            "targetFace": "left",
            "targetType": "elements",
            "theme": "default",
            "type": "Bezier"
        },
        "cb6e265b-a2a4-4aa7-ac2f-18fe74e92513": {
            "targetType": "elements",
            "type": "Bezier",
            "targetid": "26eb6df1-c75c-4f9e-8aa7-381b0d99fd28",
            "label": null,
            "sourceid": "34186f4e-0df4-4e3a-9f74-96005dfc7aa7",
            "theme": "default",
            "sourceType": "conditions"
        },
        "6222bfe7-2895-461f-bec6-4d578b98c23c": {
            "targetType": "elements",
            "type": "Bezier",
            "targetid": "d561b5d5-c77b-4dc1-92c0-72748b108155",
            "label": null,
            "sourceid": "715f5b4d-37c7-4e11-9c60-2b062e76d8be",
            "theme": "default",
            "sourceType": "conditions"
        },
        "4df196fe-c63c-48cd-a4f1-e78029e9d9f0": {
            "targetType": "elements",
            "type": "Bezier",
            "targetid": "f0bcd35c-53af-4f72-b41f-f485a84c6c19",
            "label": null,
            "sourceid": "c88d62d3-7222-4b3a-8b2f-b93041c37bfb",
            "theme": "default",
            "sourceType": "conditions"
        },
        "0288a1d9-8337-4b65-8dc4-04dd2cb121fe": {
            "targetType": "elements",
            "type": "Bezier",
            "targetid": "ad01e995-07c2-4788-bfb2-4bb2eaac6814",
            "label": null,
            "sourceid": "e0b985bc-a337-486a-aa41-f18d54ae4c70",
            "theme": "default",
            "sourceType": "conditions"
        },
        "f169143f-12ec-44e5-b259-87a8e5b66f83": {
            "targetType": "elements",
            "type": "Bezier",
            "targetid": "c9f240e0-4707-4536-a190-c446347141df",
            "label": null,
            "sourceid": "16e948f3-01d7-42e6-99b0-e1a6a9e9bc51",
            "theme": "default",
            "sourceType": "conditions"
        },
        "d5e9bf1c-0a43-4863-be64-f8d3f4cac278": {
            "targetType": "elements",
            "type": "Bezier",
            "targetid": "1583033d-6e9d-49f3-bc5c-baed269de32a",
            "label": null,
            "sourceid": "2c65fdd6-e5a7-4218-98b7-6c6ffaf8f01a",
            "theme": "default",
            "sourceType": "conditions"
        },
        "50f15ab8-0051-4d60-9327-d9abc7d83b77": {
            "targetType": "elements",
            "type": "Bezier",
            "targetid": "2beac2bf-3093-4cdc-9116-f6a258ae50f4",
            "label": null,
            "sourceid": "4270263f-d3b9-413f-b481-24db77aa64b1",
            "theme": "default",
            "sourceType": "conditions"
        },
        "92abc9c1-c714-42be-9cf0-6dfaa76920cc": {
            "targetType": "elements",
            "type": "Bezier",
            "targetid": "73ca70d3-0c1a-4f2f-a488-f45d6d346800",
            "label": null,
            "sourceid": "170402d0-3705-4a7d-85b3-a34d2c63f1c3",
            "theme": "default",
            "sourceType": "conditions"
        },
        "e0e2acb8-56f9-40ff-a0da-087f49b6b97f": {
            "targetType": "jumpers",
            "type": "Bezier",
            "targetid": "1c3c5813-255b-456f-b654-4acf2108c86b",
            "label": null,
            "sourceid": "26eb6df1-c75c-4f9e-8aa7-381b0d99fd28",
            "theme": "default",
            "sourceType": "elements"
        },
        "8dcd8c98-5dad-4f18-a497-5dbbc117572a": {
            "targetType": "jumpers",
            "type": "Bezier",
            "targetid": "1c3c5813-255b-456f-b654-4acf2108c86b",
            "label": null,
            "sourceid": "d561b5d5-c77b-4dc1-92c0-72748b108155",
            "theme": "default",
            "sourceType": "elements"
        },
        "9ec9ad67-617b-41c3-9d69-b7a456dba239": {
            "targetType": "jumpers",
            "type": "Bezier",
            "targetid": "1c3c5813-255b-456f-b654-4acf2108c86b",
            "label": null,
            "sourceid": "f0bcd35c-53af-4f72-b41f-f485a84c6c19",
            "theme": "default",
            "sourceType": "elements"
        },
        "9908f4b1-521c-4684-a202-03d3a4c32c26": {
            "sourceType": "elements",
            "label": null,
            "sourceid": "ad01e995-07c2-4788-bfb2-4bb2eaac6814",
            "targetid": "1c3c5813-255b-456f-b654-4acf2108c86b",
            "targetFace": "left",
            "targetType": "jumpers",
            "theme": "default",
            "type": "Bezier"
        },
        "a789104e-e92a-4b0d-a2c4-e9ef1a6dda2b": {
            "targetType": "jumpers",
            "type": "Bezier",
            "targetid": "1c3c5813-255b-456f-b654-4acf2108c86b",
            "label": null,
            "sourceid": "c9f240e0-4707-4536-a190-c446347141df",
            "theme": "default",
            "sourceType": "elements"
        },
        "41b0c853-f3eb-462e-be59-e6c5f7e32714": {
            "targetType": "jumpers",
            "type": "Bezier",
            "targetid": "1c3c5813-255b-456f-b654-4acf2108c86b",
            "label": null,
            "sourceid": "1583033d-6e9d-49f3-bc5c-baed269de32a",
            "theme": "default",
            "sourceType": "elements"
        },
        "505cead7-7ada-40c1-9cff-dc4228f871cd": {
            "targetType": "jumpers",
            "type": "Bezier",
            "targetid": "1c3c5813-255b-456f-b654-4acf2108c86b",
            "label": null,
            "sourceid": "2beac2bf-3093-4cdc-9116-f6a258ae50f4",
            "theme": "default",
            "sourceType": "elements"
        }
    },
    "branches": {
        "a5fa5b66-3ccb-4a77-b137-15ba71ac1956": {
            "conditions": {
                "ifCondition": "34186f4e-0df4-4e3a-9f74-96005dfc7aa7",
                "elseIfConditions": [
                    "715f5b4d-37c7-4e11-9c60-2b062e76d8be",
                    "c88d62d3-7222-4b3a-8b2f-b93041c37bfb",
                    "e0b985bc-a337-486a-aa41-f18d54ae4c70",
                    "16e948f3-01d7-42e6-99b0-e1a6a9e9bc51",
                    "2c65fdd6-e5a7-4218-98b7-6c6ffaf8f01a",
                    "4270263f-d3b9-413f-b481-24db77aa64b1",
                    "170402d0-3705-4a7d-85b3-a34d2c63f1c3"
                ]
            },
            "theme": "default"
        }
    },
    "components": {
        "65005bda-15d0-41c5-867f-68c118829f08": {
            "name": "Root",
            "root": true,
            "children": []
        }
    },
    "attributes": {},
    "assets": {
        "647d0495-341f-42b2-8788-b47dace22bf8": {
            "root": true,
            "children": []
        }
    },
    "variables": {
        "747d0495-341f-42b2-8788-b47dace22bf8": {
            "root": true,
            "children": [
                "86f61429-09eb-4455-948a-c388a0f85924",
                "75e062bb-7a9f-4397-8b6b-92cd4dd5f927"
            ]
        },
        "86f61429-09eb-4455-948a-c388a0f85924": {
            "type": "integer",
            "name": "difficulty",
            "value": 1
        },
        "75e062bb-7a9f-4397-8b6b-92cd4dd5f927": {
            "type": "integer",
            "name": "mission_progress",
            "value": 0
        }
    },
    "conditions": {
        "34186f4e-0df4-4e3a-9f74-96005dfc7aa7": {
            "script": "mission_progress == 0",
            "output": "cb6e265b-a2a4-4aa7-ac2f-18fe74e92513"
        },
        "715f5b4d-37c7-4e11-9c60-2b062e76d8be": {
            "script": "mission_progress == 1",
            "output": "6222bfe7-2895-461f-bec6-4d578b98c23c"
        },
        "170402d0-3705-4a7d-85b3-a34d2c63f1c3": {
            "script": "mission_progress == 7",
            "output": "92abc9c1-c714-42be-9cf0-6dfaa76920cc"
        },
        "c88d62d3-7222-4b3a-8b2f-b93041c37bfb": {
            "script": "mission_progress == 2",
            "output": "4df196fe-c63c-48cd-a4f1-e78029e9d9f0"
        },
        "e0b985bc-a337-486a-aa41-f18d54ae4c70": {
            "script": "mission_progress == 3",
            "output": "0288a1d9-8337-4b65-8dc4-04dd2cb121fe"
        },
        "16e948f3-01d7-42e6-99b0-e1a6a9e9bc51": {
            "script": "mission_progress == 4",
            "output": "f169143f-12ec-44e5-b259-87a8e5b66f83"
        },
        "2c65fdd6-e5a7-4218-98b7-6c6ffaf8f01a": {
            "script": "mission_progress == 5",
            "output": "d5e9bf1c-0a43-4863-be64-f8d3f4cac278"
        },
        "4270263f-d3b9-413f-b481-24db77aa64b1": {
            "script": "mission_progress == 6",
            "output": "50f15ab8-0051-4d60-9327-d9abc7d83b77"
        }
    },
    "name": "Anno 1404 Campaign",
    "cover": null
}