{
    "startingElement": "084e35f7-ebca-4591-9bad-a9941d15ccb1",
    "boards": {
        "2ad15ff6-f2ba-4f1d-9d9d-68938c683d7e": {
            "name": "Root",
            "root": true,
            "children": [
                "5f74b70a-b2b9-4e19-9968-d45086a0ce40"
            ]
        },
        "2be8ce38-fd62-4531-aa0d-3c540c31eaa8": {
            "name": "Tetris Classic Gameplay",
            "notes": [],
            "jumpers": [
                "5fd01d47-ce5a-48c6-a06a-8145f9add4b9",
                "cbd40a89-be43-4b1d-8eb3-fda52114c4d8",
                "015f537e-1e19-4a08-a66b-243fdd77fc78",
                "a7c07be6-0266-4742-81bb-f8acb664a862",
                "3579eece-05de-4dc3-9029-45ba91032210",
                "737a50cb-4fbc-4b14-a81e-64a9d37d8936"
            ],
            "branches": [],
            "elements": [
                "2e619910-8650-4d75-98c8-f367f77ab121",
                "dc924a1e-b8b1-4532-b4b8-8c79849f0329",
                "2700d498-4eb0-45fd-bccd-6027346faf7c",
                "9c68582c-2962-4a5e-b4f9-b0814d2eca59",
                "f616f9db-fa61-4c57-92b6-b26038a26780",
                "35a1118b-86b4-4685-9572-c0554af3ca05",
                "46c29dc7-9b27-48e1-adf2-825b24a3af7a",
                "89a7312e-13ac-41e5-8941-1353361f0534",
                "22f1c047-b316-429a-9332-b6495db33eeb"
            ],
            "connections": [
                "b7c31ade-fde2-4681-8c6d-42483ee806a3",
                "8e6140a4-4d20-42d7-bb02-302dbd5cf6f3",
                "587056eb-f7f6-428f-b20f-d648a12c7d29",
                "fc6bf2dd-2433-40e2-8fda-06c49a52750a",
                "b7916c84-10f0-4fb3-9fb6-fe01d2199713",
                "ccf25c4c-dafd-4a83-8c5d-8ecb7b44e9b2",
                "874127b9-313e-46e3-804d-a3be7fb5ed33",
                "0b34022d-efa0-489a-8f53-971df6a0a589",
                "7f0eff84-8a6f-49aa-8874-860cbe9c0103",
                "a68f7201-9768-4997-a380-cdfa583526ac",
                "110ac938-2160-4956-96f5-6a39b9b7f50e",
                "a3852d2b-c4e9-448d-8696-5064b3354195",
                "605448c7-a482-4b9b-8791-eb6686d69b78",
                "498b84f4-485d-4b62-91dd-6c4be7c7e714"
            ]
        },
        "48ab9669-0d55-450f-bbf7-8140681f14a3": {
            "name": "Next Piece",
            "notes": [],
            "jumpers": [
                "c69f5f04-00ea-4da7-ac1d-14527a0a2432"
            ],
            "branches": [
                "ce4ab196-a234-4871-8c11-c18bf51ad603"
            ],
            "elements": [
                "19342aaa-56ab-4846-a072-325a4d37339b"
            ],
            "connections": [
                "0a1729ac-7cc9-428c-b5c1-80973bae6c73",
                "4cd4398b-0c06-4fb2-9d7e-e0b1bccb0f35",
                "f3cced17-4be6-4c17-afef-ec55aa1d1569"
            ]
        },
        "5f74b70a-b2b9-4e19-9968-d45086a0ce40": {
            "name": "Tetris Classic",
            "children": [
                "2be8ce38-fd62-4531-aa0d-3c540c31eaa8",
                "630fdb8a-48d6-473e-9974-2460f7eb2b41",
                "96085205-428e-4cca-b047-44eefcec4252",
                "48ab9669-0d55-450f-bbf7-8140681f14a3",
                "fdfddda7-4304-4313-9c46-9ef9a9b3f117",
                "f122d01a-46a3-41d9-9428-cb74f75b3f45"
            ]
        },
        "630fdb8a-48d6-473e-9974-2460f7eb2b41": {
            "name": "Level Progression",
            "notes": [],
            "jumpers": [
                "7ca96b67-6d1c-40dc-849f-d737d0f83585",
                "e8c069a1-6a23-42c0-b063-5dc19a206d21"
            ],
            "branches": [
                "1a45b266-e21e-4408-b016-434f8e965bc3",
                "c75d2ab0-23a8-41e5-b554-023ddc0a55b9"
            ],
            "elements": [
                "6603ab80-f72b-4fb8-9fd5-d2bc8bef0429",
                "877abbc4-9f4b-4aad-9ed5-6fb49b5d556c",
                "f09a37db-7ae5-4f62-a0f0-8386b7894951",
                "121f4960-b114-47de-8c10-81317f6d284b",
                "63b38d52-e202-46de-9788-aecfe783cefd",
                "483f5dae-8374-4ab2-91cc-fe5862a19f57",
                "c5b0fbcb-947c-4b74-bd1c-718f6544163f",
                "4adbf741-ab50-4ff5-bb7f-e10721917ca9",
                "cd5c5c07-a6a0-4ca1-a2a0-bf700c78e7f9",
                "de215539-8297-4aea-8f07-c6ab6297d061",
                "022b4e6f-f4ab-431b-ae8e-82ff37e707c6",
                "390939d4-2c8f-4889-b310-9235a6784ffa"
            ],
            "connections": [
                "996719c6-603c-4469-9232-22d014691d9c",
                "8b7dc2f5-d51c-462f-aa2f-def8bef6e0ea",
                "fee72d76-26dc-4f01-942c-350fd27a278a",
                "a78f2b0f-fc96-44eb-ba48-47a87a701b57",
                "917ed158-5dfe-4a80-8e11-fce1ebee3555",
                "2765622f-db4a-4a4d-bb02-e8953fcfa499",
                "bbba3efe-ea37-43a8-9fd3-3a5ab9a0c6ad",
                "4de52737-4f18-4b88-86f0-2954268537c0",
                "5fed2d00-6f73-4ac0-b91d-cfd0ab0d607a",
                "6cf05b47-d0af-4933-a9fd-013509c0a808",
                "a65c53b0-d9be-4bfa-b02e-e49b061982fd",
                "f9a77010-dd3b-45b1-92bf-3034457da958",
                "1fdb0cfb-752d-4276-87b4-1bbc55740382",
                "67128860-205f-428a-abfb-90bf6d5f03fb",
                "4880b9e0-3639-4ac6-b797-64c0a785becd",
                "1a9d8ace-5ed2-4146-8802-101a231a68d1",
                "7aaac3cd-5008-47a0-85a4-5024a940959c",
                "22830491-880e-4a12-8d8c-d26e3cd4f898",
                "bd804ad3-829c-4b36-a402-4551ca8ee559",
                "68148404-e07d-4dc7-9f29-7756198c3b4b",
                "09c80b9a-8739-4fc1-be7d-a42f0eb868b8",
                "9632f47f-e639-418a-aa6a-1579eb37622b",
                "dacfa73f-98d8-42e6-afa4-417f5b84277c",
                "8e1a783c-bc5b-43d1-a406-c8b69d35cc47",
                "83bc2c26-bd8f-4c4b-9467-0346fb4b99f6"
            ]
        },
        "96085205-428e-4cca-b047-44eefcec4252": {
            "name": "Board Fill Level",
            "notes": [],
            "jumpers": [
                "26d4ed7c-c5c4-453d-9ac1-e058d61d1966",
                "1373511c-db9a-4c94-b5f6-c7f9a18417c4",
                "42137e5d-c483-4c97-9294-91e28a8089a9",
                "ffbd5eef-3b45-47d8-9218-7c7821d0733c",
                "4a3bd92c-21cf-4b92-8b70-9a0a81eea192",
                "539bfc6f-331e-407a-8d5c-f94d7574aa95",
                "7e07b515-64de-4a0e-8e18-21ebf1671d66",
                "781b52f7-4f02-4731-8d09-5a1b6a3dba4b",
                "8800f644-2b40-491b-9af2-3acf5268d6cd",
                "0924bce3-0c60-417e-b943-f54907a2d002",
                "ddd4373c-1e3b-45b3-884f-bbca95a0aa03",
                "7097f1e9-62e7-45f6-af42-5330bb58ac62",
                "ba2f909c-963e-4359-b042-05e1b0f5d844",
                "fa8ef61e-a38f-4148-9027-d46a2d8c03c0",
                "20621164-ae0b-4997-9117-80535af47a26",
                "9ca55dbe-d596-47ae-99ff-deb1cba67131",
                "9b319c0f-aa49-4ad7-8c68-9e8327ba2a21",
                "36d69fb8-8802-4a9b-a28c-3fbc41ee2bc0",
                "36b69841-5e11-45b8-9062-3aa30151cfe9",
                "ada619ad-9869-4f7d-b464-f6783e2ce92e",
                "30af20f0-6849-4657-b9c7-2ed43eabe39a",
                "e7babcae-9ea9-4c1a-89ba-4e54dd276b2f",
                "6d6be61f-3ccf-4b6c-996d-d5ae80df7f3b",
                "56ce6b16-ae68-4e69-9dcf-15df426f5307",
                "f54525ef-b9a3-43f3-82e6-7e2190342883",
                "20ccf174-a835-4451-9549-03897fe41214",
                "f71fd9c3-7234-4b6a-ae6e-e1a958ac05f3"
            ],
            "branches": [
                "9bb28020-b591-4012-b0ab-0fb5553e14b3",
                "34a39347-eeaa-4ce9-940d-0437eb0c1c9f",
                "c6fa4c77-56c1-4a85-9972-182d7cd105e5"
            ],
            "elements": [
                "cb39c7cd-0977-40d7-8f88-c0acbf54bc0c",
                "1f30989b-7b16-4ddb-ae0f-a0185e32b826",
                "967dab8e-9a92-40d3-b316-37db483959c7",
                "c0c6c619-8fd3-44b9-812d-b61402e73e4d",
                "14d8a49c-704b-49f6-83d0-c4bee74c5e67",
                "891917e5-198f-435a-914a-f8f229b8ee12",
                "895ed327-2ef0-4d7e-9b3c-ec6b39e16187",
                "5869611b-6a20-4a26-a6cd-935909d39438",
                "434d03ab-9d3d-441f-8767-fa63d810891d",
                "6d440d4b-6881-4fe3-8adf-a114bb2fc26e",
                "db79bc33-1f1f-425e-9f9a-015c42951866",
                "43c9e36f-9871-4a24-a551-973f2cf73d11",
                "d7d9d5dc-562d-4f73-9597-418fece10980"
            ],
            "connections": [
                "22c9c391-54b8-45d7-b3c7-9b40cd9b194e",
                "312da5cf-7a60-462a-8bc3-64adf3dbb93c",
                "a0b1bb82-796c-4c81-87bb-7e181cf6dad4",
                "f694cebe-bef2-4235-b217-e11f91c7f18d",
                "1b56a461-4025-4cac-a9f9-06003ff9d10f",
                "f168fca7-2fe3-4e75-9857-ba21264d7d99",
                "83968a2c-fa4f-45b2-81ee-cfa567afa5c3",
                "00945caf-ba36-47c7-86cb-cf38bc1d5c82",
                "2fd684d9-cc00-44cf-a474-67ee0dbbc008",
                "7be2142c-5735-4d37-ad38-c614360bb747",
                "48588eea-6a7e-4f67-bae4-d0b7842b4816",
                "0185564a-3aac-437b-b2f7-e9ed79df401b",
                "3c467574-c417-4845-88f1-03510818edc9",
                "6e5f5174-1b9e-4b90-9ce2-6b572213592d",
                "69ca02eb-51f2-482d-bdef-b2bd516c4a2a",
                "4393ce84-4fa3-4750-a93e-7d4d9373b258",
                "7eab261e-f34f-4531-88a1-15e789d46734",
                "843af761-8a74-4ed8-9788-bac5e9ee6582",
                "b2188ba2-51a4-4a0d-87a6-8201d63c39ab",
                "b9debd6e-a899-4a4c-831a-c0f8d199f175",
                "8becbb3b-5d9d-448f-aa7c-88895a20ad13",
                "b5be37a7-0f73-46c4-9726-60caf82cb18c",
                "5a5db91b-0e39-4c93-9dc7-e8ca4223c023",
                "ffa22c28-39ae-4b8e-b861-8f6bbe6f371e",
                "b1939d5d-0f2e-44e2-964e-42ed33998fbe",
                "befcdac7-a0ef-48bb-9c15-163d4925265a",
                "bdb915d2-132d-4c18-abe3-e1d1c86fef57",
                "e95c8dff-e937-4a45-8411-b1e621409d09",
                "09e5fae0-ef07-43ad-8cf8-cd9676596bba",
                "3cc33eb1-5e22-4a59-bec4-5413430c9071",
                "aa26ff07-1588-41b3-ae7a-050e11d4cf42",
                "d1eda007-e13b-45db-9ae7-604afff1fe3e",
                "006c1710-57b6-4e33-ba1a-2de05d73ae62",
                "34e878ca-a8eb-4e8f-8dea-56270a88a6cd",
                "30952adb-0bb6-4593-87db-a31eb09b4d40",
                "b419687d-4717-4a99-816e-3083b5214c51",
                "0a2ed091-90c8-4edc-8480-d88d978e1534",
                "353c3da3-9854-42cf-8758-809f9c88a0fd",
                "01552578-b154-4bd4-8c0b-f4f197cc2391"
            ]
        },
        "f122d01a-46a3-41d9-9428-cb74f75b3f45": {
            "name": "Topped Out",
            "notes": [],
            "jumpers": [],
            "branches": [],
            "elements": [
                "7196b2c6-5ae4-4e31-afe0-d38a237ad288",
                "37159772-3f9f-4b93-986c-5186c185c65c"
            ],
            "connections": [
                "bbd2e9b7-4d9c-4863-ad70-1fabf854b31d"
            ]
        },
        "fdfddda7-4304-4313-9c46-9ef9a9b3f117": {
            "name": "Current Piece",
            "notes": [],
            "jumpers": [
                "e3b47d50-67c8-4e10-a3e1-dd520496f2b2"
            ],
            "branches": [],
            "elements": [
                "85c1252a-b4ef-4bb0-ba65-862ad2944c70",
                "084e35f7-ebca-4591-9bad-a9941d15ccb1"
            ],
            "connections": [
                "9358fced-4c95-47bb-90f6-2abd6fdc85d0",
                "3180e839-721b-4cd4-a738-418f6be3d9f6"
            ]
        }
    },
    "notes": {},
    "elements": {
        "cb39c7cd-0977-40d7-8f88-c0acbf54bc0c": {
            "theme": "default",
            "title": "<p>Board Fill Level 0-9%<\/p>",
            "content": "<pre><code>fill_state = 5<\/code><\/pre>",
            "outputs": [
                "48588eea-6a7e-4f67-bae4-d0b7842b4816"
            ],
            "autoHeight": true,
            "components": []
        },
        "022b4e6f-f4ab-431b-ae8e-82ff37e707c6": {
            "autoHeight": true,
            "title": "<p>Update Level, Decrease Level 1<\/p>",
            "theme": "default",
            "components": [],
            "content": "<pre><code>level_decrease = 1<\/code><\/pre>",
            "outputs": [
                "996719c6-603c-4469-9232-22d014691d9c"
            ]
        },
        "de215539-8297-4aea-8f07-c6ab6297d061": {
            "theme": "default",
            "title": "<p>Level 10<\/p>",
            "content": "<pre><code>current_level = 10<\/code><\/pre>",
            "outputs": [
                "7aaac3cd-5008-47a0-85a4-5024a940959c"
            ],
            "autoHeight": true,
            "components": []
        },
        "14d8a49c-704b-49f6-83d0-c4bee74c5e67": {
            "theme": "default",
            "title": "<p>Board Fill Level 40-49%<\/p>",
            "content": "<pre><code>fill_state = 45<\/code><\/pre>",
            "outputs": [
                "83968a2c-fa4f-45b2-81ee-cfa567afa5c3"
            ],
            "autoHeight": true,
            "components": []
        },
        "f616f9db-fa61-4c57-92b6-b26038a26780": {
            "theme": "default",
            "title": "<p>No Fill Level Increase<\/p>",
            "content": "",
            "outputs": [
                "110ac938-2160-4956-96f5-6a39b9b7f50e"
            ],
            "autoHeight": true,
            "components": []
        },
        "1f30989b-7b16-4ddb-ae0f-a0185e32b826": {
            "theme": "default",
            "title": "<p>Board Fill Level 10-19%<\/p>",
            "content": "<pre><code>fill_state = 15<\/code><\/pre>",
            "outputs": [
                "7be2142c-5735-4d37-ad38-c614360bb747"
            ],
            "autoHeight": true,
            "components": []
        },
        "22f1c047-b316-429a-9332-b6495db33eeb": {
            "theme": "default",
            "title": "<p>Two Fill Level Decrease<\/p>",
            "content": "",
            "outputs": [
                "605448c7-a482-4b9b-8791-eb6686d69b78"
            ],
            "autoHeight": true,
            "components": []
        },
        "2700d498-4eb0-45fd-bccd-6027346faf7c": {
            "theme": "default",
            "title": "<p>No Row Finished<\/p>",
            "content": "",
            "outputs": [
                "fc6bf2dd-2433-40e2-8fda-06c49a52750a",
                "b7916c84-10f0-4fb3-9fb6-fe01d2199713"
            ],
            "autoHeight": true,
            "components": []
        },
        "2e619910-8650-4d75-98c8-f367f77ab121": {
            "theme": "default",
            "title": "<p>Place Tetronomino<\/p>",
            "content": "",
            "outputs": [
                "b7c31ade-fde2-4681-8c6d-42483ee806a3",
                "8e6140a4-4d20-42d7-bb02-302dbd5cf6f3",
                "587056eb-f7f6-428f-b20f-d648a12c7d29"
            ],
            "autoHeight": true,
            "components": []
        },
        "c5b0fbcb-947c-4b74-bd1c-718f6544163f": {
            "theme": "default",
            "title": "<p>Level 7<\/p>",
            "content": "<pre><code>current_level = 7<\/code><\/pre>",
            "outputs": [
                "68148404-e07d-4dc7-9f29-7756198c3b4b"
            ],
            "autoHeight": true,
            "components": []
        },
        "cd5c5c07-a6a0-4ca1-a2a0-bf700c78e7f9": {
            "theme": "default",
            "title": "<p>Level 9<\/p>",
            "content": "<pre><code>current_level = 9<\/code><\/pre>",
            "outputs": [
                "22830491-880e-4a12-8d8c-d26e3cd4f898"
            ],
            "autoHeight": true,
            "components": []
        },
        "35a1118b-86b4-4685-9572-c0554af3ca05": {
            "theme": "default",
            "title": "<p>Increase Fill Level<\/p>",
            "content": "",
            "outputs": [
                "a3852d2b-c4e9-448d-8696-5064b3354195"
            ],
            "autoHeight": true,
            "components": []
        },
        "dc924a1e-b8b1-4532-b4b8-8c79849f0329": {
            "theme": "default",
            "title": "<p>Top Out<\/p>",
            "content": "<p><\/p>",
            "outputs": [
                "7f0eff84-8a6f-49aa-8874-860cbe9c0103"
            ],
            "autoHeight": true,
            "components": []
        },
        "37159772-3f9f-4b93-986c-5186c185c65c": {
            "theme": "default",
            "title": "<p>Topped Out<\/p>",
            "content": "<pre><code>topped_out = true<\/code><\/pre>",
            "outputs": [],
            "autoHeight": true,
            "components": []
        },
        "434d03ab-9d3d-441f-8767-fa63d810891d": {
            "theme": "default",
            "title": "<p>Board Fill Level 80-89%<\/p>",
            "content": "<pre><code>fill_state = 85<\/code><\/pre>",
            "outputs": [
                "a0b1bb82-796c-4c81-87bb-7e181cf6dad4"
            ],
            "autoHeight": true,
            "components": []
        },
        "46c29dc7-9b27-48e1-adf2-825b24a3af7a": {
            "theme": "default",
            "title": "<p>No Fill Level Decrease<\/p>",
            "content": "",
            "outputs": [
                "a68f7201-9768-4997-a380-cdfa583526ac"
            ],
            "autoHeight": true,
            "components": []
        },
        "483f5dae-8374-4ab2-91cc-fe5862a19f57": {
            "theme": "default",
            "title": "<p>Level 6<\/p>",
            "content": "<pre><code>current_level = 6<\/code><\/pre>",
            "outputs": [
                "09c80b9a-8739-4fc1-be7d-a42f0eb868b8"
            ],
            "autoHeight": true,
            "components": []
        },
        "4adbf741-ab50-4ff5-bb7f-e10721917ca9": {
            "theme": "default",
            "title": "<p>Level 8<\/p>",
            "content": "<pre><code>current_level = 8<\/code><\/pre>",
            "outputs": [
                "bd804ad3-829c-4b36-a402-4551ca8ee559"
            ],
            "autoHeight": true,
            "components": []
        },
        "5869611b-6a20-4a26-a6cd-935909d39438": {
            "theme": "default",
            "title": "<p>Board Fill Level 70-79%<\/p>",
            "content": "<pre><code>fill_state = 75<\/code><\/pre>",
            "outputs": [
                "f694cebe-bef2-4235-b217-e11f91c7f18d"
            ],
            "autoHeight": true,
            "components": []
        },
        "19342aaa-56ab-4846-a072-325a4d37339b": {
            "autoHeight": false,
            "title": "<p>Determine Next Piece<\/p>",
            "theme": "default",
            "components": [],
            "content": "<pre><code>next_piece = roll(1,7)<\/code><\/pre>",
            "outputs": [
                "0a1729ac-7cc9-428c-b5c1-80973bae6c73"
            ]
        },
        "f09a37db-7ae5-4f62-a0f0-8386b7894951": {
            "theme": "default",
            "title": "<p>Level 3<\/p>",
            "content": "<pre><code>current_level = 3<\/code><\/pre>",
            "outputs": [
                "8e1a783c-bc5b-43d1-a406-c8b69d35cc47"
            ],
            "autoHeight": true,
            "components": []
        },
        "63b38d52-e202-46de-9788-aecfe783cefd": {
            "theme": "default",
            "title": "<p>Level 5<\/p>",
            "content": "<pre><code>current_level = 5<\/code><\/pre>",
            "outputs": [
                "9632f47f-e639-418a-aa6a-1579eb37622b"
            ],
            "autoHeight": true,
            "components": []
        },
        "6603ab80-f72b-4fb8-9fd5-d2bc8bef0429": {
            "theme": "default",
            "title": "<p>Level 1<\/p>",
            "content": "<pre><code>current_level = 1<\/code><\/pre>",
            "outputs": [
                "1a9d8ace-5ed2-4146-8802-101a231a68d1"
            ],
            "autoHeight": true,
            "components": []
        },
        "6d440d4b-6881-4fe3-8adf-a114bb2fc26e": {
            "theme": "default",
            "title": "<p>Board Fill Level 90-100%<\/p>",
            "content": "<pre><code>fill_state = 95<\/code><\/pre>",
            "outputs": [
                "312da5cf-7a60-462a-8bc3-64adf3dbb93c"
            ],
            "autoHeight": true,
            "components": []
        },
        "7196b2c6-5ae4-4e31-afe0-d38a237ad288": {
            "theme": "default",
            "title": "<p>Not Topped Out<\/p>",
            "content": "<pre><code>topped_out = false<\/code><\/pre>",
            "outputs": [
                "bbd2e9b7-4d9c-4863-ad70-1fabf854b31d"
            ],
            "autoHeight": true,
            "components": []
        },
        "85c1252a-b4ef-4bb0-ba65-862ad2944c70": {
            "theme": "default",
            "title": "<p>Update Current Piece<\/p>",
            "content": "<pre><code>current_piece = next_piece<\/code><\/pre>",
            "outputs": [
                "9358fced-4c95-47bb-90f6-2abd6fdc85d0"
            ],
            "autoHeight": true,
            "components": []
        },
        "877abbc4-9f4b-4aad-9ed5-6fb49b5d556c": {
            "theme": "default",
            "title": "<p>Level 2<\/p>",
            "content": "<pre><code>current_level = 2<\/code><\/pre>",
            "outputs": [
                "83bc2c26-bd8f-4c4b-9467-0346fb4b99f6"
            ],
            "autoHeight": true,
            "components": []
        },
        "891917e5-198f-435a-914a-f8f229b8ee12": {
            "theme": "default",
            "title": "<p>Board Fill Level 50-59%<\/p>",
            "content": "<pre><code>fill_state = 55<\/code><\/pre>",
            "outputs": [
                "f168fca7-2fe3-4e75-9857-ba21264d7d99"
            ],
            "autoHeight": true,
            "components": []
        },
        "895ed327-2ef0-4d7e-9b3c-ec6b39e16187": {
            "theme": "default",
            "title": "<p>Board Fill Level 60-69%<\/p>",
            "content": "<pre><code>fill_state = 65<\/code><\/pre>",
            "outputs": [
                "1b56a461-4025-4cac-a9f9-06003ff9d10f"
            ],
            "autoHeight": false,
            "components": []
        },
        "89a7312e-13ac-41e5-8941-1353361f0534": {
            "theme": "default",
            "title": "<p>One Fill Level Decrease<\/p>",
            "content": "",
            "outputs": [
                "498b84f4-485d-4b62-91dd-6c4be7c7e714"
            ],
            "autoHeight": true,
            "components": []
        },
        "967dab8e-9a92-40d3-b316-37db483959c7": {
            "theme": "default",
            "title": "<p>Board Fill Level 20-29%<\/p>",
            "content": "<pre><code>fill_state = 25<\/code><\/pre>",
            "outputs": [
                "2fd684d9-cc00-44cf-a474-67ee0dbbc008"
            ],
            "autoHeight": true,
            "components": []
        },
        "9c68582c-2962-4a5e-b4f9-b0814d2eca59": {
            "theme": "default",
            "title": "<p>Finish Row<\/p>",
            "content": "",
            "outputs": [
                "ccf25c4c-dafd-4a83-8c5d-8ecb7b44e9b2",
                "874127b9-313e-46e3-804d-a3be7fb5ed33",
                "0b34022d-efa0-489a-8f53-971df6a0a589"
            ],
            "autoHeight": true,
            "components": []
        },
        "c0c6c619-8fd3-44b9-812d-b61402e73e4d": {
            "theme": "default",
            "title": "<p>Board Fill Level 30-39%<\/p>",
            "content": "<pre><code>fill_state = 35<\/code><\/pre>",
            "outputs": [
                "00945caf-ba36-47c7-86cb-cf38bc1d5c82"
            ],
            "autoHeight": true,
            "components": []
        },
        "084e35f7-ebca-4591-9bad-a9941d15ccb1": {
            "autoHeight": true,
            "title": "<p>Determine Initial Current Piece<\/p>",
            "theme": "default",
            "components": [],
            "content": "<pre><code>current_piece = roll(1,7)<\/code><\/pre>",
            "outputs": [
                "3180e839-721b-4cd4-a738-418f6be3d9f6"
            ]
        },
        "121f4960-b114-47de-8c10-81317f6d284b": {
            "components": [],
            "title": "<p>Level 4<\/p>",
            "autoHeight": true,
            "content": "<pre><code>current_level = 4<\/code><\/pre>",
            "theme": "default",
            "outputs": [
                "dacfa73f-98d8-42e6-afa4-417f5b84277c"
            ]
        },
        "db79bc33-1f1f-425e-9f9a-015c42951866": {
            "autoHeight": true,
            "title": "<p>Decrease Board Fill State By Two<\/p>",
            "theme": "default",
            "components": [],
            "content": "",
            "outputs": [
                "aa26ff07-1588-41b3-ae7a-050e11d4cf42"
            ]
        },
        "43c9e36f-9871-4a24-a551-973f2cf73d11": {
            "autoHeight": true,
            "title": "<p>Decrease Board Fill State By One<\/p>",
            "theme": "default",
            "components": [],
            "content": "<p><\/p>",
            "outputs": [
                "09e5fae0-ef07-43ad-8cf8-cd9676596bba"
            ]
        },
        "d7d9d5dc-562d-4f73-9597-418fece10980": {
            "autoHeight": true,
            "title": "<p>Increase Board Fill State By One<\/p>",
            "theme": "default",
            "components": [],
            "content": "<p><\/p>",
            "outputs": [
                "22c9c391-54b8-45d7-b3c7-9b40cd9b194e"
            ]
        },
        "390939d4-2c8f-4889-b310-9235a6784ffa": {
            "autoHeight": true,
            "title": "<p>Update Level, Decrease Level 2<\/p>",
            "theme": "default",
            "components": [],
            "content": "<pre><code>level_decrease = 2<\/code><\/pre>",
            "outputs": [
                "1fdb0cfb-752d-4276-87b4-1bbc55740382"
            ]
        }
    },
    "jumpers": {
        "c69f5f04-00ea-4da7-ac1d-14527a0a2432": {
            "elementId": "2e619910-8650-4d75-98c8-f367f77ab121",
            "height": 86,
            "width": 185
        },
        "e3b47d50-67c8-4e10-a3e1-dd520496f2b2": {
            "elementId": "19342aaa-56ab-4846-a072-325a4d37339b",
            "align": {
                "y": "bottom",
                "x": "center"
            },
            "height": 86,
            "width": 185
        },
        "5fd01d47-ce5a-48c6-a06a-8145f9add4b9": {
            "elementId": "37159772-3f9f-4b93-986c-5186c185c65c",
            "height": 86,
            "width": 185
        },
        "cbd40a89-be43-4b1d-8eb3-fda52114c4d8": {
            "elementId": "85c1252a-b4ef-4bb0-ba65-862ad2944c70",
            "height": 86,
            "width": 185
        },
        "015f537e-1e19-4a08-a66b-243fdd77fc78": {
            "elementId": "85c1252a-b4ef-4bb0-ba65-862ad2944c70",
            "height": 86,
            "width": 185
        },
        "a7c07be6-0266-4742-81bb-f8acb664a862": {
            "elementId": "d7d9d5dc-562d-4f73-9597-418fece10980",
            "height": 86,
            "width": 185
        },
        "e8c069a1-6a23-42c0-b063-5dc19a206d21": {
            "elementId": "db79bc33-1f1f-425e-9f9a-015c42951866",
            "height": 86,
            "width": 185
        },
        "7ca96b67-6d1c-40dc-849f-d737d0f83585": {
            "elementId": "43c9e36f-9871-4a24-a551-973f2cf73d11",
            "height": 86,
            "width": 185
        },
        "26d4ed7c-c5c4-453d-9ac1-e058d61d1966": {
            "elementId": "85c1252a-b4ef-4bb0-ba65-862ad2944c70",
            "height": 86,
            "width": 185
        },
        "1373511c-db9a-4c94-b5f6-c7f9a18417c4": {
            "elementId": "1f30989b-7b16-4ddb-ae0f-a0185e32b826",
            "height": 86,
            "width": 185
        },
        "42137e5d-c483-4c97-9294-91e28a8089a9": {
            "elementId": "967dab8e-9a92-40d3-b316-37db483959c7",
            "height": 86,
            "width": 185
        },
        "ffbd5eef-3b45-47d8-9218-7c7821d0733c": {
            "elementId": "c0c6c619-8fd3-44b9-812d-b61402e73e4d",
            "height": 86,
            "width": 185
        },
        "4a3bd92c-21cf-4b92-8b70-9a0a81eea192": {
            "elementId": "14d8a49c-704b-49f6-83d0-c4bee74c5e67",
            "height": 86,
            "width": 185
        },
        "539bfc6f-331e-407a-8d5c-f94d7574aa95": {
            "elementId": "891917e5-198f-435a-914a-f8f229b8ee12",
            "height": 86,
            "width": 185
        },
        "7e07b515-64de-4a0e-8e18-21ebf1671d66": {
            "elementId": "895ed327-2ef0-4d7e-9b3c-ec6b39e16187",
            "height": 86,
            "width": 185
        },
        "781b52f7-4f02-4731-8d09-5a1b6a3dba4b": {
            "elementId": "5869611b-6a20-4a26-a6cd-935909d39438",
            "height": 86,
            "width": 185
        },
        "8800f644-2b40-491b-9af2-3acf5268d6cd": {
            "elementId": "434d03ab-9d3d-441f-8767-fa63d810891d",
            "height": 86,
            "width": 185
        },
        "0924bce3-0c60-417e-b943-f54907a2d002": {
            "elementId": "6d440d4b-6881-4fe3-8adf-a114bb2fc26e",
            "height": 86,
            "width": 185
        },
        "ddd4373c-1e3b-45b3-884f-bbca95a0aa03": {
            "elementId": "1f30989b-7b16-4ddb-ae0f-a0185e32b826",
            "height": 86,
            "width": 185
        },
        "7097f1e9-62e7-45f6-af42-5330bb58ac62": {
            "elementId": "967dab8e-9a92-40d3-b316-37db483959c7",
            "height": 86,
            "width": 185
        },
        "ba2f909c-963e-4359-b042-05e1b0f5d844": {
            "elementId": "c0c6c619-8fd3-44b9-812d-b61402e73e4d",
            "height": 86,
            "width": 185
        },
        "fa8ef61e-a38f-4148-9027-d46a2d8c03c0": {
            "elementId": "14d8a49c-704b-49f6-83d0-c4bee74c5e67",
            "height": 86,
            "width": 185
        },
        "20621164-ae0b-4997-9117-80535af47a26": {
            "elementId": "891917e5-198f-435a-914a-f8f229b8ee12",
            "height": 86,
            "width": 185
        },
        "9ca55dbe-d596-47ae-99ff-deb1cba67131": {
            "elementId": "895ed327-2ef0-4d7e-9b3c-ec6b39e16187",
            "height": 86,
            "width": 185
        },
        "9b319c0f-aa49-4ad7-8c68-9e8327ba2a21": {
            "elementId": "5869611b-6a20-4a26-a6cd-935909d39438",
            "height": 86,
            "width": 185
        },
        "36d69fb8-8802-4a9b-a28c-3fbc41ee2bc0": {
            "elementId": "434d03ab-9d3d-441f-8767-fa63d810891d",
            "height": 86,
            "width": 185
        },
        "36b69841-5e11-45b8-9062-3aa30151cfe9": {
            "elementId": "cb39c7cd-0977-40d7-8f88-c0acbf54bc0c",
            "height": 86,
            "width": 185
        },
        "ada619ad-9869-4f7d-b464-f6783e2ce92e": {
            "elementId": "1f30989b-7b16-4ddb-ae0f-a0185e32b826",
            "height": 86,
            "width": 185
        },
        "30af20f0-6849-4657-b9c7-2ed43eabe39a": {
            "elementId": "967dab8e-9a92-40d3-b316-37db483959c7",
            "height": 86,
            "width": 185
        },
        "e7babcae-9ea9-4c1a-89ba-4e54dd276b2f": {
            "elementId": "c0c6c619-8fd3-44b9-812d-b61402e73e4d",
            "height": 86,
            "width": 185
        },
        "6d6be61f-3ccf-4b6c-996d-d5ae80df7f3b": {
            "elementId": "14d8a49c-704b-49f6-83d0-c4bee74c5e67",
            "height": 86,
            "width": 185
        },
        "56ce6b16-ae68-4e69-9dcf-15df426f5307": {
            "elementId": "891917e5-198f-435a-914a-f8f229b8ee12",
            "height": 86,
            "width": 185
        },
        "f54525ef-b9a3-43f3-82e6-7e2190342883": {
            "elementId": "895ed327-2ef0-4d7e-9b3c-ec6b39e16187",
            "height": 86,
            "width": 185
        },
        "20ccf174-a835-4451-9549-03897fe41214": {
            "elementId": "5869611b-6a20-4a26-a6cd-935909d39438",
            "height": 86,
            "width": 185
        },
        "f71fd9c3-7234-4b6a-ae6e-e1a958ac05f3": {
            "elementId": "cb39c7cd-0977-40d7-8f88-c0acbf54bc0c",
            "height": 86,
            "width": 185
        },
        "3579eece-05de-4dc3-9029-45ba91032210": {
            "elementId": "022b4e6f-f4ab-431b-ae8e-82ff37e707c6",
            "height": 86,
            "width": 185
        },
        "737a50cb-4fbc-4b14-a81e-64a9d37d8936": {
            "elementId": "390939d4-2c8f-4889-b310-9235a6784ffa",
            "height": 86,
            "width": 185
        }
    },
    "connections": {
        "bbd2e9b7-4d9c-4863-ad70-1fabf854b31d": {
            "type": "Bezier",
            "label": null,
            "theme": "default",
            "sourceid": "7196b2c6-5ae4-4e31-afe0-d38a237ad288",
            "targetid": "37159772-3f9f-4b93-986c-5186c185c65c",
            "sourceType": "elements",
            "targetFace": "left",
            "targetType": "elements"
        },
        "587056eb-f7f6-428f-b20f-d648a12c7d29": {
            "type": "Bezier",
            "label": "<p>Player finishes a row<\/p>",
            "theme": "default",
            "sourceid": "2e619910-8650-4d75-98c8-f367f77ab121",
            "targetid": "9c68582c-2962-4a5e-b4f9-b0814d2eca59",
            "sourceType": "elements",
            "targetType": "elements"
        },
        "a65c53b0-d9be-4bfa-b02e-e49b061982fd": {
            "targetType": "elements",
            "type": "Bezier",
            "targetid": "de215539-8297-4aea-8f07-c6ab6297d061",
            "label": null,
            "sourceid": "ae3cebfd-4fd0-4165-9862-5722b0b7f680",
            "theme": "default",
            "sourceType": "conditions"
        },
        "9358fced-4c95-47bb-90f6-2abd6fdc85d0": {
            "targetType": "jumpers",
            "type": "Bezier",
            "targetid": "e3b47d50-67c8-4e10-a3e1-dd520496f2b2",
            "label": null,
            "sourceid": "85c1252a-b4ef-4bb0-ba65-862ad2944c70",
            "theme": "default",
            "sourceType": "elements"
        },
        "6cf05b47-d0af-4933-a9fd-013509c0a808": {
            "targetType": "elements",
            "type": "Bezier",
            "targetid": "de215539-8297-4aea-8f07-c6ab6297d061",
            "label": null,
            "sourceid": "2565ac3e-2f99-47eb-afe2-41f09fa525f5",
            "theme": "default",
            "sourceType": "conditions"
        },
        "fc6bf2dd-2433-40e2-8fda-06c49a52750a": {
            "type": "Bezier",
            "label": "<p>Fill level increases<\/p>",
            "theme": "default",
            "sourceid": "2700d498-4eb0-45fd-bccd-6027346faf7c",
            "targetid": "35a1118b-86b4-4685-9572-c0554af3ca05",
            "sourceType": "elements",
            "targetType": "elements"
        },
        "0b34022d-efa0-489a-8f53-971df6a0a589": {
            "type": "Bezier",
            "label": "<p>Two Fill Level Decreases<\/p>",
            "theme": "default",
            "sourceid": "9c68582c-2962-4a5e-b4f9-b0814d2eca59",
            "targetid": "22f1c047-b316-429a-9332-b6495db33eeb",
            "sourceType": "elements",
            "targetType": "elements"
        },
        "110ac938-2160-4956-96f5-6a39b9b7f50e": {
            "targetType": "jumpers",
            "type": "Bezier",
            "targetid": "cbd40a89-be43-4b1d-8eb3-fda52114c4d8",
            "label": null,
            "sourceid": "f616f9db-fa61-4c57-92b6-b26038a26780",
            "theme": "default",
            "sourceType": "elements"
        },
        "996719c6-603c-4469-9232-22d014691d9c": {
            "targetType": "branches",
            "type": "Bezier",
            "targetid": "1a45b266-e21e-4408-b016-434f8e965bc3",
            "label": null,
            "sourceid": "022b4e6f-f4ab-431b-ae8e-82ff37e707c6",
            "theme": "default",
            "sourceType": "elements"
        },
        "b7c31ade-fde2-4681-8c6d-42483ee806a3": {
            "type": "Bezier",
            "label": "<p>Player tops out<\/p>",
            "theme": "default",
            "sourceid": "2e619910-8650-4d75-98c8-f367f77ab121",
            "targetid": "dc924a1e-b8b1-4532-b4b8-8c79849f0329",
            "sourceType": "elements",
            "targetType": "elements"
        },
        "8e6140a4-4d20-42d7-bb02-302dbd5cf6f3": {
            "type": "Bezier",
            "label": "<p>Player finishes no row<\/p>",
            "theme": "default",
            "sourceid": "2e619910-8650-4d75-98c8-f367f77ab121",
            "targetid": "2700d498-4eb0-45fd-bccd-6027346faf7c",
            "sourceType": "elements",
            "targetType": "elements"
        },
        "f9a77010-dd3b-45b1-92bf-3034457da958": {
            "targetType": "elements",
            "type": "Bezier",
            "targetid": "6603ab80-f72b-4fb8-9fd5-d2bc8bef0429",
            "label": null,
            "sourceid": "f49dca85-b070-4bfc-a14f-f083e3ba4f95",
            "theme": "default",
            "sourceType": "conditions"
        },
        "874127b9-313e-46e3-804d-a3be7fb5ed33": {
            "type": "Bezier",
            "label": "<p>One Fill Level Decrease<\/p>",
            "theme": "default",
            "sourceid": "9c68582c-2962-4a5e-b4f9-b0814d2eca59",
            "targetid": "89a7312e-13ac-41e5-8941-1353361f0534",
            "sourceType": "elements",
            "targetType": "elements"
        },
        "0a1729ac-7cc9-428c-b5c1-80973bae6c73": {
            "sourceType": "elements",
            "label": null,
            "sourceid": "19342aaa-56ab-4846-a072-325a4d37339b",
            "targetid": "ce4ab196-a234-4871-8c11-c18bf51ad603",
            "targetFace": "left",
            "targetType": "branches",
            "theme": "default",
            "type": "Bezier"
        },
        "ccf25c4c-dafd-4a83-8c5d-8ecb7b44e9b2": {
            "type": "Bezier",
            "label": "<p>No Fill Level Decrease<\/p>",
            "theme": "default",
            "sourceid": "9c68582c-2962-4a5e-b4f9-b0814d2eca59",
            "targetid": "46c29dc7-9b27-48e1-adf2-825b24a3af7a",
            "sourceType": "elements",
            "targetType": "elements"
        },
        "917ed158-5dfe-4a80-8e11-fce1ebee3555": {
            "targetType": "elements",
            "type": "Bezier",
            "targetid": "63b38d52-e202-46de-9788-aecfe783cefd",
            "label": null,
            "sourceid": "69e82a00-f468-4980-bc7e-fb9362fbeac8",
            "theme": "default",
            "sourceType": "conditions"
        },
        "a3852d2b-c4e9-448d-8696-5064b3354195": {
            "targetType": "jumpers",
            "type": "Bezier",
            "targetid": "a7c07be6-0266-4742-81bb-f8acb664a862",
            "label": null,
            "sourceid": "35a1118b-86b4-4685-9572-c0554af3ca05",
            "theme": "default",
            "sourceType": "elements"
        },
        "5fed2d00-6f73-4ac0-b91d-cfd0ab0d607a": {
            "targetType": "elements",
            "type": "Bezier",
            "targetid": "cd5c5c07-a6a0-4ca1-a2a0-bf700c78e7f9",
            "label": null,
            "sourceid": "632ce95e-4498-48b5-a7cb-e9eeffe5fdc4",
            "theme": "default",
            "sourceType": "conditions"
        },
        "fee72d76-26dc-4f01-942c-350fd27a278a": {
            "sourceType": "conditions",
            "label": null,
            "sourceid": "b94da9eb-836f-4644-8a8c-895d1e4ab08b",
            "targetid": "f09a37db-7ae5-4f62-a0f0-8386b7894951",
            "targetFace": "left",
            "targetType": "elements",
            "theme": "default",
            "type": "Bezier"
        },
        "4de52737-4f18-4b88-86f0-2954268537c0": {
            "targetType": "elements",
            "type": "Bezier",
            "targetid": "4adbf741-ab50-4ff5-bb7f-e10721917ca9",
            "label": null,
            "sourceid": "0f9c9489-83c8-43aa-8789-bc9c80d153a7",
            "theme": "default",
            "sourceType": "conditions"
        },
        "bbba3efe-ea37-43a8-9fd3-3a5ab9a0c6ad": {
            "targetType": "elements",
            "type": "Bezier",
            "targetid": "c5b0fbcb-947c-4b74-bd1c-718f6544163f",
            "label": null,
            "sourceid": "c6d520da-9317-4994-b070-7805a44268f6",
            "theme": "default",
            "sourceType": "conditions"
        },
        "a78f2b0f-fc96-44eb-ba48-47a87a701b57": {
            "targetType": "elements",
            "type": "Bezier",
            "targetid": "121f4960-b114-47de-8c10-81317f6d284b",
            "label": null,
            "sourceid": "f03d76f1-ea1c-4d2f-9659-9b8e796bdefb",
            "theme": "default",
            "sourceType": "conditions"
        },
        "f3cced17-4be6-4c17-afef-ec55aa1d1569": {
            "sourceType": "conditions",
            "label": null,
            "sourceid": "9e27e01d-ecde-4e71-8ba0-0094d523049e",
            "targetid": "19342aaa-56ab-4846-a072-325a4d37339b",
            "targetFace": "right",
            "targetType": "elements",
            "theme": "default",
            "type": "Bezier"
        },
        "b7916c84-10f0-4fb3-9fb6-fe01d2199713": {
            "type": "Bezier",
            "label": "<p>Fill level does not increase<\/p>",
            "theme": "default",
            "sourceid": "2700d498-4eb0-45fd-bccd-6027346faf7c",
            "targetid": "f616f9db-fa61-4c57-92b6-b26038a26780",
            "sourceType": "elements",
            "targetFace": "left",
            "targetType": "elements"
        },
        "4cd4398b-0c06-4fb2-9d7e-e0b1bccb0f35": {
            "targetType": "jumpers",
            "type": "Bezier",
            "targetid": "c69f5f04-00ea-4da7-ac1d-14527a0a2432",
            "label": null,
            "sourceid": "a5a8e5b6-f2da-47dc-8476-925c33327400",
            "theme": "default",
            "sourceType": "conditions"
        },
        "3180e839-721b-4cd4-a738-418f6be3d9f6": {
            "sourceType": "elements",
            "label": null,
            "sourceid": "084e35f7-ebca-4591-9bad-a9941d15ccb1",
            "targetid": "e3b47d50-67c8-4e10-a3e1-dd520496f2b2",
            "targetFace": "left",
            "targetType": "jumpers",
            "theme": "default",
            "type": "Bezier"
        },
        "2765622f-db4a-4a4d-bb02-e8953fcfa499": {
            "targetType": "elements",
            "type": "Bezier",
            "targetid": "483f5dae-8374-4ab2-91cc-fe5862a19f57",
            "label": null,
            "sourceid": "0b53825e-d49e-40c8-b081-5c6586e3cecb",
            "theme": "default",
            "sourceType": "conditions"
        },
        "8b7dc2f5-d51c-462f-aa2f-def8bef6e0ea": {
            "sourceType": "conditions",
            "label": null,
            "sourceid": "966605d8-c179-496f-96d1-884cdc506bb7",
            "targetid": "877abbc4-9f4b-4aad-9ed5-6fb49b5d556c",
            "targetFace": "left",
            "targetType": "elements",
            "theme": "default",
            "type": "Bezier"
        },
        "a68f7201-9768-4997-a380-cdfa583526ac": {
            "targetType": "jumpers",
            "type": "Bezier",
            "targetid": "015f537e-1e19-4a08-a66b-243fdd77fc78",
            "label": null,
            "sourceid": "46c29dc7-9b27-48e1-adf2-825b24a3af7a",
            "theme": "default",
            "sourceType": "elements"
        },
        "7f0eff84-8a6f-49aa-8874-860cbe9c0103": {
            "targetType": "jumpers",
            "type": "Bezier",
            "targetid": "5fd01d47-ce5a-48c6-a06a-8145f9add4b9",
            "label": null,
            "sourceid": "dc924a1e-b8b1-4532-b4b8-8c79849f0329",
            "theme": "default",
            "sourceType": "elements"
        },
        "22c9c391-54b8-45d7-b3c7-9b40cd9b194e": {
            "targetType": "branches",
            "type": "Bezier",
            "targetid": "9bb28020-b591-4012-b0ab-0fb5553e14b3",
            "label": null,
            "sourceid": "d7d9d5dc-562d-4f73-9597-418fece10980",
            "theme": "default",
            "sourceType": "elements"
        },
        "312da5cf-7a60-462a-8bc3-64adf3dbb93c": {
            "targetType": "jumpers",
            "type": "Bezier",
            "targetid": "26d4ed7c-c5c4-453d-9ac1-e058d61d1966",
            "label": null,
            "sourceid": "6d440d4b-6881-4fe3-8adf-a114bb2fc26e",
            "theme": "default",
            "sourceType": "elements"
        },
        "a0b1bb82-796c-4c81-87bb-7e181cf6dad4": {
            "targetType": "jumpers",
            "type": "Bezier",
            "targetid": "26d4ed7c-c5c4-453d-9ac1-e058d61d1966",
            "label": null,
            "sourceid": "434d03ab-9d3d-441f-8767-fa63d810891d",
            "theme": "default",
            "sourceType": "elements"
        },
        "f694cebe-bef2-4235-b217-e11f91c7f18d": {
            "targetType": "jumpers",
            "type": "Bezier",
            "targetid": "26d4ed7c-c5c4-453d-9ac1-e058d61d1966",
            "label": null,
            "sourceid": "5869611b-6a20-4a26-a6cd-935909d39438",
            "theme": "default",
            "sourceType": "elements"
        },
        "1b56a461-4025-4cac-a9f9-06003ff9d10f": {
            "targetType": "jumpers",
            "type": "Bezier",
            "targetid": "26d4ed7c-c5c4-453d-9ac1-e058d61d1966",
            "label": null,
            "sourceid": "895ed327-2ef0-4d7e-9b3c-ec6b39e16187",
            "theme": "default",
            "sourceType": "elements"
        },
        "f168fca7-2fe3-4e75-9857-ba21264d7d99": {
            "targetType": "jumpers",
            "type": "Bezier",
            "targetid": "26d4ed7c-c5c4-453d-9ac1-e058d61d1966",
            "label": null,
            "sourceid": "891917e5-198f-435a-914a-f8f229b8ee12",
            "theme": "default",
            "sourceType": "elements"
        },
        "83968a2c-fa4f-45b2-81ee-cfa567afa5c3": {
            "targetType": "jumpers",
            "type": "Bezier",
            "targetid": "26d4ed7c-c5c4-453d-9ac1-e058d61d1966",
            "label": null,
            "sourceid": "14d8a49c-704b-49f6-83d0-c4bee74c5e67",
            "theme": "default",
            "sourceType": "elements"
        },
        "00945caf-ba36-47c7-86cb-cf38bc1d5c82": {
            "targetType": "jumpers",
            "type": "Bezier",
            "targetid": "26d4ed7c-c5c4-453d-9ac1-e058d61d1966",
            "label": null,
            "sourceid": "c0c6c619-8fd3-44b9-812d-b61402e73e4d",
            "theme": "default",
            "sourceType": "elements"
        },
        "2fd684d9-cc00-44cf-a474-67ee0dbbc008": {
            "targetType": "jumpers",
            "type": "Bezier",
            "targetid": "26d4ed7c-c5c4-453d-9ac1-e058d61d1966",
            "label": null,
            "sourceid": "967dab8e-9a92-40d3-b316-37db483959c7",
            "theme": "default",
            "sourceType": "elements"
        },
        "7be2142c-5735-4d37-ad38-c614360bb747": {
            "targetType": "jumpers",
            "type": "Bezier",
            "targetid": "26d4ed7c-c5c4-453d-9ac1-e058d61d1966",
            "label": null,
            "sourceid": "1f30989b-7b16-4ddb-ae0f-a0185e32b826",
            "theme": "default",
            "sourceType": "elements"
        },
        "48588eea-6a7e-4f67-bae4-d0b7842b4816": {
            "targetType": "jumpers",
            "type": "Bezier",
            "targetid": "26d4ed7c-c5c4-453d-9ac1-e058d61d1966",
            "label": null,
            "sourceid": "cb39c7cd-0977-40d7-8f88-c0acbf54bc0c",
            "theme": "default",
            "sourceType": "elements"
        },
        "0185564a-3aac-437b-b2f7-e9ed79df401b": {
            "targetType": "jumpers",
            "type": "Bezier",
            "targetid": "1373511c-db9a-4c94-b5f6-c7f9a18417c4",
            "label": null,
            "sourceid": "2d7ba434-1efd-4b34-809e-7480164b8e8a",
            "theme": "default",
            "sourceType": "conditions"
        },
        "3c467574-c417-4845-88f1-03510818edc9": {
            "targetType": "jumpers",
            "type": "Bezier",
            "targetid": "42137e5d-c483-4c97-9294-91e28a8089a9",
            "label": null,
            "sourceid": "1ff7a4ee-f3c5-45d1-96d1-8278943f4970",
            "theme": "default",
            "sourceType": "conditions"
        },
        "6e5f5174-1b9e-4b90-9ce2-6b572213592d": {
            "targetType": "jumpers",
            "type": "Bezier",
            "targetid": "ffbd5eef-3b45-47d8-9218-7c7821d0733c",
            "label": null,
            "sourceid": "5ca8a725-3457-4095-9fb5-8ce95af76193",
            "theme": "default",
            "sourceType": "conditions"
        },
        "69ca02eb-51f2-482d-bdef-b2bd516c4a2a": {
            "targetType": "jumpers",
            "type": "Bezier",
            "targetid": "4a3bd92c-21cf-4b92-8b70-9a0a81eea192",
            "label": null,
            "sourceid": "696d98dd-7e0c-463a-b498-ade7d9eabd17",
            "theme": "default",
            "sourceType": "conditions"
        },
        "4393ce84-4fa3-4750-a93e-7d4d9373b258": {
            "targetType": "jumpers",
            "type": "Bezier",
            "targetid": "539bfc6f-331e-407a-8d5c-f94d7574aa95",
            "label": null,
            "sourceid": "97a8d462-5733-4cf6-af45-a76b5eec0675",
            "theme": "default",
            "sourceType": "conditions"
        },
        "7eab261e-f34f-4531-88a1-15e789d46734": {
            "targetType": "jumpers",
            "type": "Bezier",
            "targetid": "7e07b515-64de-4a0e-8e18-21ebf1671d66",
            "label": null,
            "sourceid": "05086a5b-61ed-4d8b-955e-c35e7870f56b",
            "theme": "default",
            "sourceType": "conditions"
        },
        "843af761-8a74-4ed8-9788-bac5e9ee6582": {
            "targetType": "jumpers",
            "type": "Bezier",
            "targetid": "781b52f7-4f02-4731-8d09-5a1b6a3dba4b",
            "label": null,
            "sourceid": "c737eb92-fa11-4574-a655-037baa84ba1e",
            "theme": "default",
            "sourceType": "conditions"
        },
        "b2188ba2-51a4-4a0d-87a6-8201d63c39ab": {
            "targetType": "jumpers",
            "type": "Bezier",
            "targetid": "8800f644-2b40-491b-9af2-3acf5268d6cd",
            "label": null,
            "sourceid": "087abfb1-a8e3-4e30-9f5e-19341172a049",
            "theme": "default",
            "sourceType": "conditions"
        },
        "b9debd6e-a899-4a4c-831a-c0f8d199f175": {
            "targetType": "jumpers",
            "type": "Bezier",
            "targetid": "0924bce3-0c60-417e-b943-f54907a2d002",
            "label": null,
            "sourceid": "982a0fae-9f27-4f95-a24c-0e7d17eb5109",
            "theme": "default",
            "sourceType": "conditions"
        },
        "8becbb3b-5d9d-448f-aa7c-88895a20ad13": {
            "targetType": "jumpers",
            "type": "Bezier",
            "targetid": "ddd4373c-1e3b-45b3-884f-bbca95a0aa03",
            "label": null,
            "sourceid": "9b0399e6-34ae-4ba4-9f63-8431e9288d97",
            "theme": "default",
            "sourceType": "conditions"
        },
        "b5be37a7-0f73-46c4-9726-60caf82cb18c": {
            "targetType": "jumpers",
            "type": "Bezier",
            "targetid": "7097f1e9-62e7-45f6-af42-5330bb58ac62",
            "label": null,
            "sourceid": "5f0b073b-1c52-4fda-b014-2e86c490df62",
            "theme": "default",
            "sourceType": "conditions"
        },
        "5a5db91b-0e39-4c93-9dc7-e8ca4223c023": {
            "targetType": "jumpers",
            "type": "Bezier",
            "targetid": "ba2f909c-963e-4359-b042-05e1b0f5d844",
            "label": null,
            "sourceid": "1d40d608-896d-4460-8308-d4db4bf41b38",
            "theme": "default",
            "sourceType": "conditions"
        },
        "ffa22c28-39ae-4b8e-b861-8f6bbe6f371e": {
            "targetType": "jumpers",
            "type": "Bezier",
            "targetid": "fa8ef61e-a38f-4148-9027-d46a2d8c03c0",
            "label": null,
            "sourceid": "97068ea9-d11a-4b53-8839-f6cd3f63b559",
            "theme": "default",
            "sourceType": "conditions"
        },
        "b1939d5d-0f2e-44e2-964e-42ed33998fbe": {
            "targetType": "jumpers",
            "type": "Bezier",
            "targetid": "20621164-ae0b-4997-9117-80535af47a26",
            "label": null,
            "sourceid": "29bdea40-c9e6-49f0-aa57-f2b258436035",
            "theme": "default",
            "sourceType": "conditions"
        },
        "befcdac7-a0ef-48bb-9c15-163d4925265a": {
            "targetType": "jumpers",
            "type": "Bezier",
            "targetid": "9ca55dbe-d596-47ae-99ff-deb1cba67131",
            "label": null,
            "sourceid": "56c38a6e-1a84-482b-ba81-29dca59ed76d",
            "theme": "default",
            "sourceType": "conditions"
        },
        "bdb915d2-132d-4c18-abe3-e1d1c86fef57": {
            "targetType": "jumpers",
            "type": "Bezier",
            "targetid": "9b319c0f-aa49-4ad7-8c68-9e8327ba2a21",
            "label": null,
            "sourceid": "b8be1842-f33a-454d-9194-1519a19e43ae",
            "theme": "default",
            "sourceType": "conditions"
        },
        "e95c8dff-e937-4a45-8411-b1e621409d09": {
            "targetType": "jumpers",
            "type": "Bezier",
            "targetid": "36d69fb8-8802-4a9b-a28c-3fbc41ee2bc0",
            "label": null,
            "sourceid": "c02f11af-edb0-41ff-884a-9ea156b177fb",
            "theme": "default",
            "sourceType": "conditions"
        },
        "09e5fae0-ef07-43ad-8cf8-cd9676596bba": {
            "targetType": "branches",
            "type": "Bezier",
            "targetid": "34a39347-eeaa-4ce9-940d-0437eb0c1c9f",
            "label": null,
            "sourceid": "43c9e36f-9871-4a24-a551-973f2cf73d11",
            "theme": "default",
            "sourceType": "elements"
        },
        "3cc33eb1-5e22-4a59-bec4-5413430c9071": {
            "targetType": "jumpers",
            "type": "Bezier",
            "targetid": "36b69841-5e11-45b8-9062-3aa30151cfe9",
            "label": null,
            "sourceid": "cdf5dc97-a9df-4b2c-9eb8-dd436da4d032",
            "theme": "default",
            "sourceType": "conditions"
        },
        "aa26ff07-1588-41b3-ae7a-050e11d4cf42": {
            "targetType": "branches",
            "type": "Bezier",
            "targetid": "c6fa4c77-56c1-4a85-9972-182d7cd105e5",
            "label": null,
            "sourceid": "db79bc33-1f1f-425e-9f9a-015c42951866",
            "theme": "default",
            "sourceType": "elements"
        },
        "d1eda007-e13b-45db-9ae7-604afff1fe3e": {
            "targetType": "jumpers",
            "type": "Bezier",
            "targetid": "f71fd9c3-7234-4b6a-ae6e-e1a958ac05f3",
            "label": null,
            "sourceid": "07eb3dc3-41cc-480c-8bae-1d332be3d061",
            "theme": "default",
            "sourceType": "conditions"
        },
        "006c1710-57b6-4e33-ba1a-2de05d73ae62": {
            "targetType": "jumpers",
            "type": "Bezier",
            "targetid": "ada619ad-9869-4f7d-b464-f6783e2ce92e",
            "label": null,
            "sourceid": "46aaaa49-178e-4b3e-b294-aad2e0039ae9",
            "theme": "default",
            "sourceType": "conditions"
        },
        "34e878ca-a8eb-4e8f-8dea-56270a88a6cd": {
            "targetType": "jumpers",
            "type": "Bezier",
            "targetid": "30af20f0-6849-4657-b9c7-2ed43eabe39a",
            "label": null,
            "sourceid": "0695c223-1499-4590-a826-72c61aff8847",
            "theme": "default",
            "sourceType": "conditions"
        },
        "30952adb-0bb6-4593-87db-a31eb09b4d40": {
            "targetType": "jumpers",
            "type": "Bezier",
            "targetid": "e7babcae-9ea9-4c1a-89ba-4e54dd276b2f",
            "label": null,
            "sourceid": "d45860cb-19c4-44cd-9978-3ebc176a4800",
            "theme": "default",
            "sourceType": "conditions"
        },
        "b419687d-4717-4a99-816e-3083b5214c51": {
            "targetType": "jumpers",
            "type": "Bezier",
            "targetid": "6d6be61f-3ccf-4b6c-996d-d5ae80df7f3b",
            "label": null,
            "sourceid": "01de5c76-796a-4da8-a1b9-fa122b22bc1d",
            "theme": "default",
            "sourceType": "conditions"
        },
        "0a2ed091-90c8-4edc-8480-d88d978e1534": {
            "targetType": "jumpers",
            "type": "Bezier",
            "targetid": "56ce6b16-ae68-4e69-9dcf-15df426f5307",
            "label": null,
            "sourceid": "b47067bb-5cf0-4cca-b091-0c855c5eaacc",
            "theme": "default",
            "sourceType": "conditions"
        },
        "353c3da3-9854-42cf-8758-809f9c88a0fd": {
            "targetType": "jumpers",
            "type": "Bezier",
            "targetid": "f54525ef-b9a3-43f3-82e6-7e2190342883",
            "label": null,
            "sourceid": "80395a3f-6183-4023-9eac-bee6eeb0a5a3",
            "theme": "default",
            "sourceType": "conditions"
        },
        "01552578-b154-4bd4-8c0b-f4f197cc2391": {
            "targetType": "jumpers",
            "type": "Bezier",
            "targetid": "20ccf174-a835-4451-9549-03897fe41214",
            "label": null,
            "sourceid": "38e36495-79f5-4367-a680-c38e5ad80505",
            "theme": "default",
            "sourceType": "conditions"
        },
        "67128860-205f-428a-abfb-90bf6d5f03fb": {
            "targetType": "jumpers",
            "type": "Bezier",
            "targetid": "7ca96b67-6d1c-40dc-849f-d737d0f83585",
            "label": null,
            "sourceid": "87a592ce-d02f-4438-b372-3ad83ad245d9",
            "theme": "default",
            "sourceType": "conditions"
        },
        "498b84f4-485d-4b62-91dd-6c4be7c7e714": {
            "targetType": "jumpers",
            "type": "Bezier",
            "targetid": "3579eece-05de-4dc3-9029-45ba91032210",
            "label": null,
            "sourceid": "89a7312e-13ac-41e5-8941-1353361f0534",
            "theme": "default",
            "sourceType": "elements"
        },
        "1fdb0cfb-752d-4276-87b4-1bbc55740382": {
            "targetType": "branches",
            "type": "Bezier",
            "targetid": "1a45b266-e21e-4408-b016-434f8e965bc3",
            "label": null,
            "sourceid": "390939d4-2c8f-4889-b310-9235a6784ffa",
            "theme": "default",
            "sourceType": "elements"
        },
        "4880b9e0-3639-4ac6-b797-64c0a785becd": {
            "sourceType": "conditions",
            "label": null,
            "sourceid": "df19a1ef-6726-4c97-8c61-67f54f313c8f",
            "targetid": "e8c069a1-6a23-42c0-b063-5dc19a206d21",
            "targetFace": "left",
            "targetType": "jumpers",
            "theme": "default",
            "type": "Bezier"
        },
        "605448c7-a482-4b9b-8791-eb6686d69b78": {
            "targetType": "jumpers",
            "type": "Bezier",
            "targetid": "737a50cb-4fbc-4b14-a81e-64a9d37d8936",
            "label": null,
            "sourceid": "22f1c047-b316-429a-9332-b6495db33eeb",
            "theme": "default",
            "sourceType": "elements"
        },
        "1a9d8ace-5ed2-4146-8802-101a231a68d1": {
            "targetType": "branches",
            "type": "Bezier",
            "targetid": "c75d2ab0-23a8-41e5-b554-023ddc0a55b9",
            "label": null,
            "sourceid": "6603ab80-f72b-4fb8-9fd5-d2bc8bef0429",
            "theme": "default",
            "sourceType": "elements"
        },
        "7aaac3cd-5008-47a0-85a4-5024a940959c": {
            "targetType": "branches",
            "type": "Bezier",
            "targetid": "c75d2ab0-23a8-41e5-b554-023ddc0a55b9",
            "label": null,
            "sourceid": "de215539-8297-4aea-8f07-c6ab6297d061",
            "theme": "default",
            "sourceType": "elements"
        },
        "22830491-880e-4a12-8d8c-d26e3cd4f898": {
            "targetType": "branches",
            "type": "Bezier",
            "targetid": "c75d2ab0-23a8-41e5-b554-023ddc0a55b9",
            "label": null,
            "sourceid": "cd5c5c07-a6a0-4ca1-a2a0-bf700c78e7f9",
            "theme": "default",
            "sourceType": "elements"
        },
        "bd804ad3-829c-4b36-a402-4551ca8ee559": {
            "targetType": "branches",
            "type": "Bezier",
            "targetid": "c75d2ab0-23a8-41e5-b554-023ddc0a55b9",
            "label": null,
            "sourceid": "4adbf741-ab50-4ff5-bb7f-e10721917ca9",
            "theme": "default",
            "sourceType": "elements"
        },
        "68148404-e07d-4dc7-9f29-7756198c3b4b": {
            "targetType": "branches",
            "type": "Bezier",
            "targetid": "c75d2ab0-23a8-41e5-b554-023ddc0a55b9",
            "label": null,
            "sourceid": "c5b0fbcb-947c-4b74-bd1c-718f6544163f",
            "theme": "default",
            "sourceType": "elements"
        },
        "09c80b9a-8739-4fc1-be7d-a42f0eb868b8": {
            "targetType": "branches",
            "type": "Bezier",
            "targetid": "c75d2ab0-23a8-41e5-b554-023ddc0a55b9",
            "label": null,
            "sourceid": "483f5dae-8374-4ab2-91cc-fe5862a19f57",
            "theme": "default",
            "sourceType": "elements"
        },
        "9632f47f-e639-418a-aa6a-1579eb37622b": {
            "targetType": "branches",
            "type": "Bezier",
            "targetid": "c75d2ab0-23a8-41e5-b554-023ddc0a55b9",
            "label": null,
            "sourceid": "63b38d52-e202-46de-9788-aecfe783cefd",
            "theme": "default",
            "sourceType": "elements"
        },
        "dacfa73f-98d8-42e6-afa4-417f5b84277c": {
            "targetType": "branches",
            "type": "Bezier",
            "targetid": "c75d2ab0-23a8-41e5-b554-023ddc0a55b9",
            "label": null,
            "sourceid": "121f4960-b114-47de-8c10-81317f6d284b",
            "theme": "default",
            "sourceType": "elements"
        },
        "8e1a783c-bc5b-43d1-a406-c8b69d35cc47": {
            "targetType": "branches",
            "type": "Bezier",
            "targetid": "c75d2ab0-23a8-41e5-b554-023ddc0a55b9",
            "label": null,
            "sourceid": "f09a37db-7ae5-4f62-a0f0-8386b7894951",
            "theme": "default",
            "sourceType": "elements"
        },
        "83bc2c26-bd8f-4c4b-9467-0346fb4b99f6": {
            "targetType": "branches",
            "type": "Bezier",
            "targetid": "c75d2ab0-23a8-41e5-b554-023ddc0a55b9",
            "label": null,
            "sourceid": "877abbc4-9f4b-4aad-9ed5-6fb49b5d556c",
            "theme": "default",
            "sourceType": "elements"
        }
    },
    "branches": {
        "ce4ab196-a234-4871-8c11-c18bf51ad603": {
            "conditions": {
                "ifCondition": "9e27e01d-ecde-4e71-8ba0-0094d523049e",
                "elseCondition": "a5a8e5b6-f2da-47dc-8476-925c33327400"
            },
            "theme": "default"
        },
        "1a45b266-e21e-4408-b016-434f8e965bc3": {
            "conditions": {
                "ifCondition": "966605d8-c179-496f-96d1-884cdc506bb7",
                "elseIfConditions": [
                    "b94da9eb-836f-4644-8a8c-895d1e4ab08b",
                    "f03d76f1-ea1c-4d2f-9659-9b8e796bdefb",
                    "69e82a00-f468-4980-bc7e-fb9362fbeac8",
                    "0b53825e-d49e-40c8-b081-5c6586e3cecb",
                    "c6d520da-9317-4994-b070-7805a44268f6",
                    "0f9c9489-83c8-43aa-8789-bc9c80d153a7",
                    "632ce95e-4498-48b5-a7cb-e9eeffe5fdc4",
                    "2565ac3e-2f99-47eb-afe2-41f09fa525f5",
                    "ae3cebfd-4fd0-4165-9862-5722b0b7f680",
                    "f49dca85-b070-4bfc-a14f-f083e3ba4f95"
                ]
            },
            "theme": "default"
        },
        "9bb28020-b591-4012-b0ab-0fb5553e14b3": {
            "conditions": {
                "ifCondition": "2d7ba434-1efd-4b34-809e-7480164b8e8a",
                "elseIfConditions": [
                    "1ff7a4ee-f3c5-45d1-96d1-8278943f4970",
                    "5ca8a725-3457-4095-9fb5-8ce95af76193",
                    "696d98dd-7e0c-463a-b498-ade7d9eabd17",
                    "97a8d462-5733-4cf6-af45-a76b5eec0675",
                    "05086a5b-61ed-4d8b-955e-c35e7870f56b",
                    "c737eb92-fa11-4574-a655-037baa84ba1e",
                    "087abfb1-a8e3-4e30-9f5e-19341172a049",
                    "982a0fae-9f27-4f95-a24c-0e7d17eb5109"
                ]
            },
            "theme": "default"
        },
        "34a39347-eeaa-4ce9-940d-0437eb0c1c9f": {
            "conditions": {
                "ifCondition": "cdf5dc97-a9df-4b2c-9eb8-dd436da4d032",
                "elseIfConditions": [
                    "9b0399e6-34ae-4ba4-9f63-8431e9288d97",
                    "5f0b073b-1c52-4fda-b014-2e86c490df62",
                    "1d40d608-896d-4460-8308-d4db4bf41b38",
                    "97068ea9-d11a-4b53-8839-f6cd3f63b559",
                    "29bdea40-c9e6-49f0-aa57-f2b258436035",
                    "56c38a6e-1a84-482b-ba81-29dca59ed76d",
                    "b8be1842-f33a-454d-9194-1519a19e43ae",
                    "c02f11af-edb0-41ff-884a-9ea156b177fb"
                ]
            },
            "theme": "default"
        },
        "c6fa4c77-56c1-4a85-9972-182d7cd105e5": {
            "conditions": {
                "ifCondition": "07eb3dc3-41cc-480c-8bae-1d332be3d061",
                "elseIfConditions": [
                    "46aaaa49-178e-4b3e-b294-aad2e0039ae9",
                    "0695c223-1499-4590-a826-72c61aff8847",
                    "d45860cb-19c4-44cd-9978-3ebc176a4800",
                    "01de5c76-796a-4da8-a1b9-fa122b22bc1d",
                    "b47067bb-5cf0-4cca-b091-0c855c5eaacc",
                    "80395a3f-6183-4023-9eac-bee6eeb0a5a3",
                    "38e36495-79f5-4367-a680-c38e5ad80505"
                ]
            },
            "theme": "default"
        },
        "c75d2ab0-23a8-41e5-b554-023ddc0a55b9": {
            "conditions": {
                "ifCondition": "87a592ce-d02f-4438-b372-3ad83ad245d9",
                "elseCondition": "df19a1ef-6726-4c97-8c61-67f54f313c8f"
            },
            "theme": "default"
        }
    },
    "components": {
        "65005bda-15d0-41c5-867f-68c118829f08": {
            "name": "Root",
            "root": true,
            "children": []
        }
    },
    "attributes": {},
    "assets": {
        "647d0495-341f-42b2-8788-b47dace22bf8": {
            "root": true,
            "children": []
        }
    },
    "variables": {
        "17b8509a-a996-4660-be66-54fd05ccd393": {
            "name": "fill_state",
            "type": "float",
            "value": 5
        },
        "3ae7ee06-b0c5-4f5e-b33c-0aab96c883b2": {
            "name": "current_level",
            "type": "integer",
            "value": 1
        },
        "747d0495-341f-42b2-8788-b47dace22bf8": {
            "root": true,
            "children": [
                "3ae7ee06-b0c5-4f5e-b33c-0aab96c883b2",
                "17b8509a-a996-4660-be66-54fd05ccd393",
                "e4958547-b7f7-46b2-9b9f-19c9efbfb9ce",
                "d4fd32d6-7c74-4d00-aaa6-e98f53ec29d8",
                "d17b5e15-a133-40e9-97e8-0f85e6029619",
                "94589277-b713-4c99-81fd-8def02f0c5b9"
            ]
        },
        "94589277-b713-4c99-81fd-8def02f0c5b9": {
            "name": "level_decrease",
            "type": "integer",
            "value": 0
        },
        "d17b5e15-a133-40e9-97e8-0f85e6029619": {
            "name": "topped_out",
            "type": "boolean",
            "value": false
        },
        "d4fd32d6-7c74-4d00-aaa6-e98f53ec29d8": {
            "name": "next_piece",
            "type": "integer",
            "value": 0
        },
        "e4958547-b7f7-46b2-9b9f-19c9efbfb9ce": {
            "name": "current_piece",
            "type": "integer",
            "value": 0
        }
    },
    "conditions": {
        "9e27e01d-ecde-4e71-8ba0-0094d523049e": {
            "script": "next_piece==current_piece",
            "output": "f3cced17-4be6-4c17-afef-ec55aa1d1569"
        },
        "a5a8e5b6-f2da-47dc-8476-925c33327400": {
            "script": null,
            "output": "4cd4398b-0c06-4fb2-9d7e-e0b1bccb0f35"
        },
        "966605d8-c179-496f-96d1-884cdc506bb7": {
            "script": "current_level == 1",
            "output": "8b7dc2f5-d51c-462f-aa2f-def8bef6e0ea"
        },
        "b94da9eb-836f-4644-8a8c-895d1e4ab08b": {
            "script": "current_level == 2",
            "output": "fee72d76-26dc-4f01-942c-350fd27a278a"
        },
        "f03d76f1-ea1c-4d2f-9659-9b8e796bdefb": {
            "script": "current_level == 3",
            "output": "a78f2b0f-fc96-44eb-ba48-47a87a701b57"
        },
        "69e82a00-f468-4980-bc7e-fb9362fbeac8": {
            "script": "current_level == 4",
            "output": "917ed158-5dfe-4a80-8e11-fce1ebee3555"
        },
        "0b53825e-d49e-40c8-b081-5c6586e3cecb": {
            "script": "current_level == 5",
            "output": "2765622f-db4a-4a4d-bb02-e8953fcfa499"
        },
        "c6d520da-9317-4994-b070-7805a44268f6": {
            "script": "current_level == 6",
            "output": "bbba3efe-ea37-43a8-9fd3-3a5ab9a0c6ad"
        },
        "0f9c9489-83c8-43aa-8789-bc9c80d153a7": {
            "script": "current_level == 7",
            "output": "4de52737-4f18-4b88-86f0-2954268537c0"
        },
        "632ce95e-4498-48b5-a7cb-e9eeffe5fdc4": {
            "script": "current_level == 8",
            "output": "5fed2d00-6f73-4ac0-b91d-cfd0ab0d607a"
        },
        "2565ac3e-2f99-47eb-afe2-41f09fa525f5": {
            "script": "current_level == 9",
            "output": "6cf05b47-d0af-4933-a9fd-013509c0a808"
        },
        "ae3cebfd-4fd0-4165-9862-5722b0b7f680": {
            "script": "current_level == 10",
            "output": "a65c53b0-d9be-4bfa-b02e-e49b061982fd"
        },
        "f49dca85-b070-4bfc-a14f-f083e3ba4f95": {
            "script": "current_level == 0",
            "output": "f9a77010-dd3b-45b1-92bf-3034457da958"
        },
        "2d7ba434-1efd-4b34-809e-7480164b8e8a": {
            "script": "fill_state == 5",
            "output": "0185564a-3aac-437b-b2f7-e9ed79df401b"
        },
        "1ff7a4ee-f3c5-45d1-96d1-8278943f4970": {
            "script": "fill_state == 15",
            "output": "3c467574-c417-4845-88f1-03510818edc9"
        },
        "5ca8a725-3457-4095-9fb5-8ce95af76193": {
            "script": "fill_state == 25",
            "output": "6e5f5174-1b9e-4b90-9ce2-6b572213592d"
        },
        "696d98dd-7e0c-463a-b498-ade7d9eabd17": {
            "script": "fill_state == 35",
            "output": "69ca02eb-51f2-482d-bdef-b2bd516c4a2a"
        },
        "97a8d462-5733-4cf6-af45-a76b5eec0675": {
            "script": "fill_state == 45",
            "output": "4393ce84-4fa3-4750-a93e-7d4d9373b258"
        },
        "05086a5b-61ed-4d8b-955e-c35e7870f56b": {
            "script": "fill_state == 55",
            "output": "7eab261e-f34f-4531-88a1-15e789d46734"
        },
        "c737eb92-fa11-4574-a655-037baa84ba1e": {
            "script": "fill_state == 65",
            "output": "843af761-8a74-4ed8-9788-bac5e9ee6582"
        },
        "087abfb1-a8e3-4e30-9f5e-19341172a049": {
            "script": "fill_state == 75",
            "output": "b2188ba2-51a4-4a0d-87a6-8201d63c39ab"
        },
        "982a0fae-9f27-4f95-a24c-0e7d17eb5109": {
            "script": "fill_state == 85",
            "output": "b9debd6e-a899-4a4c-831a-c0f8d199f175"
        },
        "cdf5dc97-a9df-4b2c-9eb8-dd436da4d032": {
            "script": "fill_state == 15",
            "output": "3cc33eb1-5e22-4a59-bec4-5413430c9071"
        },
        "b8be1842-f33a-454d-9194-1519a19e43ae": {
            "script": "fill_state == 85",
            "output": "bdb915d2-132d-4c18-abe3-e1d1c86fef57"
        },
        "9b0399e6-34ae-4ba4-9f63-8431e9288d97": {
            "script": "fill_state == 25",
            "output": "8becbb3b-5d9d-448f-aa7c-88895a20ad13"
        },
        "5f0b073b-1c52-4fda-b014-2e86c490df62": {
            "script": "fill_state == 35",
            "output": "b5be37a7-0f73-46c4-9726-60caf82cb18c"
        },
        "1d40d608-896d-4460-8308-d4db4bf41b38": {
            "script": "fill_state == 45",
            "output": "5a5db91b-0e39-4c93-9dc7-e8ca4223c023"
        },
        "97068ea9-d11a-4b53-8839-f6cd3f63b559": {
            "script": "fill_state == 55",
            "output": "ffa22c28-39ae-4b8e-b861-8f6bbe6f371e"
        },
        "29bdea40-c9e6-49f0-aa57-f2b258436035": {
            "script": "fill_state == 65",
            "output": "b1939d5d-0f2e-44e2-964e-42ed33998fbe"
        },
        "56c38a6e-1a84-482b-ba81-29dca59ed76d": {
            "script": "fill_state == 75",
            "output": "befcdac7-a0ef-48bb-9c15-163d4925265a"
        },
        "c02f11af-edb0-41ff-884a-9ea156b177fb": {
            "script": "fill_state == 95",
            "output": "e95c8dff-e937-4a45-8411-b1e621409d09"
        },
        "07eb3dc3-41cc-480c-8bae-1d332be3d061": {
            "script": "fill_state == 25",
            "output": "d1eda007-e13b-45db-9ae7-604afff1fe3e"
        },
        "38e36495-79f5-4367-a680-c38e5ad80505": {
            "script": "fill_state == 95",
            "output": "01552578-b154-4bd4-8c0b-f4f197cc2391"
        },
        "46aaaa49-178e-4b3e-b294-aad2e0039ae9": {
            "script": "fill_state == 35",
            "output": "006c1710-57b6-4e33-ba1a-2de05d73ae62"
        },
        "0695c223-1499-4590-a826-72c61aff8847": {
            "script": "fill_state == 45",
            "output": "34e878ca-a8eb-4e8f-8dea-56270a88a6cd"
        },
        "d45860cb-19c4-44cd-9978-3ebc176a4800": {
            "script": "fill_state == 55",
            "output": "30952adb-0bb6-4593-87db-a31eb09b4d40"
        },
        "01de5c76-796a-4da8-a1b9-fa122b22bc1d": {
            "script": "fill_state == 65",
            "output": "b419687d-4717-4a99-816e-3083b5214c51"
        },
        "b47067bb-5cf0-4cca-b091-0c855c5eaacc": {
            "script": "fill_state == 75",
            "output": "0a2ed091-90c8-4edc-8480-d88d978e1534"
        },
        "80395a3f-6183-4023-9eac-bee6eeb0a5a3": {
            "script": "fill_state == 85",
            "output": "353c3da3-9854-42cf-8758-809f9c88a0fd"
        },
        "87a592ce-d02f-4438-b372-3ad83ad245d9": {
            "script": "level_decrease == 1",
            "output": "67128860-205f-428a-abfb-90bf6d5f03fb"
        },
        "df19a1ef-6726-4c97-8c61-67f54f313c8f": {
            "script": null,
            "output": "4880b9e0-3639-4ac6-b797-64c0a785becd"
        }
    },
    "name": "Tetris Classic",
    "cover": null
}