{
    "startingElement": null,
    "boards": {
        "2ad15ff6-f2ba-4f1d-9d9d-68938c683d7e": {
            "name": "Root",
            "root": true,
            "children": [
                "7ecf2131-b7df-43cf-bd5a-94b49ad198d3"
            ]
        },
        "630fdb8a-48d6-473e-9974-2460f7eb2b41": {
            "name": "FOTT",
            "notes": [],
            "jumpers": [
                "3f87f3aa-5a23-4358-af8f-36e1de7f6cd7",
                "585d1e04-960a-4577-9242-d6e6287bf24b"
            ],
            "branches": [
                "eb7e597a-824c-4df0-b286-f36ce7505d74"
            ],
            "elements": [
                "049dadeb-3ecd-4f84-ae3f-315e0651493b",
                "bdb18962-fd16-4818-866e-0b0f9fc18602"
            ],
            "connections": [
                "39dffdc3-1869-4cf5-9634-e00041ec9b79",
                "b566be24-825d-4230-bad8-136f5d9f389e",
                "0140f708-a50e-404e-9a4c-6fe5a0658d9f",
                "62a240e6-5293-40f0-93b2-fca4aefa96c6"
            ]
        },
        "7ecf2131-b7df-43cf-bd5a-94b49ad198d3": {
            "name": "New Folder",
            "children": [
                "ea876a02-511a-4725-b58e-093298027b65",
                "630fdb8a-48d6-473e-9974-2460f7eb2b41",
                "c2832012-e3d8-49b3-a303-ba36e7ac6e14",
                "26e536c1-2bdf-46d3-b0c5-bf5be7888b16",
                "103f3967-cc39-4189-b535-a46ffc807e78",
                "b4d7ed4c-35dc-4551-a4e5-3b99599dd9f5",
                "addc90a1-84bf-454b-882b-9d8c8a67274d",
                "7c44a94f-2913-44b4-9156-2d54ea242fdb"
            ]
        },
        "c2832012-e3d8-49b3-a303-ba36e7ac6e14": {
            "name": "Part I",
            "notes": [],
            "elements": [
                "f75a8ff3-3e8f-4514-9a7b-a704a4e94346",
                "521371df-2341-406a-b97b-4ba1ed8e6436"
            ],
            "connections": [
                "cb08aaeb-809d-4532-8cd5-ef3e478c2ef8",
                "11e3fbcf-1406-4b75-ba53-e63609e558b8",
                "2220a7c8-6247-4f2c-bf0c-7071e37ce91f",
                "221cdef5-1971-4b17-9812-f7fadcf14d65"
            ],
            "branches": [
                "6beb3833-6f1e-4dc3-9158-368e25da3750"
            ],
            "jumpers": [
                "73cede28-c328-42bd-ba53-b60cb1cacde9",
                "08ed9f2c-0227-4030-ae36-fce9252d1d4d"
            ]
        },
        "26e536c1-2bdf-46d3-b0c5-bf5be7888b16": {
            "name": "Part II",
            "notes": [],
            "elements": [
                "b7c69f78-0f38-4211-afa0-9ba8cd50b838",
                "b0caa3b8-8a8e-4255-980a-fda86b9970b6",
                "79b744f1-9caf-4463-9054-3016a41fcb6d",
                "367ccb8e-0d6b-4858-9f05-0f8ce2c8ce64",
                "608fbfc9-5810-46d3-8fd9-69c7cb870f59",
                "427f6655-76ad-44ed-b593-9305de9b3a97",
                "b01c37e4-d24f-4c94-ad10-f3e0c3287b10"
            ],
            "connections": [
                "9c5e9fca-6635-4097-a16c-11cdb7654fe3",
                "91053951-953b-4871-9307-9793b7cb5d8e",
                "fab729e1-4906-48be-8870-83d5acb41ee0",
                "a9974492-b0b0-45a3-ace4-3f6401b90ebf",
                "438a15b2-12b7-45eb-a050-e3db90fb1084",
                "c67a4619-18b9-4065-abba-b8b6c38dbcb7",
                "15d45044-dbae-432a-8f94-c5fcff786f7f",
                "149e2f51-734d-4123-8f01-653a517c1140",
                "b4250518-66b2-4430-971e-ee6ec35f24d4",
                "2199e011-7aa6-41c5-b672-fb294132451f",
                "1bcd7f46-f83b-49e6-8142-5411551eb1f5",
                "03fcafde-3278-45c7-b690-1056c5b78afa",
                "e6ff2aae-79d5-4ed1-a3a9-6c873f237097",
                "b6ec6f8f-7e7a-41c5-a592-6831eb4188da",
                "19166be6-3e95-4436-84c1-c67d370c8d83",
                "11ad101d-eda8-4dd2-94b3-cd3d05280fe2",
                "a5eb82d4-979f-446e-8cce-a9fcc11b7dff",
                "52e34ddb-6d40-49c1-859e-6c68ef38c38a",
                "0ff243e9-0288-450a-bb15-04e9db22cb7d"
            ],
            "branches": [
                "b19acfdd-2c4a-4568-aa9b-2719067152b8",
                "ae1a9d3c-d1db-4b10-9bce-670edbcaa502",
                "058c496a-e474-4fd7-b90e-c1a725c800cd"
            ],
            "jumpers": [
                "a4a18319-fd4b-4c44-b2ac-e4b46102fbdc",
                "bfbd5f74-0184-4d71-8788-c975871fb115",
                "0d85bea1-f292-4b1f-b44d-b9f5530b76b9"
            ]
        },
        "103f3967-cc39-4189-b535-a46ffc807e78": {
            "name": "Part III",
            "notes": [],
            "elements": [
                "5ca97e1c-6dc2-4a63-8700-ca58e53264f9",
                "d7597f12-68ba-49cd-a4a6-c872830de53a",
                "1111609e-868c-4696-8b35-0fecc9ee6721",
                "6ea2ac74-cc59-4960-a6c8-5c8a8f86dfd8",
                "8883037d-52ce-4b92-9e3e-b30612a86757",
                "bcd3c717-0855-41a5-bd16-e56a3e6e3172",
                "c8542b9f-28f5-4ce1-9228-a1e130d73838",
                "1fac1dd5-0d03-4443-9ef3-3707bb53a436"
            ],
            "connections": [
                "7fdeae12-8901-43e8-81b4-1d349a8ac38d",
                "6f0f40c4-ffdd-4fdc-aadf-1b9a445c9e74",
                "10d79f2f-6906-4b5b-847b-eed9973c8c56",
                "12dc4a4e-5501-4d0a-9cd5-c094f90a17ea",
                "4378fb54-db23-477e-8f10-0fcb3aef65aa",
                "c3b08de9-c060-4f2a-82b7-5c9c787a5a52",
                "3d77a49e-b027-41c5-8821-bde3241382a9",
                "72c984d1-dd65-4402-8568-c1c2177c74a0",
                "b159ef37-5def-4324-a89c-1b711513c349",
                "12e7c16b-e553-47a3-bcca-ec2fa9526767",
                "8038f232-8633-476a-b977-92d837380be1",
                "9eaf9b8e-c4c0-4323-beff-72dd87a5c8c1",
                "0cd33bd6-eb5b-4502-952e-602539f1a6d5",
                "23f19e97-3109-40f3-bbf2-6c23e13f3c07",
                "77302793-4011-4dfc-aaee-05a627ca328d",
                "d57d1d79-964e-4b44-8d4f-b10648c31a42",
                "c1c3f971-4745-4f4c-aad4-26b041a947ae",
                "11be4030-688e-4e8b-9fc8-aaf581fdb81f",
                "f657b282-e0d6-48c5-9312-807c5f36f32f",
                "7acc9ed8-a4c0-4226-aca0-1d185998c0b7",
                "ef3811a1-513a-42e3-b138-304a5e356ff4"
            ],
            "branches": [
                "42bd8d6b-e1cf-4786-b672-c062330cd5f8",
                "64d39993-88a1-49bb-b7be-e15128ea3cf0"
            ],
            "jumpers": [
                "5f1bf0a2-1fbe-43da-9e24-da6bf8890f4f",
                "55c4c13c-463c-4a55-8843-4205ec84dbea",
                "cf261d7f-5055-4e2c-941f-2f9ec2d75743"
            ]
        },
        "b4d7ed4c-35dc-4551-a4e5-3b99599dd9f5": {
            "name": "POF",
            "notes": [],
            "elements": [
                "9bb09176-439e-449b-ab06-39fcbe6f17eb",
                "342010f1-8b8a-4583-b52e-9ee5db40e726",
                "99acc232-4ca8-4ecf-b056-00e6b3b021cb"
            ],
            "connections": [
                "64ab7689-3dce-419f-93fb-2d4f591389e9",
                "8bc05c65-45c8-4673-84a2-4b43bc92a6cb",
                "af960a82-cd3c-44c1-8687-9524c216c100",
                "56254f1b-a870-4c09-9321-c4450dc1b651",
                "632be5df-03bd-43f8-a821-5880605c3198",
                "053b31cf-6e30-4aac-bd73-5a49d1d68c9d"
            ],
            "branches": [
                "23ae8942-74af-4a32-870a-c8a767522d08"
            ],
            "jumpers": [
                "f7a37531-f4b8-493b-ae29-aa2e766b18ba"
            ]
        },
        "addc90a1-84bf-454b-882b-9d8c8a67274d": {
            "name": "TMC",
            "notes": [],
            "elements": [
                "b4994d51-62c0-4024-8b3e-933067b9a80e",
                "9cc07d98-22d0-4a56-a591-01593a50a6de",
                "8034ca89-c344-46e6-b3b9-ebb703561ddb",
                "ca5a8f0a-a50a-40a8-b812-738e175e2d54",
                "02115a0c-be3f-4b8c-8229-9131866eb09a"
            ],
            "connections": [
                "c5aeae52-d43f-4348-9299-35f84c2f8ea9",
                "f28e6956-06f0-4f85-a3a1-6c74076c4c38",
                "e9a0d4f9-7500-4f59-937e-f38e20c96e01",
                "3baeca0f-b1ef-4d8e-b412-cb2540903fc4",
                "207bed78-e3cd-4b3a-8840-5770bddeefb6",
                "7ceac9ee-caf4-4f89-b2b4-0d488ad1b5b2",
                "fe9e182d-fd9c-4ada-a339-92a99eef1274",
                "69827206-08f5-45ba-becc-40ef1b259068",
                "8d1a955c-b24c-47f2-9767-e0b70f96f900",
                "5cbce515-0fc9-4470-a166-00e6db7d43b2",
                "1552c8d7-04d9-4ed2-8ce0-48877efd6113",
                "e85f78f2-7d38-4178-808d-34b74733328b"
            ],
            "branches": [
                "29e2636e-4372-4283-85e8-a3fd08fbdcda"
            ],
            "jumpers": [
                "af878073-c607-4f9d-9b36-c56bd31354b8"
            ]
        },
        "7c44a94f-2913-44b4-9156-2d54ea242fdb": {
            "name": "WITMB",
            "notes": [],
            "elements": [
                "db728444-d822-4376-9cb3-2c817022e62e",
                "ef986efa-8198-4c94-aacc-e7b6acf00c43",
                "084d1eab-bd44-4660-8dcf-68d15afee3f2",
                "45619da0-f514-4c8d-8587-55ff89e42e9a"
            ],
            "connections": [
                "c3a7cd3a-27ec-4982-bd62-30b381fc9351",
                "7a191ddd-2291-4263-bbfc-27aafd4b237b",
                "654b4c89-5050-44b3-8588-9efaeaa79a5c",
                "34aea63f-38ac-46ef-b59a-554e64432d14",
                "bace739a-4027-4364-92f6-0cf1b17f82c9",
                "d58435ba-9020-4487-9834-1fe670f33a92",
                "0dd43c1e-7610-49e2-9c73-a17ecac74923",
                "e188d575-dab6-4f56-ac3c-a9e33451b397",
                "9ded1b1a-4cb7-4c42-8c69-aaafee05246c"
            ],
            "branches": [
                "8ae6702a-44fc-4917-90cf-5ffb4d77cd30"
            ],
            "jumpers": [
                "89715959-1632-4b6b-a962-b1dca1aad573"
            ]
        },
        "ea876a02-511a-4725-b58e-093298027b65": {
            "name": "Control Centre",
            "notes": [],
            "elements": [
                "e563d7b2-e56a-4dbf-b0ef-164507463a8e",
                "664bc472-8d6a-47da-9237-896c432a0227",
                "fcee3a80-b0ac-469d-842d-ba642d7b3b3c",
                "43a0ad14-6dd3-43de-9aef-ad4f7ecba4c0",
                "41697c03-4bf4-4892-8e84-a10c93fbb838"
            ],
            "connections": [
                "c94434c3-5696-434e-b05d-759beb71fcb9",
                "0f5306a1-5ea1-4545-a4db-13f40468983e",
                "01d5e150-afbb-445c-a855-795752cee43a",
                "a89b89a3-4184-44b1-8901-dac89c300a28",
                "d6e753b5-509a-429d-9d87-b66a187413e7",
                "2c04f8e2-b480-44ea-86e1-13a2a32c4482",
                "65a57ba1-fe61-4df2-89f4-4e7c5c4d5837",
                "7dcb654a-41f3-4775-9e58-a531c952d65b",
                "c200c6f6-03c3-4035-a88f-f08cbf35269d",
                "c02f5091-806b-460d-b123-f4748f1fce16",
                "62128394-81d6-4274-a945-8615103e268d",
                "a148748c-5410-4dda-ae5a-62893c0ae15b",
                "53e321b7-9779-488c-99aa-45369c6e4e62",
                "b967b0b8-bd34-45b7-8d0f-eb67447556b9",
                "c0f51c36-c69f-4f06-8185-5a41630aac62",
                "29e8dd3d-e854-4e08-9a8e-7539f283df92",
                "5f1979e2-3abd-4f8e-bda3-582ca1eeda7e",
                "de152174-69fb-4a0f-b145-14af30faa5a0",
                "3c3561a3-be1a-46b1-b359-26120a37e67e",
                "ee3297d3-2248-4f68-87d6-baef66a404c7",
                "c0b08115-8df5-4470-a52a-71cbf5fb4d9d",
                "c7a5f442-0c30-4783-be11-84a04d48054f",
                "a53856c6-471b-4f68-b220-c9915a99f854",
                "0070dd84-2fae-4899-a6b6-fd2067d568e1",
                "f453d66a-e75f-4b17-9108-567cb51a2409",
                "59c41cd2-c536-4dc9-a15f-0c6e8a4a3060",
                "1e3078d5-5b2f-423a-af00-fc55d36f5442",
                "501ebe26-1cf9-4f34-9a46-08c64ffc41ae",
                "d7030cfd-b8c7-415f-afa2-b89e3cb7ad15",
                "9ad7c413-9a21-4cd9-888f-0327adccb6b0",
                "a929ca05-7bf5-4bf1-940c-ba2fb106ca16",
                "d2dbcdb3-c046-4c96-9db9-dfe3aaa0d025",
                "83953cb8-45ef-4b75-8d72-babc7990efb1"
            ],
            "branches": [
                "85049448-c0b2-4cb5-8899-3fb5b1625842",
                "269abda4-1894-4585-be90-fad830a6d5e4"
            ],
            "jumpers": [
                "91eaa36f-dbb1-481b-baf0-efed693ad812",
                "1bd4b32c-eaff-4697-8d1c-7a8d80622d0a",
                "64f67944-17d8-4af8-aa38-48aa3781ae00",
                "bd10b7f1-1e7a-4494-a1f1-7e7b49b56898",
                "916bb3ed-cf6f-4800-bca9-6b3c3a339000",
                "21f1ec55-50b4-4367-805d-6c57ff14e3f0",
                "6310f34b-f246-4196-844c-c655beb61929",
                "d6ffe239-96ea-4694-beb7-89b085c735ca",
                "6329287d-56e0-46b7-9277-387a0c16ff8f",
                "e0d44cd8-315e-43c4-b606-3b51263f52cf",
                "33e8d1f7-42db-4eb3-a04e-daea36a66afa",
                "5bb2047c-f886-4159-8b3b-b415879f2cfc",
                "eca09fff-f0b3-4950-8b17-e76bdf765995",
                "d8e2159b-acfa-4865-95b2-3ee5d137cccb",
                "8ef7662b-5de6-474e-9b8c-6fb79d5cd805",
                "87574d0a-032a-40a2-893a-f2e398746180",
                "8bdb6537-4ba5-4994-bf2a-762d744e5296",
                "9a0e92fd-29ec-4e28-9fb6-53534d5ffb3b",
                "4b1df0e7-620c-4024-a2a2-0ff10e298c1a",
                "706d55b1-a11b-475d-ad95-6a872a44505f",
                "5284003a-60ed-4956-9e9e-71b78b00c566",
                "83aeefe3-ff9d-404c-9b0a-16cce6f8a340",
                "7f70d0a5-a5a7-48f6-88a5-1eab0d75862f"
            ]
        }
    },
    "notes": {},
    "elements": {
        "049dadeb-3ecd-4f84-ae3f-315e0651493b": {
            "autoHeight": true,
            "title": "<p>Check the Storage<\/p>",
            "theme": "default",
            "components": [],
            "content": "<pre><code>main_questline_progress = 17<\/code><\/pre>",
            "outputs": [
                "b566be24-825d-4230-bad8-136f5d9f389e"
            ]
        },
        "bdb18962-fd16-4818-866e-0b0f9fc18602": {
            "autoHeight": true,
            "title": "<p>To Work!<\/p>",
            "theme": "default",
            "components": [],
            "content": "<pre><code>main_questline_progress = 18<\/code><\/pre>",
            "outputs": [
                "39dffdc3-1869-4cf5-9634-e00041ec9b79"
            ]
        },
        "f75a8ff3-3e8f-4514-9a7b-a704a4e94346": {
            "autoHeight": true,
            "title": "<p>The Emperor's Seal Bearer<\/p>",
            "theme": "default",
            "components": [],
            "content": "<pre><code>main_questline_progress = 1<\/code><\/pre>",
            "outputs": [
                "cb08aaeb-809d-4532-8cd5-ef3e478c2ef8",
                "221cdef5-1971-4b17-9812-f7fadcf14d65"
            ]
        },
        "521371df-2341-406a-b97b-4ba1ed8e6436": {
            "autoHeight": true,
            "title": "<p>Softlocked State<\/p>",
            "theme": "default",
            "components": [],
            "content": "",
            "outputs": []
        },
        "b7c69f78-0f38-4211-afa0-9ba8cd50b838": {
            "autoHeight": true,
            "title": "<p>The heart of the settlement<\/p>",
            "theme": "default",
            "components": [],
            "content": "<pre><code>main_questline_progress = 2<\/code><\/pre>",
            "outputs": [
                "9c5e9fca-6635-4097-a16c-11cdb7654fe3",
                "19166be6-3e95-4436-84c1-c67d370c8d83"
            ]
        },
        "b0caa3b8-8a8e-4255-980a-fda86b9970b6": {
            "autoHeight": true,
            "title": "<p>Safe as Houses<\/p>",
            "theme": "default",
            "components": [],
            "content": "<pre><code>main_questline_progress = 3<\/code><\/pre>",
            "outputs": [
                "e6ff2aae-79d5-4ed1-a3a9-6c873f237097",
                "b6ec6f8f-7e7a-41c5-a592-6831eb4188da"
            ]
        },
        "79b744f1-9caf-4463-9054-3016a41fcb6d": {
            "autoHeight": true,
            "title": "<p>Among Crates and Shelves<\/p>",
            "theme": "default",
            "components": [],
            "content": "<pre><code>main_questline_progress = 4<\/code><\/pre><pre><code>if number_houses_built < 3<\/code><\/pre><pre><code>number_houses_built = 3<\/code><\/pre><pre><code>endif<\/code><\/pre><p><\/p>",
            "outputs": [
                "438a15b2-12b7-45eb-a050-e3db90fb1084"
            ]
        },
        "367ccb8e-0d6b-4858-9f05-0f8ce2c8ce64": {
            "autoHeight": true,
            "title": "<p>The essential Building Material<\/p>",
            "theme": "default",
            "components": [],
            "content": "<pre><code>main_questline_progress = 5<\/code><\/pre>",
            "outputs": [
                "a9974492-b0b0-45a3-ace4-3f6401b90ebf",
                "a5eb82d4-979f-446e-8cce-a9fcc11b7dff"
            ]
        },
        "608fbfc9-5810-46d3-8fd9-69c7cb870f59": {
            "autoHeight": true,
            "title": "<p>War on Hunger<\/p>",
            "theme": "default",
            "components": [],
            "content": "<pre><code>main_questline_progress = 6<\/code><\/pre><pre><code>if number_lumberjacks < 2<\/code><\/pre><pre><code>number_lumberjacks = 2<\/code><\/pre><pre><code>endif<\/code><\/pre>",
            "outputs": [
                "1bcd7f46-f83b-49e6-8142-5411551eb1f5",
                "11ad101d-eda8-4dd2-94b3-cd3d05280fe2"
            ]
        },
        "427f6655-76ad-44ed-b593-9305de9b3a97": {
            "autoHeight": true,
            "title": "<p>Wood for the Imperial Cathedral<\/p>",
            "theme": "default",
            "components": [],
            "content": "<pre><code>main_questline_progress = 7<\/code><\/pre><pre><code>if number_fishermans < 1<\/code><\/pre><pre><code>number_fishermans = 1<\/code><\/pre><pre><code>endif<\/code><\/pre>",
            "outputs": [
                "149e2f51-734d-4123-8f01-653a517c1140",
                "52e34ddb-6d40-49c1-859e-6c68ef38c38a"
            ]
        },
        "b01c37e4-d24f-4c94-ad10-f3e0c3287b10": {
            "autoHeight": true,
            "title": "<p>A floating gift<\/p>",
            "theme": "default",
            "components": [],
            "content": "<pre><code>main_questline_progress = 8<\/code><\/pre>",
            "outputs": [
                "15d45044-dbae-432a-8f94-c5fcff786f7f",
                "0ff243e9-0288-450a-bb15-04e9db22cb7d"
            ]
        },
        "5ca97e1c-6dc2-4a63-8700-ca58e53264f9": {
            "autoHeight": true,
            "title": "<p>With Sextant and Spy-glass I<\/p>",
            "theme": "default",
            "components": [],
            "content": "<pre><code>main_questline_progress = 9<\/code><\/pre>",
            "outputs": [
                "7fdeae12-8901-43e8-81b4-1d349a8ac38d",
                "23f19e97-3109-40f3-bbf2-6c23e13f3c07"
            ]
        },
        "d7597f12-68ba-49cd-a4a6-c872830de53a": {
            "autoHeight": true,
            "title": "<p>With Sextant and Spy-glass II<\/p>",
            "theme": "default",
            "components": [],
            "content": "<pre><code>main_questline_progress = 10<\/code><\/pre>",
            "outputs": [
                "6f0f40c4-ffdd-4fdc-aadf-1b9a445c9e74",
                "77302793-4011-4dfc-aaee-05a627ca328d"
            ]
        },
        "1111609e-868c-4696-8b35-0fecc9ee6721": {
            "autoHeight": false,
            "title": "<p>Fish on the table + More Peasant houses <\/p>",
            "theme": "default",
            "components": [],
            "content": "<pre><code>main_questline_progress = 11<\/code><\/pre><pre><code>if player_ship_fish < 10<\/code><\/pre><pre><code>player_ship_fish = 10<\/code><\/pre><pre><code>endif<\/code><\/pre>",
            "outputs": [
                "3d77a49e-b027-41c5-8821-bde3241382a9",
                "72c984d1-dd65-4402-8568-c1c2177c74a0",
                "d57d1d79-964e-4b44-8d4f-b10648c31a42"
            ]
        },
        "6ea2ac74-cc59-4960-a6c8-5c8a8f86dfd8": {
            "autoHeight": false,
            "title": "<p>Fish on the table<\/p>",
            "theme": "default",
            "components": [],
            "content": "<pre><code>main_questline_progress = 13<\/code><\/pre><p><\/p><pre><code>if player_ship_fish < 10<\/code><\/pre><pre><code>player_ship_fish = 10<\/code><\/pre><pre><code>endif<\/code><\/pre><pre><code>if number_houses_built < 11<\/code><\/pre><pre><code>number_houses_built = 11<\/code><\/pre><pre><code>endif<\/code><\/pre>",
            "outputs": [
                "12e7c16b-e553-47a3-bcca-ec2fa9526767",
                "f657b282-e0d6-48c5-9312-807c5f36f32f"
            ]
        },
        "8883037d-52ce-4b92-9e3e-b30612a86757": {
            "autoHeight": false,
            "title": "<p>More Peasant houses + A worthy outcome<\/p>",
            "theme": "default",
            "components": [],
            "content": "<pre><code>main_questline_progress = 12<\/code><\/pre>",
            "outputs": [
                "b159ef37-5def-4324-a89c-1b711513c349",
                "8038f232-8633-476a-b977-92d837380be1",
                "c1c3f971-4745-4f4c-aad4-26b041a947ae"
            ]
        },
        "bcd3c717-0855-41a5-bd16-e56a3e6e3172": {
            "autoHeight": true,
            "title": "<p>More Peasant houses<\/p>",
            "theme": "default",
            "components": [],
            "content": "<pre><code>main_questline_progress = 15<\/code><\/pre>",
            "outputs": [
                "0cd33bd6-eb5b-4502-952e-602539f1a6d5",
                "11be4030-688e-4e8b-9fc8-aaf581fdb81f"
            ]
        },
        "c8542b9f-28f5-4ce1-9228-a1e130d73838": {
            "autoHeight": true,
            "title": "<p>Finished<\/p>",
            "theme": "default",
            "components": [],
            "content": "<pre><code>main_questline_progress = 16<\/code><\/pre><pre><code>if number_houses_built < 11<\/code><\/pre><pre><code>number_houses_built = 11<\/code><\/pre><pre><code>endif<\/code><\/pre>",
            "outputs": [
                "ef3811a1-513a-42e3-b138-304a5e356ff4"
            ]
        },
        "1fac1dd5-0d03-4443-9ef3-3707bb53a436": {
            "autoHeight": true,
            "title": "<p>A worthy outcome<\/p>",
            "theme": "default",
            "components": [],
            "content": "<pre><code>main_questline_progress = 14<\/code><\/pre>",
            "outputs": [
                "9eaf9b8e-c4c0-4323-beff-72dd87a5c8c1",
                "7acc9ed8-a4c0-4226-aca0-1d185998c0b7"
            ]
        },
        "9bb09176-439e-449b-ab06-39fcbe6f17eb": {
            "autoHeight": true,
            "title": "<p>Profession of Faith<\/p>",
            "theme": "default",
            "components": [],
            "content": "",
            "outputs": [
                "64ab7689-3dce-419f-93fb-2d4f591389e9",
                "053b31cf-6e30-4aac-bd73-5a49d1d68c9d"
            ]
        },
        "342010f1-8b8a-4583-b52e-9ee5db40e726": {
            "autoHeight": true,
            "title": "<p>Profession of Faith Completed<\/p>",
            "theme": "default",
            "components": [],
            "content": "<pre><code>pof_questline_progress = 1<\/code><\/pre><pre><code>has_built_chapel = true<\/code><\/pre><pre><code>number_houses_built = 11<\/code><\/pre>",
            "outputs": [
                "632be5df-03bd-43f8-a821-5880605c3198"
            ]
        },
        "b4994d51-62c0-4024-8b3e-933067b9a80e": {
            "autoHeight": true,
            "title": "<p>The missing cargo not started<\/p>",
            "theme": "default",
            "components": [],
            "content": "",
            "outputs": [
                "c5aeae52-d43f-4348-9299-35f84c2f8ea9",
                "e85f78f2-7d38-4178-808d-34b74733328b"
            ]
        },
        "9cc07d98-22d0-4a56-a591-01593a50a6de": {
            "autoHeight": true,
            "title": "<p>The missing cargo<\/p>",
            "theme": "default",
            "components": [],
            "content": "",
            "outputs": [
                "f28e6956-06f0-4f85-a3a1-6c74076c4c38",
                "1552c8d7-04d9-4ed2-8ce0-48877efd6113"
            ]
        },
        "8034ca89-c344-46e6-b3b9-ebb703561ddb": {
            "autoHeight": true,
            "title": "<p>Averting danger<\/p>",
            "theme": "default",
            "components": [],
            "content": "",
            "outputs": [
                "e9a0d4f9-7500-4f59-937e-f38e20c96e01",
                "5cbce515-0fc9-4470-a166-00e6db7d43b2"
            ]
        },
        "ca5a8f0a-a50a-40a8-b812-738e175e2d54": {
            "autoHeight": true,
            "title": "<p>Averting danger completed<\/p>",
            "theme": "default",
            "components": [],
            "content": "",
            "outputs": [
                "8d1a955c-b24c-47f2-9767-e0b70f96f900"
            ]
        },
        "db728444-d822-4376-9cb3-2c817022e62e": {
            "autoHeight": true,
            "title": "<p>Where is the Master Builder? Not Started<\/p>",
            "theme": "default",
            "components": [],
            "content": "",
            "outputs": [
                "c3a7cd3a-27ec-4982-bd62-30b381fc9351",
                "e188d575-dab6-4f56-ac3c-a9e33451b397"
            ]
        },
        "ef986efa-8198-4c94-aacc-e7b6acf00c43": {
            "autoHeight": true,
            "title": "<p>Where is the Master Builder? <\/p>",
            "theme": "default",
            "components": [],
            "content": "",
            "outputs": [
                "7a191ddd-2291-4263-bbfc-27aafd4b237b",
                "0dd43c1e-7610-49e2-9c73-a17ecac74923"
            ]
        },
        "084d1eab-bd44-4660-8dcf-68d15afee3f2": {
            "autoHeight": true,
            "title": "<p>Where is the Master Builder? Completed<\/p>",
            "theme": "default",
            "components": [],
            "content": "",
            "outputs": [
                "9ded1b1a-4cb7-4c42-8c69-aaafee05246c"
            ]
        },
        "e563d7b2-e56a-4dbf-b0ef-164507463a8e": {
            "autoHeight": true,
            "title": "<p>Continue Playing<\/p>",
            "theme": "default",
            "components": [],
            "content": "",
            "outputs": [
                "c94434c3-5696-434e-b05d-759beb71fcb9"
            ]
        },
        "664bc472-8d6a-47da-9237-896c432a0227": {
            "autoHeight": true,
            "title": "<p>Continue with...<\/p>",
            "theme": "default",
            "components": [],
            "content": "",
            "outputs": [
                "0f5306a1-5ea1-4545-a4db-13f40468983e",
                "b967b0b8-bd34-45b7-8d0f-eb67447556b9"
            ]
        },
        "fcee3a80-b0ac-469d-842d-ba642d7b3b3c": {
            "autoHeight": true,
            "title": "<p>Continue with...<\/p>",
            "theme": "default",
            "components": [],
            "content": "",
            "outputs": [
                "7dcb654a-41f3-4775-9e58-a531c952d65b",
                "c02f5091-806b-460d-b123-f4748f1fce16",
                "53e321b7-9779-488c-99aa-45369c6e4e62"
            ]
        },
        "43a0ad14-6dd3-43de-9aef-ad4f7ecba4c0": {
            "autoHeight": true,
            "title": "<p>Continue with...<\/p>",
            "theme": "default",
            "components": [],
            "content": "",
            "outputs": [
                "a89b89a3-4184-44b1-8901-dac89c300a28",
                "c200c6f6-03c3-4035-a88f-f08cbf35269d",
                "62128394-81d6-4274-a945-8615103e268d",
                "a148748c-5410-4dda-ae5a-62893c0ae15b"
            ]
        },
        "99acc232-4ca8-4ecf-b056-00e6b3b021cb": {
            "autoHeight": true,
            "title": "<p>Continue with Profession of Faith<\/p>",
            "theme": "default",
            "components": [],
            "content": "",
            "outputs": [
                "8bc05c65-45c8-4673-84a2-4b43bc92a6cb"
            ]
        },
        "02115a0c-be3f-4b8c-8229-9131866eb09a": {
            "autoHeight": true,
            "title": "<p>Continue The Missing Cargo Questline Progress<\/p>",
            "theme": "default",
            "components": [],
            "content": "",
            "outputs": [
                "3baeca0f-b1ef-4d8e-b412-cb2540903fc4"
            ]
        },
        "45619da0-f514-4c8d-8587-55ff89e42e9a": {
            "autoHeight": true,
            "title": "<p>Continue Where is the Master Builder? Progress<\/p>",
            "theme": "default",
            "components": [],
            "content": "",
            "outputs": [
                "654b4c89-5050-44b3-8588-9efaeaa79a5c"
            ]
        },
        "41697c03-4bf4-4892-8e84-a10c93fbb838": {
            "autoHeight": true,
            "title": "<p>Finished Mission I<\/p>",
            "theme": "default",
            "components": [],
            "content": "",
            "outputs": []
        }
    },
    "jumpers": {
        "3f87f3aa-5a23-4358-af8f-36e1de7f6cd7": {
            "elementId": "1111609e-868c-4696-8b35-0fecc9ee6721",
            "height": 86,
            "width": 185
        },
        "585d1e04-960a-4577-9242-d6e6287bf24b": {
            "elementId": "6ea2ac74-cc59-4960-a6c8-5c8a8f86dfd8",
            "height": 86,
            "width": 185
        },
        "73cede28-c328-42bd-ba53-b60cb1cacde9": {
            "elementId": "b7c69f78-0f38-4211-afa0-9ba8cd50b838",
            "height": 86,
            "width": 185
        },
        "a4a18319-fd4b-4c44-b2ac-e4b46102fbdc": {
            "elementId": "5ca97e1c-6dc2-4a63-8700-ca58e53264f9",
            "height": 86,
            "width": 185
        },
        "5f1bf0a2-1fbe-43da-9e24-da6bf8890f4f": {
            "elementId": "049dadeb-3ecd-4f84-ae3f-315e0651493b",
            "height": 86,
            "width": 185
        },
        "f7a37531-f4b8-493b-ae29-aa2e766b18ba": {
            "elementId": "e563d7b2-e56a-4dbf-b0ef-164507463a8e",
            "height": 86,
            "width": 185
        },
        "af878073-c607-4f9d-9b36-c56bd31354b8": {
            "elementId": "e563d7b2-e56a-4dbf-b0ef-164507463a8e",
            "height": 86,
            "width": 185
        },
        "89715959-1632-4b6b-a962-b1dca1aad573": {
            "elementId": "e563d7b2-e56a-4dbf-b0ef-164507463a8e",
            "height": 86,
            "width": 185
        },
        "91eaa36f-dbb1-481b-baf0-efed693ad812": {
            "elementId": "45619da0-f514-4c8d-8587-55ff89e42e9a",
            "height": 86,
            "width": 185
        },
        "1bd4b32c-eaff-4697-8d1c-7a8d80622d0a": {
            "elementId": "45619da0-f514-4c8d-8587-55ff89e42e9a",
            "height": 86,
            "width": 185
        },
        "64f67944-17d8-4af8-aa38-48aa3781ae00": {
            "elementId": "99acc232-4ca8-4ecf-b056-00e6b3b021cb",
            "height": 86,
            "width": 185
        },
        "bd10b7f1-1e7a-4494-a1f1-7e7b49b56898": {
            "elementId": "02115a0c-be3f-4b8c-8229-9131866eb09a",
            "height": 86,
            "width": 185
        },
        "916bb3ed-cf6f-4800-bca9-6b3c3a339000": {
            "elementId": "f75a8ff3-3e8f-4514-9a7b-a704a4e94346",
            "height": 86,
            "width": 185
        },
        "21f1ec55-50b4-4367-805d-6c57ff14e3f0": {
            "elementId": "b7c69f78-0f38-4211-afa0-9ba8cd50b838",
            "height": 86,
            "width": 185
        },
        "6310f34b-f246-4196-844c-c655beb61929": {
            "elementId": "b0caa3b8-8a8e-4255-980a-fda86b9970b6",
            "height": 86,
            "width": 185
        },
        "d6ffe239-96ea-4694-beb7-89b085c735ca": {
            "elementId": "79b744f1-9caf-4463-9054-3016a41fcb6d",
            "height": 86,
            "width": 185
        },
        "6329287d-56e0-46b7-9277-387a0c16ff8f": {
            "elementId": "367ccb8e-0d6b-4858-9f05-0f8ce2c8ce64",
            "height": 86,
            "width": 185
        },
        "e0d44cd8-315e-43c4-b606-3b51263f52cf": {
            "elementId": "608fbfc9-5810-46d3-8fd9-69c7cb870f59",
            "height": 86,
            "width": 185
        },
        "33e8d1f7-42db-4eb3-a04e-daea36a66afa": {
            "elementId": "427f6655-76ad-44ed-b593-9305de9b3a97",
            "height": 86,
            "width": 185
        },
        "5bb2047c-f886-4159-8b3b-b415879f2cfc": {
            "elementId": "b01c37e4-d24f-4c94-ad10-f3e0c3287b10",
            "height": 86,
            "width": 185
        },
        "eca09fff-f0b3-4950-8b17-e76bdf765995": {
            "elementId": "5ca97e1c-6dc2-4a63-8700-ca58e53264f9",
            "height": 86,
            "width": 185
        },
        "d8e2159b-acfa-4865-95b2-3ee5d137cccb": {
            "elementId": "d7597f12-68ba-49cd-a4a6-c872830de53a",
            "height": 86,
            "width": 185
        },
        "8ef7662b-5de6-474e-9b8c-6fb79d5cd805": {
            "elementId": "1111609e-868c-4696-8b35-0fecc9ee6721",
            "height": 86,
            "width": 185
        },
        "87574d0a-032a-40a2-893a-f2e398746180": {
            "elementId": "8883037d-52ce-4b92-9e3e-b30612a86757",
            "height": 86,
            "width": 185
        },
        "8bdb6537-4ba5-4994-bf2a-762d744e5296": {
            "elementId": "6ea2ac74-cc59-4960-a6c8-5c8a8f86dfd8",
            "height": 86,
            "width": 185
        },
        "9a0e92fd-29ec-4e28-9fb6-53534d5ffb3b": {
            "elementId": "1fac1dd5-0d03-4443-9ef3-3707bb53a436",
            "height": 86,
            "width": 185
        },
        "4b1df0e7-620c-4024-a2a2-0ff10e298c1a": {
            "elementId": "bcd3c717-0855-41a5-bd16-e56a3e6e3172",
            "height": 86,
            "width": 185
        },
        "706d55b1-a11b-475d-ad95-6a872a44505f": {
            "elementId": "c8542b9f-28f5-4ce1-9228-a1e130d73838",
            "height": 86,
            "width": 185
        },
        "5284003a-60ed-4956-9e9e-71b78b00c566": {
            "elementId": "049dadeb-3ecd-4f84-ae3f-315e0651493b",
            "height": 86,
            "width": 185
        },
        "83aeefe3-ff9d-404c-9b0a-16cce6f8a340": {
            "elementId": "bdb18962-fd16-4818-866e-0b0f9fc18602",
            "height": 86,
            "width": 185
        },
        "7f70d0a5-a5a7-48f6-88a5-1eab0d75862f": {
            "elementId": "521371df-2341-406a-b97b-4ba1ed8e6436",
            "height": 86,
            "width": 185
        },
        "08ed9f2c-0227-4030-ae36-fce9252d1d4d": {
            "elementId": "e563d7b2-e56a-4dbf-b0ef-164507463a8e",
            "height": 86,
            "width": 185
        },
        "bfbd5f74-0184-4d71-8788-c975871fb115": {
            "elementId": "e563d7b2-e56a-4dbf-b0ef-164507463a8e",
            "height": 86,
            "width": 185
        },
        "0d85bea1-f292-4b1f-b44d-b9f5530b76b9": {
            "elementId": "e563d7b2-e56a-4dbf-b0ef-164507463a8e",
            "height": 86,
            "width": 185
        },
        "55c4c13c-463c-4a55-8843-4205ec84dbea": {
            "elementId": "e563d7b2-e56a-4dbf-b0ef-164507463a8e",
            "height": 86,
            "width": 185
        },
        "cf261d7f-5055-4e2c-941f-2f9ec2d75743": {
            "elementId": "e563d7b2-e56a-4dbf-b0ef-164507463a8e",
            "height": 86,
            "width": 185
        }
    },
    "connections": {
        "39dffdc3-1869-4cf5-9634-e00041ec9b79": {
            "targetType": "branches",
            "type": "Bezier",
            "targetid": "eb7e597a-824c-4df0-b286-f36ce7505d74",
            "label": "<p>Player transfers 10t of Fish to their ship<\/p>",
            "sourceid": "bdb18962-fd16-4818-866e-0b0f9fc18602",
            "theme": "default",
            "sourceType": "elements"
        },
        "b566be24-825d-4230-bad8-136f5d9f389e": {
            "targetType": "elements",
            "type": "Bezier",
            "targetid": "bdb18962-fd16-4818-866e-0b0f9fc18602",
            "label": "<p>Player selects their warehouse<\/p>",
            "sourceid": "049dadeb-3ecd-4f84-ae3f-315e0651493b",
            "theme": "default",
            "sourceType": "elements"
        },
        "0140f708-a50e-404e-9a4c-6fe5a0658d9f": {
            "targetType": "jumpers",
            "type": "Bezier",
            "targetid": "3f87f3aa-5a23-4358-af8f-36e1de7f6cd7",
            "label": null,
            "sourceid": "ea0d7981-8489-4eea-978a-97015e5557c3",
            "theme": "default",
            "sourceType": "conditions"
        },
        "62a240e6-5293-40f0-93b2-fca4aefa96c6": {
            "targetType": "jumpers",
            "type": "Bezier",
            "targetid": "585d1e04-960a-4577-9242-d6e6287bf24b",
            "label": null,
            "sourceid": "3f5bf0da-df2d-4551-b1c4-29c5a6a3282e",
            "theme": "default",
            "sourceType": "conditions"
        },
        "cb08aaeb-809d-4532-8cd5-ef3e478c2ef8": {
            "targetType": "branches",
            "type": "Bezier",
            "targetid": "6beb3833-6f1e-4dc3-9158-368e25da3750",
            "label": "<p>The player selects the Lord's flagship <\/p>",
            "sourceid": "f75a8ff3-3e8f-4514-9a7b-a704a4e94346",
            "theme": "default",
            "sourceType": "elements"
        },
        "11e3fbcf-1406-4b75-ba53-e63609e558b8": {
            "targetType": "elements",
            "type": "Bezier",
            "targetid": "521371df-2341-406a-b97b-4ba1ed8e6436",
            "label": null,
            "sourceid": "114fe8bd-c729-48ff-836f-a04f42901918",
            "theme": "default",
            "sourceType": "conditions"
        },
        "2220a7c8-6247-4f2c-bf0c-7071e37ce91f": {
            "targetType": "jumpers",
            "type": "Bezier",
            "targetid": "73cede28-c328-42bd-ba53-b60cb1cacde9",
            "label": null,
            "sourceid": "e50fcd7e-50a2-4b67-81f4-54f808923d6c",
            "theme": "default",
            "sourceType": "conditions"
        },
        "9c5e9fca-6635-4097-a16c-11cdb7654fe3": {
            "targetType": "branches",
            "type": "Bezier",
            "targetid": "b19acfdd-2c4a-4568-aa9b-2719067152b8",
            "label": "<p>The player selects the marketplace<\/p>",
            "sourceid": "b7c69f78-0f38-4211-afa0-9ba8cd50b838",
            "theme": "default",
            "sourceType": "elements"
        },
        "149e2f51-734d-4123-8f01-653a517c1140": {
            "targetType": "elements",
            "type": "Bezier",
            "targetid": "b01c37e4-d24f-4c94-ad10-f3e0c3287b10",
            "label": "<p>The player presents the Lord with 10t of wood<\/p>",
            "sourceid": "427f6655-76ad-44ed-b593-9305de9b3a97",
            "theme": "default",
            "sourceType": "elements"
        },
        "91053951-953b-4871-9307-9793b7cb5d8e": {
            "targetType": "elements",
            "type": "Bezier",
            "targetid": "79b744f1-9caf-4463-9054-3016a41fcb6d",
            "label": null,
            "sourceid": "be9b72f3-db3b-4124-9075-d5dbfffacc48",
            "theme": "default",
            "sourceType": "conditions"
        },
        "fab729e1-4906-48be-8870-83d5acb41ee0": {
            "targetType": "elements",
            "type": "Bezier",
            "targetid": "b0caa3b8-8a8e-4255-980a-fda86b9970b6",
            "label": null,
            "sourceid": "64c07ec1-89bb-40a3-929f-5ca37931101a",
            "theme": "default",
            "sourceType": "conditions"
        },
        "a9974492-b0b0-45a3-ace4-3f6401b90ebf": {
            "sourceType": "elements",
            "label": "<p>The player builds two lumberjack's<\/p>",
            "sourceid": "367ccb8e-0d6b-4858-9f05-0f8ce2c8ce64",
            "targetid": "058c496a-e474-4fd7-b90e-c1a725c800cd",
            "targetFace": "top",
            "targetType": "branches",
            "theme": "default",
            "type": "Bezier"
        },
        "438a15b2-12b7-45eb-a050-e3db90fb1084": {
            "sourceType": "elements",
            "label": "<p>The player selects their warehouse<\/p>",
            "sourceid": "79b744f1-9caf-4463-9054-3016a41fcb6d",
            "targetid": "ae1a9d3c-d1db-4b10-9bce-670edbcaa502",
            "targetFace": "top",
            "targetType": "branches",
            "theme": "default",
            "type": "Bezier"
        },
        "c67a4619-18b9-4065-abba-b8b6c38dbcb7": {
            "targetType": "branches",
            "type": "Bezier",
            "targetid": "058c496a-e474-4fd7-b90e-c1a725c800cd",
            "label": null,
            "sourceid": "5bb9855e-71a9-4304-ab02-9f93c608170d",
            "theme": "default",
            "sourceType": "conditions"
        },
        "15d45044-dbae-432a-8f94-c5fcff786f7f": {
            "targetType": "jumpers",
            "type": "Bezier",
            "targetid": "a4a18319-fd4b-4c44-b2ac-e4b46102fbdc",
            "label": "<p>The player selects the ship<\/p>",
            "sourceid": "b01c37e4-d24f-4c94-ad10-f3e0c3287b10",
            "theme": "default",
            "sourceType": "elements"
        },
        "03fcafde-3278-45c7-b690-1056c5b78afa": {
            "targetType": "elements",
            "type": "Bezier",
            "targetid": "367ccb8e-0d6b-4858-9f05-0f8ce2c8ce64",
            "label": null,
            "sourceid": "f36c8b45-56f4-4a2b-a2d7-bc1358382aa4",
            "theme": "default",
            "sourceType": "conditions"
        },
        "b4250518-66b2-4430-971e-ee6ec35f24d4": {
            "targetType": "elements",
            "type": "Bezier",
            "targetid": "427f6655-76ad-44ed-b593-9305de9b3a97",
            "label": null,
            "sourceid": "5252d6b5-9554-4fbf-9b00-88f7e3ba5455",
            "theme": "default",
            "sourceType": "conditions"
        },
        "2199e011-7aa6-41c5-b672-fb294132451f": {
            "sourceType": "conditions",
            "label": null,
            "sourceid": "6846ff46-e85a-45dc-94f7-5e68ac79bfd3",
            "targetid": "608fbfc9-5810-46d3-8fd9-69c7cb870f59",
            "targetFace": "left",
            "targetType": "elements",
            "theme": "default",
            "type": "Bezier"
        },
        "1bcd7f46-f83b-49e6-8142-5411551eb1f5": {
            "targetType": "elements",
            "type": "Bezier",
            "targetid": "427f6655-76ad-44ed-b593-9305de9b3a97",
            "label": "<p>The player constructs one lumberjack's<\/p>",
            "sourceid": "608fbfc9-5810-46d3-8fd9-69c7cb870f59",
            "theme": "default",
            "sourceType": "elements"
        },
        "e6ff2aae-79d5-4ed1-a3a9-6c873f237097": {
            "sourceType": "elements",
            "label": "<p>The player builds three houses<\/p>",
            "sourceid": "b0caa3b8-8a8e-4255-980a-fda86b9970b6",
            "targetid": "79b744f1-9caf-4463-9054-3016a41fcb6d",
            "sourceFace": "right",
            "targetFace": "top",
            "targetType": "elements",
            "theme": "default",
            "type": "Bezier"
        },
        "7fdeae12-8901-43e8-81b4-1d349a8ac38d": {
            "targetType": "elements",
            "type": "Bezier",
            "targetid": "d7597f12-68ba-49cd-a4a6-c872830de53a",
            "label": "<p>Player collects flotsam with ship<\/p>",
            "sourceid": "5ca97e1c-6dc2-4a63-8700-ca58e53264f9",
            "theme": "default",
            "sourceType": "elements"
        },
        "6f0f40c4-ffdd-4fdc-aadf-1b9a445c9e74": {
            "sourceType": "elements",
            "label": "<p>Player transfers flotsam to warehouse<\/p>",
            "sourceid": "d7597f12-68ba-49cd-a4a6-c872830de53a",
            "targetid": "42bd8d6b-e1cf-4786-b672-c062330cd5f8",
            "targetFace": "top",
            "targetType": "branches",
            "theme": "default",
            "type": "Bezier"
        },
        "10d79f2f-6906-4b5b-847b-eed9973c8c56": {
            "targetType": "branches",
            "type": "Bezier",
            "targetid": "64d39993-88a1-49bb-b7be-e15128ea3cf0",
            "label": null,
            "sourceid": "8dba11cd-e423-433e-b5e7-4b6e63475a8a",
            "theme": "default",
            "sourceType": "conditions"
        },
        "12dc4a4e-5501-4d0a-9cd5-c094f90a17ea": {
            "targetType": "jumpers",
            "type": "Bezier",
            "targetid": "5f1bf0a2-1fbe-43da-9e24-da6bf8890f4f",
            "label": null,
            "sourceid": "0373e7a1-0c5c-4de8-9db7-485f364900bf",
            "theme": "default",
            "sourceType": "conditions"
        },
        "4378fb54-db23-477e-8f10-0fcb3aef65aa": {
            "targetType": "elements",
            "type": "Bezier",
            "targetid": "6ea2ac74-cc59-4960-a6c8-5c8a8f86dfd8",
            "label": null,
            "sourceid": "f7a8f8f6-4bfa-442b-945f-8a7f3aa89151",
            "theme": "default",
            "sourceType": "conditions"
        },
        "c3b08de9-c060-4f2a-82b7-5c9c787a5a52": {
            "targetType": "elements",
            "type": "Bezier",
            "targetid": "1111609e-868c-4696-8b35-0fecc9ee6721",
            "label": null,
            "sourceid": "8ca2be05-0b2e-4155-a68d-1f2ed7d8199a",
            "theme": "default",
            "sourceType": "conditions"
        },
        "3d77a49e-b027-41c5-8821-bde3241382a9": {
            "targetType": "elements",
            "type": "Bezier",
            "targetid": "6ea2ac74-cc59-4960-a6c8-5c8a8f86dfd8",
            "label": "<p>Player builds 8 additional peasant houses<\/p>",
            "sourceid": "1111609e-868c-4696-8b35-0fecc9ee6721",
            "theme": "default",
            "sourceType": "elements"
        },
        "72c984d1-dd65-4402-8568-c1c2177c74a0": {
            "targetType": "elements",
            "type": "Bezier",
            "targetid": "8883037d-52ce-4b92-9e3e-b30612a86757",
            "label": "<p>Player delives 10t of fish<\/p>",
            "sourceid": "1111609e-868c-4696-8b35-0fecc9ee6721",
            "theme": "default",
            "sourceType": "elements"
        },
        "b159ef37-5def-4324-a89c-1b711513c349": {
            "sourceType": "elements",
            "label": "<p>Player delivers masonry to Cathedral city<\/p>",
            "sourceid": "8883037d-52ce-4b92-9e3e-b30612a86757",
            "targetid": "bcd3c717-0855-41a5-bd16-e56a3e6e3172",
            "targetFace": "bottom",
            "targetType": "elements",
            "theme": "default",
            "type": "Bezier"
        },
        "12e7c16b-e553-47a3-bcca-ec2fa9526767": {
            "targetType": "elements",
            "type": "Bezier",
            "targetid": "1fac1dd5-0d03-4443-9ef3-3707bb53a436",
            "label": "<p>Player delivers 10t of fish<\/p>",
            "sourceid": "6ea2ac74-cc59-4960-a6c8-5c8a8f86dfd8",
            "theme": "default",
            "sourceType": "elements"
        },
        "8038f232-8633-476a-b977-92d837380be1": {
            "targetType": "elements",
            "type": "Bezier",
            "targetid": "1fac1dd5-0d03-4443-9ef3-3707bb53a436",
            "label": "<p>Player builds 8 additional houses<\/p>",
            "sourceid": "8883037d-52ce-4b92-9e3e-b30612a86757",
            "theme": "default",
            "sourceType": "elements"
        },
        "9eaf9b8e-c4c0-4323-beff-72dd87a5c8c1": {
            "targetType": "elements",
            "type": "Bezier",
            "targetid": "c8542b9f-28f5-4ce1-9228-a1e130d73838",
            "label": "<p>Player delivers masonry to Cathedral city<\/p>",
            "sourceid": "1fac1dd5-0d03-4443-9ef3-3707bb53a436",
            "theme": "default",
            "sourceType": "elements"
        },
        "0cd33bd6-eb5b-4502-952e-602539f1a6d5": {
            "targetType": "elements",
            "type": "Bezier",
            "targetid": "c8542b9f-28f5-4ce1-9228-a1e130d73838",
            "label": "<p>Player builds 8 additional houses<\/p>",
            "sourceid": "bcd3c717-0855-41a5-bd16-e56a3e6e3172",
            "theme": "default",
            "sourceType": "elements"
        },
        "64ab7689-3dce-419f-93fb-2d4f591389e9": {
            "targetType": "elements",
            "type": "Bezier",
            "targetid": "342010f1-8b8a-4583-b52e-9ee5db40e726",
            "label": "<p>The player places chapel with enough peasant houses in vicinity<\/p>",
            "sourceid": "9bb09176-439e-449b-ab06-39fcbe6f17eb",
            "theme": "default",
            "sourceType": "elements"
        },
        "c5aeae52-d43f-4348-9299-35f84c2f8ea9": {
            "targetType": "elements",
            "type": "Bezier",
            "targetid": "9cc07d98-22d0-4a56-a591-01593a50a6de",
            "label": "<p>The player approaches the coast to the Southwest<\/p>",
            "sourceid": "b4994d51-62c0-4024-8b3e-933067b9a80e",
            "theme": "default",
            "sourceType": "elements"
        },
        "f28e6956-06f0-4f85-a3a1-6c74076c4c38": {
            "targetType": "elements",
            "type": "Bezier",
            "targetid": "8034ca89-c344-46e6-b3b9-ebb703561ddb",
            "label": "<p>The player delivers cargo to the Lord<\/p>",
            "sourceid": "9cc07d98-22d0-4a56-a591-01593a50a6de",
            "theme": "default",
            "sourceType": "elements"
        },
        "e9a0d4f9-7500-4f59-937e-f38e20c96e01": {
            "targetType": "elements",
            "type": "Bezier",
            "targetid": "ca5a8f0a-a50a-40a8-b812-738e175e2d54",
            "label": "<p>The player creates the maps and delivers them to Cathedral city<\/p>",
            "sourceid": "8034ca89-c344-46e6-b3b9-ebb703561ddb",
            "theme": "default",
            "sourceType": "elements"
        },
        "c3a7cd3a-27ec-4982-bd62-30b381fc9351": {
            "targetType": "elements",
            "type": "Bezier",
            "targetid": "ef986efa-8198-4c94-aacc-e7b6acf00c43",
            "label": "<p>Player selects Lord Richard Northburgh's Imperial Cathedral building site<\/p>",
            "sourceid": "db728444-d822-4376-9cb3-2c817022e62e",
            "theme": "default",
            "sourceType": "elements"
        },
        "7a191ddd-2291-4263-bbfc-27aafd4b237b": {
            "sourceType": "elements",
            "label": "<p>Player clicks the master builder<\/p>",
            "sourceid": "ef986efa-8198-4c94-aacc-e7b6acf00c43",
            "targetid": "084d1eab-bd44-4660-8dcf-68d15afee3f2",
            "sourceFace": "bottom",
            "targetType": "elements",
            "theme": "default",
            "type": "Bezier"
        },
        "c94434c3-5696-434e-b05d-759beb71fcb9": {
            "sourceType": "elements",
            "label": null,
            "sourceid": "e563d7b2-e56a-4dbf-b0ef-164507463a8e",
            "targetid": "85049448-c0b2-4cb5-8899-3fb5b1625842",
            "targetFace": "top",
            "targetType": "branches",
            "theme": "default",
            "type": "Bezier"
        },
        "c200c6f6-03c3-4035-a88f-f08cbf35269d": {
            "targetType": "branches",
            "type": "Bezier",
            "targetid": "269abda4-1894-4585-be90-fad830a6d5e4",
            "label": "<p>Continue with Main Quest<\/p>",
            "sourceid": "43a0ad14-6dd3-43de-9aef-ad4f7ecba4c0",
            "theme": "default",
            "sourceType": "elements"
        },
        "8bc05c65-45c8-4673-84a2-4b43bc92a6cb": {
            "targetType": "branches",
            "type": "Bezier",
            "targetid": "23ae8942-74af-4a32-870a-c8a767522d08",
            "label": null,
            "sourceid": "99acc232-4ca8-4ecf-b056-00e6b3b021cb",
            "theme": "default",
            "sourceType": "elements"
        },
        "af960a82-cd3c-44c1-8687-9524c216c100": {
            "targetType": "elements",
            "type": "Bezier",
            "targetid": "342010f1-8b8a-4583-b52e-9ee5db40e726",
            "label": null,
            "sourceid": "acca966f-857a-4e50-b6fb-cdf05a57428e",
            "theme": "default",
            "sourceType": "conditions"
        },
        "56254f1b-a870-4c09-9321-c4450dc1b651": {
            "targetType": "elements",
            "type": "Bezier",
            "targetid": "9bb09176-439e-449b-ab06-39fcbe6f17eb",
            "label": null,
            "sourceid": "57e525b8-299d-4ba1-afae-cfd045ba145a",
            "theme": "default",
            "sourceType": "conditions"
        },
        "632be5df-03bd-43f8-a821-5880605c3198": {
            "targetType": "jumpers",
            "type": "Bezier",
            "targetid": "f7a37531-f4b8-493b-ae29-aa2e766b18ba",
            "label": null,
            "sourceid": "342010f1-8b8a-4583-b52e-9ee5db40e726",
            "theme": "default",
            "sourceType": "elements"
        },
        "053b31cf-6e30-4aac-bd73-5a49d1d68c9d": {
            "targetType": "jumpers",
            "type": "Bezier",
            "targetid": "f7a37531-f4b8-493b-ae29-aa2e766b18ba",
            "label": null,
            "sourceid": "9bb09176-439e-449b-ab06-39fcbe6f17eb",
            "theme": "default",
            "sourceType": "elements"
        },
        "3baeca0f-b1ef-4d8e-b412-cb2540903fc4": {
            "targetType": "branches",
            "type": "Bezier",
            "targetid": "29e2636e-4372-4283-85e8-a3fd08fbdcda",
            "label": null,
            "sourceid": "02115a0c-be3f-4b8c-8229-9131866eb09a",
            "theme": "default",
            "sourceType": "elements"
        },
        "207bed78-e3cd-4b3a-8840-5770bddeefb6": {
            "targetType": "elements",
            "type": "Bezier",
            "targetid": "b4994d51-62c0-4024-8b3e-933067b9a80e",
            "label": null,
            "sourceid": "3e50497a-f228-4331-bbb2-de12cfaaaa6e",
            "theme": "default",
            "sourceType": "conditions"
        },
        "7ceac9ee-caf4-4f89-b2b4-0d488ad1b5b2": {
            "targetType": "elements",
            "type": "Bezier",
            "targetid": "9cc07d98-22d0-4a56-a591-01593a50a6de",
            "label": null,
            "sourceid": "a8c11e2f-0ce2-43c0-955e-7e060001b625",
            "theme": "default",
            "sourceType": "conditions"
        },
        "fe9e182d-fd9c-4ada-a339-92a99eef1274": {
            "targetType": "elements",
            "type": "Bezier",
            "targetid": "8034ca89-c344-46e6-b3b9-ebb703561ddb",
            "label": null,
            "sourceid": "10088f1a-d917-41ef-af6e-0174b880f8e5",
            "theme": "default",
            "sourceType": "conditions"
        },
        "69827206-08f5-45ba-becc-40ef1b259068": {
            "targetType": "elements",
            "type": "Bezier",
            "targetid": "ca5a8f0a-a50a-40a8-b812-738e175e2d54",
            "label": null,
            "sourceid": "d4d6ae36-871c-43fa-91a5-78fea8d27e9f",
            "theme": "default",
            "sourceType": "conditions"
        },
        "8d1a955c-b24c-47f2-9767-e0b70f96f900": {
            "targetType": "jumpers",
            "type": "Bezier",
            "targetid": "af878073-c607-4f9d-9b36-c56bd31354b8",
            "label": "<p>Do something else...<\/p>",
            "sourceid": "ca5a8f0a-a50a-40a8-b812-738e175e2d54",
            "theme": "default",
            "sourceType": "elements"
        },
        "5cbce515-0fc9-4470-a166-00e6db7d43b2": {
            "targetType": "jumpers",
            "type": "Bezier",
            "targetid": "af878073-c607-4f9d-9b36-c56bd31354b8",
            "label": "<p>Do something else...<\/p>",
            "sourceid": "8034ca89-c344-46e6-b3b9-ebb703561ddb",
            "theme": "default",
            "sourceType": "elements"
        },
        "1552c8d7-04d9-4ed2-8ce0-48877efd6113": {
            "targetType": "jumpers",
            "type": "Bezier",
            "targetid": "af878073-c607-4f9d-9b36-c56bd31354b8",
            "label": "<p>Do something else...<\/p>",
            "sourceid": "9cc07d98-22d0-4a56-a591-01593a50a6de",
            "theme": "default",
            "sourceType": "elements"
        },
        "e85f78f2-7d38-4178-808d-34b74733328b": {
            "targetType": "jumpers",
            "type": "Bezier",
            "targetid": "af878073-c607-4f9d-9b36-c56bd31354b8",
            "label": "<p>Do something else...<\/p>",
            "sourceid": "b4994d51-62c0-4024-8b3e-933067b9a80e",
            "theme": "default",
            "sourceType": "elements"
        },
        "654b4c89-5050-44b3-8588-9efaeaa79a5c": {
            "targetType": "branches",
            "type": "Bezier",
            "targetid": "8ae6702a-44fc-4917-90cf-5ffb4d77cd30",
            "label": null,
            "sourceid": "45619da0-f514-4c8d-8587-55ff89e42e9a",
            "theme": "default",
            "sourceType": "elements"
        },
        "34aea63f-38ac-46ef-b59a-554e64432d14": {
            "targetType": "elements",
            "type": "Bezier",
            "targetid": "db728444-d822-4376-9cb3-2c817022e62e",
            "label": null,
            "sourceid": "fd2bab09-3a1e-4e11-805a-f240ee7da22d",
            "theme": "default",
            "sourceType": "conditions"
        },
        "bace739a-4027-4364-92f6-0cf1b17f82c9": {
            "targetType": "elements",
            "type": "Bezier",
            "targetid": "ef986efa-8198-4c94-aacc-e7b6acf00c43",
            "label": null,
            "sourceid": "cc75ba82-4105-4d26-b98e-007b7dd94646",
            "theme": "default",
            "sourceType": "conditions"
        },
        "d58435ba-9020-4487-9834-1fe670f33a92": {
            "targetType": "elements",
            "type": "Bezier",
            "targetid": "084d1eab-bd44-4660-8dcf-68d15afee3f2",
            "label": null,
            "sourceid": "283a7206-136d-44a3-9d4c-e6d52b38f529",
            "theme": "default",
            "sourceType": "conditions"
        },
        "0dd43c1e-7610-49e2-9c73-a17ecac74923": {
            "targetType": "jumpers",
            "type": "Bezier",
            "targetid": "89715959-1632-4b6b-a962-b1dca1aad573",
            "label": "<p>Do something else...<\/p>",
            "sourceid": "ef986efa-8198-4c94-aacc-e7b6acf00c43",
            "theme": "default",
            "sourceType": "elements"
        },
        "e188d575-dab6-4f56-ac3c-a9e33451b397": {
            "targetType": "jumpers",
            "type": "Bezier",
            "targetid": "89715959-1632-4b6b-a962-b1dca1aad573",
            "label": "<p>Do something else...<\/p>",
            "sourceid": "db728444-d822-4376-9cb3-2c817022e62e",
            "theme": "default",
            "sourceType": "elements"
        },
        "9ded1b1a-4cb7-4c42-8c69-aaafee05246c": {
            "targetType": "jumpers",
            "type": "Bezier",
            "targetid": "89715959-1632-4b6b-a962-b1dca1aad573",
            "label": "<p>Do something else...<\/p>",
            "sourceid": "084d1eab-bd44-4660-8dcf-68d15afee3f2",
            "theme": "default",
            "sourceType": "elements"
        },
        "0f5306a1-5ea1-4545-a4db-13f40468983e": {
            "sourceType": "elements",
            "label": "<p>Continue with Where is the Master Builder? Quest Line<\/p>",
            "sourceid": "664bc472-8d6a-47da-9237-896c432a0227",
            "targetid": "91eaa36f-dbb1-481b-baf0-efed693ad812",
            "targetFace": "bottom",
            "targetType": "jumpers",
            "theme": "default",
            "type": "Bezier"
        },
        "a148748c-5410-4dda-ae5a-62893c0ae15b": {
            "sourceType": "elements",
            "label": "<p>Continue with Profession of Faith Quest Line<\/p>",
            "sourceid": "43a0ad14-6dd3-43de-9aef-ad4f7ecba4c0",
            "targetid": "64f67944-17d8-4af8-aa38-48aa3781ae00",
            "targetFace": "bottom",
            "targetType": "jumpers",
            "theme": "default",
            "type": "Bezier"
        },
        "01d5e150-afbb-445c-a855-795752cee43a": {
            "targetType": "elements",
            "type": "Bezier",
            "targetid": "664bc472-8d6a-47da-9237-896c432a0227",
            "label": null,
            "sourceid": "65c6b8dd-3c18-4224-8b79-9a95c6be854f",
            "theme": "default",
            "sourceType": "conditions"
        },
        "53e321b7-9779-488c-99aa-45369c6e4e62": {
            "sourceType": "elements",
            "label": "<p>Continue with Profession of Faith Quest Line<\/p>",
            "sourceid": "fcee3a80-b0ac-469d-842d-ba642d7b3b3c",
            "targetid": "64f67944-17d8-4af8-aa38-48aa3781ae00",
            "targetFace": "top",
            "targetType": "jumpers",
            "theme": "default",
            "type": "Bezier"
        },
        "a89b89a3-4184-44b1-8901-dac89c300a28": {
            "sourceType": "elements",
            "label": "<p>Continue with The Missing Cargo Quest Line<\/p>",
            "sourceid": "43a0ad14-6dd3-43de-9aef-ad4f7ecba4c0",
            "targetid": "bd10b7f1-1e7a-4494-a1f1-7e7b49b56898",
            "targetFace": "top",
            "targetType": "jumpers",
            "theme": "default",
            "type": "Bezier"
        },
        "d6e753b5-509a-429d-9d87-b66a187413e7": {
            "targetType": "elements",
            "type": "Bezier",
            "targetid": "43a0ad14-6dd3-43de-9aef-ad4f7ecba4c0",
            "label": null,
            "sourceid": "5b50d52d-839e-4a44-8738-b785a92813a5",
            "theme": "default",
            "sourceType": "conditions"
        },
        "2c04f8e2-b480-44ea-86e1-13a2a32c4482": {
            "targetType": "elements",
            "type": "Bezier",
            "targetid": "fcee3a80-b0ac-469d-842d-ba642d7b3b3c",
            "label": null,
            "sourceid": "99d4a93a-c66d-474c-82a7-ed8933b90b5a",
            "theme": "default",
            "sourceType": "conditions"
        },
        "65a57ba1-fe61-4df2-89f4-4e7c5c4d5837": {
            "targetType": "elements",
            "type": "Bezier",
            "targetid": "41697c03-4bf4-4892-8e84-a10c93fbb838",
            "label": null,
            "sourceid": "0bac595c-45d0-42dd-9e78-a4dec138838a",
            "theme": "default",
            "sourceType": "conditions"
        },
        "c02f5091-806b-460d-b123-f4748f1fce16": {
            "sourceType": "elements",
            "label": "<p>Continue with Where is the Master Builder? Quest Line<\/p>",
            "sourceid": "fcee3a80-b0ac-469d-842d-ba642d7b3b3c",
            "targetid": "1bd4b32c-eaff-4697-8d1c-7a8d80622d0a",
            "targetFace": "top",
            "targetType": "jumpers",
            "theme": "default",
            "type": "Bezier"
        },
        "7dcb654a-41f3-4775-9e58-a531c952d65b": {
            "targetType": "branches",
            "type": "Bezier",
            "targetid": "269abda4-1894-4585-be90-fad830a6d5e4",
            "label": "<p>Continue with Main Quest<\/p>",
            "sourceid": "fcee3a80-b0ac-469d-842d-ba642d7b3b3c",
            "theme": "default",
            "sourceType": "elements"
        },
        "62128394-81d6-4274-a945-8615103e268d": {
            "sourceType": "elements",
            "label": "<p>Continue with Where is the Master Builder? Quest Line<\/p>",
            "sourceid": "43a0ad14-6dd3-43de-9aef-ad4f7ecba4c0",
            "targetid": "1bd4b32c-eaff-4697-8d1c-7a8d80622d0a",
            "sourceFace": "top",
            "targetFace": "bottom",
            "targetType": "jumpers",
            "theme": "default",
            "type": "Bezier"
        },
        "b967b0b8-bd34-45b7-8d0f-eb67447556b9": {
            "sourceType": "elements",
            "label": "<p>Continue with Main Quest<\/p>",
            "sourceid": "664bc472-8d6a-47da-9237-896c432a0227",
            "targetid": "269abda4-1894-4585-be90-fad830a6d5e4",
            "targetFace": "left",
            "targetType": "branches",
            "theme": "default",
            "type": "Bezier"
        },
        "c0f51c36-c69f-4f06-8185-5a41630aac62": {
            "targetType": "jumpers",
            "type": "Bezier",
            "targetid": "916bb3ed-cf6f-4800-bca9-6b3c3a339000",
            "label": null,
            "sourceid": "421bfc87-b257-4ab5-bb8e-71a83889baed",
            "theme": "default",
            "sourceType": "conditions"
        },
        "29e8dd3d-e854-4e08-9a8e-7539f283df92": {
            "targetType": "jumpers",
            "type": "Bezier",
            "targetid": "83aeefe3-ff9d-404c-9b0a-16cce6f8a340",
            "label": null,
            "sourceid": "8b740e57-3ccb-4170-91e5-0a925de24bce",
            "theme": "default",
            "sourceType": "conditions"
        },
        "5f1979e2-3abd-4f8e-bda3-582ca1eeda7e": {
            "targetType": "jumpers",
            "type": "Bezier",
            "targetid": "5284003a-60ed-4956-9e9e-71b78b00c566",
            "label": null,
            "sourceid": "dbc96e31-9872-4598-8630-d1f2a2fe0d5c",
            "theme": "default",
            "sourceType": "conditions"
        },
        "de152174-69fb-4a0f-b145-14af30faa5a0": {
            "targetType": "jumpers",
            "type": "Bezier",
            "targetid": "706d55b1-a11b-475d-ad95-6a872a44505f",
            "label": null,
            "sourceid": "0a7cba62-0653-4b7b-a6fe-9ae65874119d",
            "theme": "default",
            "sourceType": "conditions"
        },
        "3c3561a3-be1a-46b1-b359-26120a37e67e": {
            "targetType": "jumpers",
            "type": "Bezier",
            "targetid": "4b1df0e7-620c-4024-a2a2-0ff10e298c1a",
            "label": null,
            "sourceid": "72c9f944-5ace-40cd-a752-099a28f01696",
            "theme": "default",
            "sourceType": "conditions"
        },
        "ee3297d3-2248-4f68-87d6-baef66a404c7": {
            "targetType": "jumpers",
            "type": "Bezier",
            "targetid": "9a0e92fd-29ec-4e28-9fb6-53534d5ffb3b",
            "label": null,
            "sourceid": "483338b1-8731-4348-acf9-71cdb05bba14",
            "theme": "default",
            "sourceType": "conditions"
        },
        "c0b08115-8df5-4470-a52a-71cbf5fb4d9d": {
            "targetType": "jumpers",
            "type": "Bezier",
            "targetid": "8bdb6537-4ba5-4994-bf2a-762d744e5296",
            "label": null,
            "sourceid": "3ea76cd0-2906-4b08-9fb5-8c687af81fcc",
            "theme": "default",
            "sourceType": "conditions"
        },
        "c7a5f442-0c30-4783-be11-84a04d48054f": {
            "targetType": "jumpers",
            "type": "Bezier",
            "targetid": "87574d0a-032a-40a2-893a-f2e398746180",
            "label": null,
            "sourceid": "c2c5f174-dd97-4aeb-b530-17519b0edf0b",
            "theme": "default",
            "sourceType": "conditions"
        },
        "a53856c6-471b-4f68-b220-c9915a99f854": {
            "targetType": "jumpers",
            "type": "Bezier",
            "targetid": "8ef7662b-5de6-474e-9b8c-6fb79d5cd805",
            "label": null,
            "sourceid": "d7f320d7-36d2-456c-9a2d-31420afe1276",
            "theme": "default",
            "sourceType": "conditions"
        },
        "0070dd84-2fae-4899-a6b6-fd2067d568e1": {
            "targetType": "jumpers",
            "type": "Bezier",
            "targetid": "d8e2159b-acfa-4865-95b2-3ee5d137cccb",
            "label": null,
            "sourceid": "f2601833-4c96-43be-8ff1-a0cfa2e30990",
            "theme": "default",
            "sourceType": "conditions"
        },
        "f453d66a-e75f-4b17-9108-567cb51a2409": {
            "targetType": "jumpers",
            "type": "Bezier",
            "targetid": "eca09fff-f0b3-4950-8b17-e76bdf765995",
            "label": null,
            "sourceid": "175d7a01-dc53-43d7-8b7b-999b033aee12",
            "theme": "default",
            "sourceType": "conditions"
        },
        "59c41cd2-c536-4dc9-a15f-0c6e8a4a3060": {
            "targetType": "jumpers",
            "type": "Bezier",
            "targetid": "5bb2047c-f886-4159-8b3b-b415879f2cfc",
            "label": null,
            "sourceid": "cae46621-47b1-4ed9-a461-2ccc14d6b5b0",
            "theme": "default",
            "sourceType": "conditions"
        },
        "1e3078d5-5b2f-423a-af00-fc55d36f5442": {
            "targetType": "jumpers",
            "type": "Bezier",
            "targetid": "33e8d1f7-42db-4eb3-a04e-daea36a66afa",
            "label": null,
            "sourceid": "b11c7c03-28d7-4a39-a09a-a28610ac21ec",
            "theme": "default",
            "sourceType": "conditions"
        },
        "501ebe26-1cf9-4f34-9a46-08c64ffc41ae": {
            "targetType": "jumpers",
            "type": "Bezier",
            "targetid": "e0d44cd8-315e-43c4-b606-3b51263f52cf",
            "label": null,
            "sourceid": "479dd68c-9095-4e9e-a7fc-46d17b856880",
            "theme": "default",
            "sourceType": "conditions"
        },
        "d7030cfd-b8c7-415f-afa2-b89e3cb7ad15": {
            "targetType": "jumpers",
            "type": "Bezier",
            "targetid": "6329287d-56e0-46b7-9277-387a0c16ff8f",
            "label": null,
            "sourceid": "7e3f4128-a399-4ddc-9722-e29f8a0f284f",
            "theme": "default",
            "sourceType": "conditions"
        },
        "9ad7c413-9a21-4cd9-888f-0327adccb6b0": {
            "targetType": "jumpers",
            "type": "Bezier",
            "targetid": "d6ffe239-96ea-4694-beb7-89b085c735ca",
            "label": null,
            "sourceid": "b343492e-fd16-4aa4-ad87-45d46a408f16",
            "theme": "default",
            "sourceType": "conditions"
        },
        "a929ca05-7bf5-4bf1-940c-ba2fb106ca16": {
            "targetType": "jumpers",
            "type": "Bezier",
            "targetid": "6310f34b-f246-4196-844c-c655beb61929",
            "label": null,
            "sourceid": "906adc4b-b208-49bf-8679-1ddd598276c0",
            "theme": "default",
            "sourceType": "conditions"
        },
        "d2dbcdb3-c046-4c96-9db9-dfe3aaa0d025": {
            "targetType": "jumpers",
            "type": "Bezier",
            "targetid": "21f1ec55-50b4-4367-805d-6c57ff14e3f0",
            "label": null,
            "sourceid": "9d23dff6-fc00-4e7a-8f61-63dd33a12c0e",
            "theme": "default",
            "sourceType": "conditions"
        },
        "83953cb8-45ef-4b75-8d72-babc7990efb1": {
            "targetType": "jumpers",
            "type": "Bezier",
            "targetid": "7f70d0a5-a5a7-48f6-88a5-1eab0d75862f",
            "label": null,
            "sourceid": "4f88d83d-85ba-40dd-95db-9f9f23707b26",
            "theme": "default",
            "sourceType": "conditions"
        },
        "221cdef5-1971-4b17-9812-f7fadcf14d65": {
            "targetType": "jumpers",
            "type": "Bezier",
            "targetid": "08ed9f2c-0227-4030-ae36-fce9252d1d4d",
            "label": "<p>Do something else...<\/p>",
            "sourceid": "f75a8ff3-3e8f-4514-9a7b-a704a4e94346",
            "theme": "default",
            "sourceType": "elements"
        },
        "b6ec6f8f-7e7a-41c5-a592-6831eb4188da": {
            "sourceType": "elements",
            "label": "<p>Do something else...<\/p>",
            "sourceid": "b0caa3b8-8a8e-4255-980a-fda86b9970b6",
            "targetid": "bfbd5f74-0184-4d71-8788-c975871fb115",
            "targetFace": "bottom",
            "targetType": "jumpers",
            "theme": "default",
            "type": "Bezier"
        },
        "19166be6-3e95-4436-84c1-c67d370c8d83": {
            "sourceType": "elements",
            "label": "<p>Do something else...<\/p>",
            "sourceid": "b7c69f78-0f38-4211-afa0-9ba8cd50b838",
            "targetid": "bfbd5f74-0184-4d71-8788-c975871fb115",
            "sourceFace": "top",
            "targetFace": "left",
            "targetType": "jumpers",
            "theme": "default",
            "type": "Bezier"
        },
        "11ad101d-eda8-4dd2-94b3-cd3d05280fe2": {
            "sourceType": "elements",
            "label": "<p>Do something else...<\/p>",
            "sourceid": "608fbfc9-5810-46d3-8fd9-69c7cb870f59",
            "targetid": "bfbd5f74-0184-4d71-8788-c975871fb115",
            "targetFace": "right",
            "targetType": "jumpers",
            "theme": "default",
            "type": "Bezier"
        },
        "a5eb82d4-979f-446e-8cce-a9fcc11b7dff": {
            "sourceType": "elements",
            "label": "<p>Do something else...<\/p>",
            "sourceid": "367ccb8e-0d6b-4858-9f05-0f8ce2c8ce64",
            "targetid": "bfbd5f74-0184-4d71-8788-c975871fb115",
            "sourceFace": "top",
            "targetFace": "bottom",
            "targetType": "jumpers",
            "theme": "default",
            "type": "Bezier"
        },
        "52e34ddb-6d40-49c1-859e-6c68ef38c38a": {
            "targetType": "jumpers",
            "type": "Bezier",
            "targetid": "0d85bea1-f292-4b1f-b44d-b9f5530b76b9",
            "label": "<p>Do something else...<\/p>",
            "sourceid": "427f6655-76ad-44ed-b593-9305de9b3a97",
            "theme": "default",
            "sourceType": "elements"
        },
        "0ff243e9-0288-450a-bb15-04e9db22cb7d": {
            "targetType": "jumpers",
            "type": "Bezier",
            "targetid": "0d85bea1-f292-4b1f-b44d-b9f5530b76b9",
            "label": "<p>Do something else...<\/p>",
            "sourceid": "b01c37e4-d24f-4c94-ad10-f3e0c3287b10",
            "theme": "default",
            "sourceType": "elements"
        },
        "23f19e97-3109-40f3-bbf2-6c23e13f3c07": {
            "targetType": "jumpers",
            "type": "Bezier",
            "targetid": "55c4c13c-463c-4a55-8843-4205ec84dbea",
            "label": "<p>Do something else...<\/p>",
            "sourceid": "5ca97e1c-6dc2-4a63-8700-ca58e53264f9",
            "theme": "default",
            "sourceType": "elements"
        },
        "77302793-4011-4dfc-aaee-05a627ca328d": {
            "targetType": "jumpers",
            "type": "Bezier",
            "targetid": "55c4c13c-463c-4a55-8843-4205ec84dbea",
            "label": "<p>Do something else...<\/p>",
            "sourceid": "d7597f12-68ba-49cd-a4a6-c872830de53a",
            "theme": "default",
            "sourceType": "elements"
        },
        "d57d1d79-964e-4b44-8d4f-b10648c31a42": {
            "sourceType": "elements",
            "label": "<p>Do something else...<\/p>",
            "sourceid": "1111609e-868c-4696-8b35-0fecc9ee6721",
            "targetid": "55c4c13c-463c-4a55-8843-4205ec84dbea",
            "targetFace": "bottom",
            "targetType": "jumpers",
            "theme": "default",
            "type": "Bezier"
        },
        "c1c3f971-4745-4f4c-aad4-26b041a947ae": {
            "sourceType": "elements",
            "label": "<p>Do something else...<\/p>",
            "sourceid": "8883037d-52ce-4b92-9e3e-b30612a86757",
            "targetid": "55c4c13c-463c-4a55-8843-4205ec84dbea",
            "targetFace": "right",
            "targetType": "jumpers",
            "theme": "default",
            "type": "Bezier"
        },
        "11be4030-688e-4e8b-9fc8-aaf581fdb81f": {
            "targetType": "jumpers",
            "type": "Bezier",
            "targetid": "55c4c13c-463c-4a55-8843-4205ec84dbea",
            "label": "<p>Do something else...<\/p>",
            "sourceid": "bcd3c717-0855-41a5-bd16-e56a3e6e3172",
            "theme": "default",
            "sourceType": "elements"
        },
        "f657b282-e0d6-48c5-9312-807c5f36f32f": {
            "targetType": "jumpers",
            "type": "Bezier",
            "targetid": "cf261d7f-5055-4e2c-941f-2f9ec2d75743",
            "label": "<p>Do something else...<\/p>",
            "sourceid": "6ea2ac74-cc59-4960-a6c8-5c8a8f86dfd8",
            "theme": "default",
            "sourceType": "elements"
        },
        "7acc9ed8-a4c0-4226-aca0-1d185998c0b7": {
            "sourceType": "elements",
            "label": "<p>Do something else...<\/p>",
            "sourceid": "1fac1dd5-0d03-4443-9ef3-3707bb53a436",
            "targetid": "cf261d7f-5055-4e2c-941f-2f9ec2d75743",
            "targetFace": "right",
            "targetType": "jumpers",
            "theme": "default",
            "type": "Bezier"
        },
        "ef3811a1-513a-42e3-b138-304a5e356ff4": {
            "sourceType": "elements",
            "label": "<p>Do something else...<\/p>",
            "sourceid": "c8542b9f-28f5-4ce1-9228-a1e130d73838",
            "targetid": "cf261d7f-5055-4e2c-941f-2f9ec2d75743",
            "sourceFace": "bottom",
            "targetFace": "right",
            "targetType": "jumpers",
            "theme": "default",
            "type": "Bezier"
        }
    },
    "branches": {
        "eb7e597a-824c-4df0-b286-f36ce7505d74": {
            "conditions": {
                "ifCondition": "ea0d7981-8489-4eea-978a-97015e5557c3",
                "elseCondition": "3f5bf0da-df2d-4551-b1c4-29c5a6a3282e"
            },
            "theme": "default"
        },
        "6beb3833-6f1e-4dc3-9158-368e25da3750": {
            "conditions": {
                "ifCondition": "114fe8bd-c729-48ff-836f-a04f42901918",
                "elseCondition": "e50fcd7e-50a2-4b67-81f4-54f808923d6c"
            },
            "theme": "default"
        },
        "b19acfdd-2c4a-4568-aa9b-2719067152b8": {
            "conditions": {
                "ifCondition": "64c07ec1-89bb-40a3-929f-5ca37931101a",
                "elseCondition": "be9b72f3-db3b-4124-9075-d5dbfffacc48"
            },
            "theme": "default"
        },
        "ae1a9d3c-d1db-4b10-9bce-670edbcaa502": {
            "conditions": {
                "ifCondition": "f36c8b45-56f4-4a2b-a2d7-bc1358382aa4",
                "elseCondition": "5bb9855e-71a9-4304-ab02-9f93c608170d"
            },
            "theme": "default"
        },
        "058c496a-e474-4fd7-b90e-c1a725c800cd": {
            "conditions": {
                "ifCondition": "6846ff46-e85a-45dc-94f7-5e68ac79bfd3",
                "elseCondition": "5252d6b5-9554-4fbf-9b00-88f7e3ba5455"
            },
            "theme": "default"
        },
        "42bd8d6b-e1cf-4786-b672-c062330cd5f8": {
            "conditions": {
                "ifCondition": "0373e7a1-0c5c-4de8-9db7-485f364900bf",
                "elseCondition": "8dba11cd-e423-433e-b5e7-4b6e63475a8a"
            },
            "theme": "default"
        },
        "64d39993-88a1-49bb-b7be-e15128ea3cf0": {
            "conditions": {
                "ifCondition": "8ca2be05-0b2e-4155-a68d-1f2ed7d8199a",
                "elseCondition": "f7a8f8f6-4bfa-442b-945f-8a7f3aa89151"
            },
            "theme": "default"
        },
        "85049448-c0b2-4cb5-8899-3fb5b1625842": {
            "conditions": {
                "ifCondition": "65c6b8dd-3c18-4224-8b79-9a95c6be854f",
                "elseCondition": "5b50d52d-839e-4a44-8738-b785a92813a5",
                "elseIfConditions": [
                    "99d4a93a-c66d-474c-82a7-ed8933b90b5a",
                    "0bac595c-45d0-42dd-9e78-a4dec138838a"
                ]
            },
            "theme": "default"
        },
        "23ae8942-74af-4a32-870a-c8a767522d08": {
            "conditions": {
                "ifCondition": "57e525b8-299d-4ba1-afae-cfd045ba145a",
                "elseCondition": "acca966f-857a-4e50-b6fb-cdf05a57428e"
            },
            "theme": "default"
        },
        "29e2636e-4372-4283-85e8-a3fd08fbdcda": {
            "conditions": {
                "ifCondition": "3e50497a-f228-4331-bbb2-de12cfaaaa6e",
                "elseIfConditions": [
                    "a8c11e2f-0ce2-43c0-955e-7e060001b625",
                    "10088f1a-d917-41ef-af6e-0174b880f8e5"
                ],
                "elseCondition": "d4d6ae36-871c-43fa-91a5-78fea8d27e9f"
            },
            "theme": "default"
        },
        "8ae6702a-44fc-4917-90cf-5ffb4d77cd30": {
            "conditions": {
                "ifCondition": "fd2bab09-3a1e-4e11-805a-f240ee7da22d",
                "elseIfConditions": [
                    "cc75ba82-4105-4d26-b98e-007b7dd94646",
                    "283a7206-136d-44a3-9d4c-e6d52b38f529"
                ]
            },
            "theme": "default"
        },
        "269abda4-1894-4585-be90-fad830a6d5e4": {
            "conditions": {
                "ifCondition": "421bfc87-b257-4ab5-bb8e-71a83889baed",
                "elseIfConditions": [
                    "4f88d83d-85ba-40dd-95db-9f9f23707b26",
                    "9d23dff6-fc00-4e7a-8f61-63dd33a12c0e",
                    "906adc4b-b208-49bf-8679-1ddd598276c0",
                    "b343492e-fd16-4aa4-ad87-45d46a408f16",
                    "7e3f4128-a399-4ddc-9722-e29f8a0f284f",
                    "479dd68c-9095-4e9e-a7fc-46d17b856880",
                    "b11c7c03-28d7-4a39-a09a-a28610ac21ec",
                    "cae46621-47b1-4ed9-a461-2ccc14d6b5b0",
                    "175d7a01-dc53-43d7-8b7b-999b033aee12",
                    "f2601833-4c96-43be-8ff1-a0cfa2e30990",
                    "d7f320d7-36d2-456c-9a2d-31420afe1276",
                    "c2c5f174-dd97-4aeb-b530-17519b0edf0b",
                    "3ea76cd0-2906-4b08-9fb5-8c687af81fcc",
                    "483338b1-8731-4348-acf9-71cdb05bba14",
                    "72c9f944-5ace-40cd-a752-099a28f01696",
                    "0a7cba62-0653-4b7b-a6fe-9ae65874119d",
                    "dbc96e31-9872-4598-8630-d1f2a2fe0d5c"
                ],
                "elseCondition": "8b740e57-3ccb-4170-91e5-0a925de24bce"
            },
            "theme": "default"
        }
    },
    "components": {
        "65005bda-15d0-41c5-867f-68c118829f08": {
            "name": "Root",
            "root": true,
            "children": []
        }
    },
    "attributes": {},
    "assets": {
        "647d0495-341f-42b2-8788-b47dace22bf8": {
            "root": true,
            "children": []
        }
    },
    "variables": {
        "747d0495-341f-42b2-8788-b47dace22bf8": {
            "root": true,
            "children": [
                "dbfbaeff-519c-43e4-820d-93de5a3bd628",
                "2efe4cc1-7e21-4ca8-97ab-9a4919243ca2",
                "d45197d4-08c1-4e14-bf01-d4e773774205",
                "5f332cac-2913-4a46-a3b5-d5d0957b2f12",
                "e95b8ee6-e266-4439-8df7-2382d11dc87d",
                "a639abb0-54a9-4903-88ea-656f8a57e4f9",
                "2d91721e-700e-4b0b-941d-af0b14e39c0f",
                "7f4c0181-0596-4745-b023-c442beb62d35",
                "b0eaaf09-7150-42d3-bb63-3b1b40118a76"
            ]
        },
        "dbfbaeff-519c-43e4-820d-93de5a3bd628": {
            "type": "integer",
            "name": "number_houses_built",
            "value": 0
        },
        "2efe4cc1-7e21-4ca8-97ab-9a4919243ca2": {
            "type": "boolean",
            "name": "has_built_chapel",
            "value": false
        },
        "d45197d4-08c1-4e14-bf01-d4e773774205": {
            "type": "integer",
            "name": "number_lumberjacks",
            "value": 0
        },
        "5f332cac-2913-4a46-a3b5-d5d0957b2f12": {
            "type": "integer",
            "name": "number_fishermans",
            "value": 0
        },
        "e95b8ee6-e266-4439-8df7-2382d11dc87d": {
            "type": "integer",
            "name": "player_ship_fish",
            "value": 0
        },
        "a639abb0-54a9-4903-88ea-656f8a57e4f9": {
            "type": "integer",
            "name": "main_questline_progress",
            "value": 0
        },
        "2d91721e-700e-4b0b-941d-af0b14e39c0f": {
            "type": "integer",
            "name": "pof_questline_progress",
            "value": 0
        },
        "7f4c0181-0596-4745-b023-c442beb62d35": {
            "type": "integer",
            "name": "tmc_questline_progress",
            "value": 0
        },
        "b0eaaf09-7150-42d3-bb63-3b1b40118a76": {
            "type": "integer",
            "name": "witmb_questline_progress",
            "value": 0
        }
    },
    "conditions": {
        "ea0d7981-8489-4eea-978a-97015e5557c3": {
            "script": "number_houses_built &lt; 11",
            "output": "0140f708-a50e-404e-9a4c-6fe5a0658d9f"
        },
        "3f5bf0da-df2d-4551-b1c4-29c5a6a3282e": {
            "script": null,
            "output": "62a240e6-5293-40f0-93b2-fca4aefa96c6"
        },
        "114fe8bd-c729-48ff-836f-a04f42901918": {
            "script": "has_built_chapel",
            "output": "11e3fbcf-1406-4b75-ba53-e63609e558b8"
        },
        "e50fcd7e-50a2-4b67-81f4-54f808923d6c": {
            "script": null,
            "output": "2220a7c8-6247-4f2c-bf0c-7071e37ce91f"
        },
        "64c07ec1-89bb-40a3-929f-5ca37931101a": {
            "script": "number_houses_built &lt; 3",
            "output": "fab729e1-4906-48be-8870-83d5acb41ee0"
        },
        "be9b72f3-db3b-4124-9075-d5dbfffacc48": {
            "script": null,
            "output": "91053951-953b-4871-9307-9793b7cb5d8e"
        },
        "f36c8b45-56f4-4a2b-a2d7-bc1358382aa4": {
            "script": "number_lumberjacks &lt; 2",
            "output": "03fcafde-3278-45c7-b690-1056c5b78afa"
        },
        "6846ff46-e85a-45dc-94f7-5e68ac79bfd3": {
            "script": "number_fishermans &lt; 1",
            "output": "2199e011-7aa6-41c5-b672-fb294132451f"
        },
        "5bb9855e-71a9-4304-ab02-9f93c608170d": {
            "script": null,
            "output": "c67a4619-18b9-4065-abba-b8b6c38dbcb7"
        },
        "5252d6b5-9554-4fbf-9b00-88f7e3ba5455": {
            "script": null,
            "output": "b4250518-66b2-4430-971e-ee6ec35f24d4"
        },
        "0373e7a1-0c5c-4de8-9db7-485f364900bf": {
            "script": "player_ship_fish &lt; 10",
            "output": "12dc4a4e-5501-4d0a-9cd5-c094f90a17ea"
        },
        "8dba11cd-e423-433e-b5e7-4b6e63475a8a": {
            "script": null,
            "output": "10d79f2f-6906-4b5b-847b-eed9973c8c56"
        },
        "8ca2be05-0b2e-4155-a68d-1f2ed7d8199a": {
            "script": "number_houses_built &lt; 11",
            "output": "c3b08de9-c060-4f2a-82b7-5c9c787a5a52"
        },
        "f7a8f8f6-4bfa-442b-945f-8a7f3aa89151": {
            "script": null,
            "output": "4378fb54-db23-477e-8f10-0fcb3aef65aa"
        },
        "65c6b8dd-3c18-4224-8b79-9a95c6be854f": {
            "script": "main_questline_progress &lt; 2",
            "output": "01d5e150-afbb-445c-a855-795752cee43a"
        },
        "5b50d52d-839e-4a44-8738-b785a92813a5": {
            "script": null,
            "output": "d6e753b5-509a-429d-9d87-b66a187413e7"
        },
        "99d4a93a-c66d-474c-82a7-ed8933b90b5a": {
            "script": "main_questline_progress &lt; 9",
            "output": "2c04f8e2-b480-44ea-86e1-13a2a32c4482"
        },
        "0bac595c-45d0-42dd-9e78-a4dec138838a": {
            "script": "main_questline_progress == 16 &amp;&amp; pof_questline_progress == 1",
            "output": "65a57ba1-fe61-4df2-89f4-4e7c5c4d5837"
        },
        "57e525b8-299d-4ba1-afae-cfd045ba145a": {
            "script": "pof_questline_progress == 0",
            "output": "56254f1b-a870-4c09-9321-c4450dc1b651"
        },
        "acca966f-857a-4e50-b6fb-cdf05a57428e": {
            "script": null,
            "output": "af960a82-cd3c-44c1-8687-9524c216c100"
        },
        "3e50497a-f228-4331-bbb2-de12cfaaaa6e": {
            "script": "tmc_questline_progress == 0",
            "output": "207bed78-e3cd-4b3a-8840-5770bddeefb6"
        },
        "a8c11e2f-0ce2-43c0-955e-7e060001b625": {
            "script": "tmc_questline_progress == 1",
            "output": "7ceac9ee-caf4-4f89-b2b4-0d488ad1b5b2"
        },
        "10088f1a-d917-41ef-af6e-0174b880f8e5": {
            "script": "tmc_questline_progress == 2",
            "output": "fe9e182d-fd9c-4ada-a339-92a99eef1274"
        },
        "d4d6ae36-871c-43fa-91a5-78fea8d27e9f": {
            "script": null,
            "output": "69827206-08f5-45ba-becc-40ef1b259068"
        },
        "fd2bab09-3a1e-4e11-805a-f240ee7da22d": {
            "script": "witmb_questline_progress == 0",
            "output": "34aea63f-38ac-46ef-b59a-554e64432d14"
        },
        "cc75ba82-4105-4d26-b98e-007b7dd94646": {
            "script": "witmb_questline_progress == 1",
            "output": "bace739a-4027-4364-92f6-0cf1b17f82c9"
        },
        "283a7206-136d-44a3-9d4c-e6d52b38f529": {
            "script": "witmb_questline_progress == 2",
            "output": "d58435ba-9020-4487-9834-1fe670f33a92"
        },
        "421bfc87-b257-4ab5-bb8e-71a83889baed": {
            "script": "main_questline_progress == 0",
            "output": "c0f51c36-c69f-4f06-8185-5a41630aac62"
        },
        "4f88d83d-85ba-40dd-95db-9f9f23707b26": {
            "script": "main_questline_progress == 1",
            "output": "83953cb8-45ef-4b75-8d72-babc7990efb1"
        },
        "9d23dff6-fc00-4e7a-8f61-63dd33a12c0e": {
            "script": "main_questline_progress == 2",
            "output": "d2dbcdb3-c046-4c96-9db9-dfe3aaa0d025"
        },
        "906adc4b-b208-49bf-8679-1ddd598276c0": {
            "script": "main_questline_progress == 3",
            "output": "a929ca05-7bf5-4bf1-940c-ba2fb106ca16"
        },
        "b343492e-fd16-4aa4-ad87-45d46a408f16": {
            "script": "main_questline_progress == 4",
            "output": "9ad7c413-9a21-4cd9-888f-0327adccb6b0"
        },
        "7e3f4128-a399-4ddc-9722-e29f8a0f284f": {
            "script": "main_questline_progress == 5",
            "output": "d7030cfd-b8c7-415f-afa2-b89e3cb7ad15"
        },
        "479dd68c-9095-4e9e-a7fc-46d17b856880": {
            "script": "main_questline_progress == 6",
            "output": "501ebe26-1cf9-4f34-9a46-08c64ffc41ae"
        },
        "b11c7c03-28d7-4a39-a09a-a28610ac21ec": {
            "script": "main_questline_progress == 7",
            "output": "1e3078d5-5b2f-423a-af00-fc55d36f5442"
        },
        "cae46621-47b1-4ed9-a461-2ccc14d6b5b0": {
            "script": "main_questline_progress == 8",
            "output": "59c41cd2-c536-4dc9-a15f-0c6e8a4a3060"
        },
        "175d7a01-dc53-43d7-8b7b-999b033aee12": {
            "script": "main_questline_progress == 9",
            "output": "f453d66a-e75f-4b17-9108-567cb51a2409"
        },
        "f2601833-4c96-43be-8ff1-a0cfa2e30990": {
            "script": "main_questline_progress == 10",
            "output": "0070dd84-2fae-4899-a6b6-fd2067d568e1"
        },
        "d7f320d7-36d2-456c-9a2d-31420afe1276": {
            "script": "main_questline_progress == 11",
            "output": "a53856c6-471b-4f68-b220-c9915a99f854"
        },
        "c2c5f174-dd97-4aeb-b530-17519b0edf0b": {
            "script": "main_questline_progress == 12",
            "output": "c7a5f442-0c30-4783-be11-84a04d48054f"
        },
        "3ea76cd0-2906-4b08-9fb5-8c687af81fcc": {
            "script": "main_questline_progress == 13",
            "output": "c0b08115-8df5-4470-a52a-71cbf5fb4d9d"
        },
        "483338b1-8731-4348-acf9-71cdb05bba14": {
            "script": "main_questline_progress == 14",
            "output": "ee3297d3-2248-4f68-87d6-baef66a404c7"
        },
        "72c9f944-5ace-40cd-a752-099a28f01696": {
            "script": "main_questline_progress == 15",
            "output": "3c3561a3-be1a-46b1-b359-26120a37e67e"
        },
        "0a7cba62-0653-4b7b-a6fe-9ae65874119d": {
            "script": "main_questline_progress == 16",
            "output": "de152174-69fb-4a0f-b145-14af30faa5a0"
        },
        "dbc96e31-9872-4598-8630-d1f2a2fe0d5c": {
            "script": "main_questline_progress == 17",
            "output": "5f1979e2-3abd-4f8e-bda3-582ca1eeda7e"
        },
        "8b740e57-3ccb-4170-91e5-0a925de24bce": {
            "script": null,
            "output": "29e8dd3d-e854-4e08-9a8e-7539f283df92"
        }
    },
    "name": "Anno 1404 Mission 1",
    "cover": null
}