{
    "startingElement": "2e619910-8650-4d75-98c8-f367f77ab121",
    "boards": {
        "2ad15ff6-f2ba-4f1d-9d9d-68938c683d7e": {
            "name": "Root",
            "root": true,
            "children": [
                "5f74b70a-b2b9-4e19-9968-d45086a0ce40"
            ]
        },
        "630fdb8a-48d6-473e-9974-2460f7eb2b41": {
            "name": "Level Progression",
            "notes": [],
            "jumpers": [],
            "branches": [],
            "elements": [
                "6603ab80-f72b-4fb8-9fd5-d2bc8bef0429",
                "877abbc4-9f4b-4aad-9ed5-6fb49b5d556c",
                "f09a37db-7ae5-4f62-a0f0-8386b7894951",
                "121f4960-b114-47de-8c10-81317f6d284b",
                "63b38d52-e202-46de-9788-aecfe783cefd",
                "483f5dae-8374-4ab2-91cc-fe5862a19f57",
                "c5b0fbcb-947c-4b74-bd1c-718f6544163f",
                "4adbf741-ab50-4ff5-bb7f-e10721917ca9",
                "cd5c5c07-a6a0-4ca1-a2a0-bf700c78e7f9",
                "de215539-8297-4aea-8f07-c6ab6297d061"
            ],
            "connections": [
                "b1388471-f182-43a4-ab20-b0637af75b52",
                "51293b4d-accf-4fa1-a9df-cc86a9dfb498",
                "2be590a2-24fa-4056-aa0e-90436548ac19",
                "11de3096-fa54-4634-a13f-d3079812aec4",
                "4a15decf-2651-4765-9a22-24c4fb19a2b1",
                "4dd23185-8dac-4e63-9466-54be2b0fe9bf",
                "12577233-2cd8-4ce1-a0fb-d9a3fd8c599d",
                "872e23b1-c20a-4456-8062-0026afb2901e",
                "1b1d6575-c0be-44b2-a08b-2f60bb01dc7d"
            ]
        },
        "5f74b70a-b2b9-4e19-9968-d45086a0ce40": {
            "name": "Tetris Classic",
            "children": [
                "2be8ce38-fd62-4531-aa0d-3c540c31eaa8",
                "630fdb8a-48d6-473e-9974-2460f7eb2b41",
                "96085205-428e-4cca-b047-44eefcec4252",
                "48ab9669-0d55-450f-bbf7-8140681f14a3",
                "fdfddda7-4304-4313-9c46-9ef9a9b3f117",
                "f122d01a-46a3-41d9-9428-cb74f75b3f45"
            ]
        },
        "2be8ce38-fd62-4531-aa0d-3c540c31eaa8": {
            "name": "Tetris Classic Gameplay",
            "notes": [],
            "elements": [
                "2e619910-8650-4d75-98c8-f367f77ab121",
                "dc924a1e-b8b1-4532-b4b8-8c79849f0329",
                "2700d498-4eb0-45fd-bccd-6027346faf7c",
                "9c68582c-2962-4a5e-b4f9-b0814d2eca59",
                "f616f9db-fa61-4c57-92b6-b26038a26780",
                "35a1118b-86b4-4685-9572-c0554af3ca05",
                "46c29dc7-9b27-48e1-adf2-825b24a3af7a",
                "89a7312e-13ac-41e5-8941-1353361f0534",
                "22f1c047-b316-429a-9332-b6495db33eeb"
            ],
            "connections": [
                "b7c31ade-fde2-4681-8c6d-42483ee806a3",
                "8e6140a4-4d20-42d7-bb02-302dbd5cf6f3",
                "587056eb-f7f6-428f-b20f-d648a12c7d29",
                "fc6bf2dd-2433-40e2-8fda-06c49a52750a",
                "b7916c84-10f0-4fb3-9fb6-fe01d2199713",
                "ccf25c4c-dafd-4a83-8c5d-8ecb7b44e9b2",
                "874127b9-313e-46e3-804d-a3be7fb5ed33",
                "0b34022d-efa0-489a-8f53-971df6a0a589",
                "dbf2ed38-3920-4d58-97e8-65987ce9da92",
                "bc0c85f8-d800-4525-9aab-f308ffbefe81",
                "f933166c-ca08-413e-8072-5f4964dc007c",
                "417c0ff7-c7b9-43af-9b76-7310c1fd9de1",
                "9c6dec19-5d0f-486d-8673-feb0c53b679b"
            ],
            "branches": [],
            "jumpers": [
                "f00466c4-a69d-4e8f-8aee-26b9321415ce"
            ]
        },
        "fdfddda7-4304-4313-9c46-9ef9a9b3f117": {
            "name": "Next Piece",
            "notes": [],
            "elements": [
                "5ca5a40f-eb23-4add-bef5-c4f8720b3dff",
                "1a3ac02f-6f4b-4e43-a97c-cfcf1b219d71",
                "85c1252a-b4ef-4bb0-ba65-862ad2944c70",
                "e6083182-c12e-402f-b2be-0f8dfd4e7ba6",
                "0cd0796c-a2c5-48e5-88ce-df2bb4181334",
                "614797b3-fd38-402d-8b1f-e9947dd77a1d",
                "c8f1d793-22ac-406b-b3fe-5bbccf79fcd0"
            ],
            "connections": [
                "4f118f90-0db0-40ec-b046-ca8c7bd97948",
                "2c9030d5-dd27-444f-909e-1bd2c009a2b3",
                "6d6ae4a5-8212-4f47-b0d4-cfbd5903f3cf",
                "3333e72b-9c46-4531-a1d6-c84a3bdd3dd2",
                "d0f7509a-6eb7-4f57-a13f-87e0a4d8cc97",
                "6bce48d7-b482-4327-9385-b2c0c7b5563e",
                "6c0377ad-f909-4658-ae12-f0b2f5b1a038",
                "8e5864a5-d90e-4916-9e9b-aac53e488ed2",
                "518dddcd-de26-4f3f-a913-b595b5180868",
                "ab1022f5-92b1-4097-8788-e63cb48c6484",
                "a2e5cea4-eb75-4429-a9db-348e25379ae1",
                "a5be900a-3447-466a-9e7b-4573d87adb73",
                "d79539f9-5caf-4fd4-aeab-c7bc9d471b9d",
                "33c413aa-6af1-434b-91ea-df8bb1590c3c",
                "b4d41db1-98f7-40e1-9d60-7fa7322e59b3",
                "06d06133-1482-4661-881b-494f6e254cf3",
                "72f10765-2459-406a-945e-e3cdb70f78ac",
                "9fb0e5a9-8ead-483e-93c3-4a97f222963e",
                "05ff2b95-81c3-46a3-8b76-10e8d76c71d4",
                "7c3ce935-fa2f-45d3-af33-cc8a8adff578",
                "411a71fc-decb-4aa0-bf7f-0fb9e772bff1",
                "5922504a-488b-47f6-ba11-a419cbe45197",
                "24450044-6a00-4f9c-a5e3-b4c9a613fcfa",
                "7477026a-cd71-4d93-9fe1-2b12a43e812c",
                "97e697f4-0777-4c04-abea-1bc25c0926d2",
                "42d051ab-82b8-4929-ad28-b0d9cc4ff094",
                "be74ce97-2ddf-4aac-b167-3ab21c03d839",
                "9f67f0b4-12d7-4e0a-ba3b-7650617fa277",
                "d7f1cdeb-28cb-4419-8ca5-002da317c8e0",
                "ee6e477e-8069-4329-967b-894cea9e8110",
                "c85c3ffd-e6e7-4db9-88e5-c0ceb4f54199",
                "e231dcc4-267d-497b-a02a-4579ed796a8a",
                "de516c6f-c7a4-4ce4-94e6-20dd70756988",
                "19b21c6f-2b47-424f-8be1-9aa8743ec825",
                "f77f58a2-9b58-48f1-990d-d21e85bffc93",
                "95f28f2e-6910-4420-b8c3-39e979a23d0f",
                "52765bae-86e6-4206-94d8-3d3fde0854f4",
                "adf0993f-13bc-4612-987c-6de5cbbfb9d8",
                "6aebae8c-d9c1-4339-9ea4-02177f897798",
                "7b7c5b18-edd7-4ab6-b891-22155e78c5e7",
                "f79158b6-5e7e-4cc6-aecf-3b32ba1b3c2b",
                "9d42402d-6361-482e-9387-63b33afb330a"
            ],
            "branches": [],
            "jumpers": [
                "81fb28af-c717-4fd9-8b8d-bb8cf43b2a28",
                "fbd13cb6-c709-4b56-9ab4-feeaab16dd95",
                "53b756b7-35f4-41d3-89e9-c979d4156480",
                "4d15fa2f-e010-4e13-8eaa-01fe145fc85f",
                "5e1d2cc0-be5c-44ff-8f25-b1f55a889b7e",
                "485991e6-3ec3-4148-a5af-b922e5f09dde",
                "c9ece9b7-0898-4db1-b984-bde133eddc84",
                "b1f37766-cb2e-48f2-8639-4fb8b4ca9336",
                "82717d17-fc41-4c1c-9226-9f10111eda51",
                "4864727c-6d35-4f4d-9299-0ba50020232d",
                "aca7239e-9ac3-4f1e-b5d7-870a6e539d21",
                "afaa3a36-d845-4f49-9267-52c8975d8ec9",
                "adfb60cb-10d8-4899-a379-ddac7505a3e9",
                "eed1ecc0-d6ef-4b5f-8af8-8932f282baf6",
                "a42574df-6b59-4ad6-8244-5dfc48b09a11",
                "77184a18-913d-443b-afc7-7936cd9bb58e",
                "8969e854-0936-446c-ae3d-b47c1186d809",
                "3b69dcfe-4595-4f87-93a6-4d9b3633d44c",
                "09e11be2-fa97-40e5-a626-e71fe5b1e349",
                "7861c166-7803-476e-bad0-2650d833b6a1",
                "6b4a4143-2b27-4981-b1a8-3e9b0080b075",
                "e6ce78aa-a629-4417-99d9-776ed59448f5"
            ]
        },
        "48ab9669-0d55-450f-bbf7-8140681f14a3": {
            "connections": [
                "04ede7b0-5b28-4642-a2f0-da5f4781882b",
                "4ddfdde6-2680-4bd9-a712-a1d492fefd8a",
                "30e2433e-927f-405f-a30b-9676ee335d02",
                "960f9bbd-3980-4de3-aefb-729b147455d5",
                "ea541b79-0a3d-4a85-85d7-2ec9261e5b6d",
                "36aab7c1-f79e-4a36-9dfc-b7a387875fb5",
                "bcf08320-2cd7-4652-bd58-16a2b838bc9a",
                "1cea2ce3-a09f-4e37-a9b6-97448b9f4e2a",
                "cec52d0a-3d20-45af-8131-e9c3ff3d270d",
                "b1b2e0e5-6d37-4e70-b504-17db6d67a53b",
                "44d7780b-ff66-4a2e-9707-c8d76558f18b",
                "4578638c-1bde-4eca-ad82-2b69fb735087",
                "7724b708-10ad-4c95-8b8b-74f58b889953",
                "702195da-dbb4-4e71-9481-00f456df7928",
                "0b339c13-f53a-4124-b647-32fffd8d22f2",
                "48e117f6-5556-4088-93ba-b57c575d969b",
                "e7e54000-3152-4804-86c8-762f87703696",
                "e9f2cd1d-8f67-4891-8a5b-9201b05de1e7",
                "933f106c-9692-4fa8-b6de-ee14be5cffd1",
                "649ee29a-ab25-42f8-9677-ec76c5abf16c",
                "c5093648-aa2a-47f3-8c41-2e6e3f745e29",
                "f4db7591-f4a7-4f3c-81fc-cba9bf643d4c",
                "8eba3c2f-361c-4bb9-8a36-9b1395930c75",
                "17645dc6-11a9-4e9f-9458-0230c66f8794",
                "6e969efe-852a-4f58-8d65-4ba6f1d19476",
                "57e30f2b-38d3-4b19-ad7a-82a9d48c92e7",
                "c873e2d4-ecd0-4e92-9561-37a09f3eabf6",
                "27cb7232-de98-4d1c-87aa-5da873f2fdf8",
                "9cf8cb15-cdca-4722-bc55-056e2137206d",
                "a38dd8cf-8414-4b54-8fc3-42b3b51bade6",
                "36dc00db-6763-4961-a438-a919821de7ce",
                "38b33295-eded-4d0e-84d8-6686a86213a6",
                "d8d55777-1986-42ad-ace5-acc5b66c414a",
                "0393ff50-7ef9-45db-b1f7-7007617cd1d2",
                "6855a42a-c6c8-4be7-9657-b414c9d16a60",
                "d6e2e0fc-71c4-47d3-8f69-b14e6b0b0dba",
                "edc2cb5c-ea12-4568-a5f9-d2f5182ceb91",
                "23b7618b-7509-460f-bdfb-50e63d240475",
                "78afda24-3de4-45c1-a908-c9c2b9ca3e05",
                "fe119b3f-4244-4395-bee9-cfaf2cef03ab",
                "2ca5dd7d-4a89-4161-9642-64fbaaad30a9",
                "aeff9825-2424-46df-b876-9089a432db75"
            ],
            "notes": [],
            "name": "Current Piece",
            "elements": [
                "f2af1e9f-7594-4eeb-ba7f-77b376ab97c2",
                "caf2ba4b-3429-407e-b4eb-4c83e98176a0",
                "32d6679b-9440-411b-aecc-95fb18030b23",
                "f2806aaf-57c0-4ea5-a09c-fb416c2031d6",
                "35c52c1c-c3d3-4b8b-93e5-188faeb68b01",
                "146b4e27-f9e7-4c77-b7fc-920cd2c15513",
                "2eee618c-7316-4719-a728-15b7d1829b9d"
            ],
            "branches": [],
            "jumpers": [
                "e993195d-f0c8-49df-ae19-2a855b7aa414",
                "f8b94665-824a-4ad3-93fb-7fa85ad36e0b",
                "df559990-e39d-4e46-b75a-6341214c99fc",
                "07a47449-89d6-4274-8310-d1bba28d1c13",
                "8c69805a-8f1f-42da-bf7b-2a3bbb547fb4",
                "a38b0f9d-865d-46b2-9b6a-98e17e3abfc3",
                "4f6146d1-5c0e-42bb-b455-753f84f45ff0",
                "d24df32a-e76f-406e-9551-530923e12576",
                "8020a8e7-50d9-4cf8-91b5-79f4ace4832c",
                "8a6c9587-8f27-47fb-a905-87e7ebac232f",
                "5397a0ab-efa6-451d-b0d4-5197c479bf3a",
                "cfdb6cb0-a1ab-4ffb-b41e-74d573966c6c",
                "471feafd-abea-4254-a830-7aa451a10f98",
                "78b66a40-b53c-4aa1-9e25-ca7a9b60c068",
                "58880069-004c-4ab3-a98e-cc1bb21fed6b",
                "1226cfb5-9c5c-46ee-9164-d35db12b2ca1",
                "2f123d91-2299-47b7-88b3-f64dffa312ed",
                "28de135b-902c-4a26-9935-ea8342f4ed6f",
                "d777210e-cae1-4088-94c9-4ac0924eed9b",
                "faf0f69d-9441-480f-bc3a-7ad6c66237a1",
                "4e2de152-948c-4c12-8c27-94027233f530",
                "4d05e610-d258-4766-b9a0-c95e02957006"
            ]
        },
        "96085205-428e-4cca-b047-44eefcec4252": {
            "name": "Board Fill Level",
            "notes": [],
            "elements": [
                "cb39c7cd-0977-40d7-8f88-c0acbf54bc0c",
                "1f30989b-7b16-4ddb-ae0f-a0185e32b826",
                "967dab8e-9a92-40d3-b316-37db483959c7",
                "c0c6c619-8fd3-44b9-812d-b61402e73e4d",
                "14d8a49c-704b-49f6-83d0-c4bee74c5e67",
                "891917e5-198f-435a-914a-f8f229b8ee12",
                "895ed327-2ef0-4d7e-9b3c-ec6b39e16187",
                "5869611b-6a20-4a26-a6cd-935909d39438",
                "434d03ab-9d3d-441f-8767-fa63d810891d",
                "6d440d4b-6881-4fe3-8adf-a114bb2fc26e"
            ],
            "connections": [
                "10cbacc4-4d9b-4c10-842b-3a6274600d9f",
                "a3225556-e904-4ba5-9467-db168a37c729",
                "2e4ee601-6284-4fb1-9e47-6894a1427581",
                "6f6cabae-ee2f-4e13-b53c-5b952e0df88c",
                "7dc716a4-db8a-4e4a-80b3-2e5528ccb548",
                "dfa64026-5e7b-401a-aefb-0e38ab195d86",
                "ff3b7271-b9d3-47b9-b5f6-e488771ca4b7",
                "c9a783d8-4ef2-49de-b310-fb90748df005",
                "e6e2bb76-00ef-4d4d-8bef-b1021c2dfc19",
                "55a52d45-f23a-410e-8120-7142eb793df9",
                "ff0542a0-7739-4cbc-8040-8c91e2f21fef",
                "e5bbfc96-f986-4e22-bf64-d033edf36e0e",
                "ea3af25d-3e38-4ac3-872c-f00774425a16",
                "0220284e-b2c0-45cf-9f79-7209dd2c0548",
                "99f6a6ac-7efc-42e2-a170-156b332ae782",
                "4774ccda-6091-40b4-b361-1419b24af02e",
                "8d1e29f2-60de-4aec-9581-551cd84b7602",
                "1170cc26-d266-4522-bab7-b8ecad4487b4",
                "d49ed857-fce3-4201-b8da-5d3bf19b9e0a",
                "e19ccd2a-5b5d-4675-9869-ffe74fc6cfb8",
                "dfc6e18f-b4a2-473e-9776-3b9990725b58",
                "23af3c18-a9a2-40b6-83c3-d6a8080672e0",
                "f978a80c-4fd0-4bbf-af68-df58207f455b",
                "20016732-b2eb-4bcb-862a-4029dff3cf7d"
            ],
            "branches": [],
            "jumpers": []
        },
        "f122d01a-46a3-41d9-9428-cb74f75b3f45": {
            "name": "Topped Out",
            "notes": [],
            "elements": [
                "7196b2c6-5ae4-4e31-afe0-d38a237ad288",
                "37159772-3f9f-4b93-986c-5186c185c65c"
            ],
            "connections": [
                "bbd2e9b7-4d9c-4863-ad70-1fabf854b31d"
            ],
            "branches": [],
            "jumpers": []
        }
    },
    "notes": {},
    "elements": {
        "14d8a49c-704b-49f6-83d0-c4bee74c5e67": {
            "outputs": [
                "c9a783d8-4ef2-49de-b310-fb90748df005",
                "ff0542a0-7739-4cbc-8040-8c91e2f21fef",
                "e19ccd2a-5b5d-4675-9869-ffe74fc6cfb8"
            ],
            "title": "<p>Board Fill Level 40-49%<\/p>",
            "content": "<pre><code>fill_state = 45<\/code><\/pre>",
            "components": [],
            "theme": "default",
            "autoHeight": true
        },
        "6603ab80-f72b-4fb8-9fd5-d2bc8bef0429": {
            "autoHeight": true,
            "title": "<p>Level 1<\/p>",
            "theme": "default",
            "components": [],
            "content": "<pre><code>current_level = 1<\/code><\/pre>",
            "outputs": [
                "b1388471-f182-43a4-ab20-b0637af75b52"
            ]
        },
        "877abbc4-9f4b-4aad-9ed5-6fb49b5d556c": {
            "autoHeight": true,
            "title": "<p>Level 2<\/p>",
            "theme": "default",
            "components": [],
            "content": "<pre><code>current_level = 2<\/code><\/pre>",
            "outputs": [
                "51293b4d-accf-4fa1-a9df-cc86a9dfb498"
            ]
        },
        "f09a37db-7ae5-4f62-a0f0-8386b7894951": {
            "autoHeight": true,
            "title": "<p>Level 3<\/p>",
            "theme": "default",
            "components": [],
            "content": "<pre><code>current_level = 3<\/code><\/pre>",
            "outputs": [
                "2be590a2-24fa-4056-aa0e-90436548ac19"
            ]
        },
        "121f4960-b114-47de-8c10-81317f6d284b": {
            "autoHeight": true,
            "title": "<p>Level 4<\/p>",
            "theme": "default",
            "components": [],
            "content": "<pre><code>current_level = 4<\/code><\/pre>",
            "outputs": [
                "11de3096-fa54-4634-a13f-d3079812aec4"
            ]
        },
        "63b38d52-e202-46de-9788-aecfe783cefd": {
            "autoHeight": true,
            "title": "<p>Level 5<\/p>",
            "theme": "default",
            "components": [],
            "content": "<pre><code>current_level = 5<\/code><\/pre>",
            "outputs": [
                "4a15decf-2651-4765-9a22-24c4fb19a2b1"
            ]
        },
        "483f5dae-8374-4ab2-91cc-fe5862a19f57": {
            "autoHeight": true,
            "title": "<p>Level 6<\/p>",
            "theme": "default",
            "components": [],
            "content": "<pre><code>current_level = 6<\/code><\/pre>",
            "outputs": [
                "4dd23185-8dac-4e63-9466-54be2b0fe9bf"
            ]
        },
        "c5b0fbcb-947c-4b74-bd1c-718f6544163f": {
            "autoHeight": true,
            "title": "<p>Level 7<\/p>",
            "theme": "default",
            "components": [],
            "content": "<pre><code>current_level = 7<\/code><\/pre>",
            "outputs": [
                "12577233-2cd8-4ce1-a0fb-d9a3fd8c599d"
            ]
        },
        "4adbf741-ab50-4ff5-bb7f-e10721917ca9": {
            "autoHeight": true,
            "title": "<p>Level 8<\/p>",
            "theme": "default",
            "components": [],
            "content": "<pre><code>current_level = 8<\/code><\/pre>",
            "outputs": [
                "872e23b1-c20a-4456-8062-0026afb2901e"
            ]
        },
        "cd5c5c07-a6a0-4ca1-a2a0-bf700c78e7f9": {
            "autoHeight": true,
            "title": "<p>Level 9<\/p>",
            "theme": "default",
            "components": [],
            "content": "<pre><code>current_level = 9<\/code><\/pre>",
            "outputs": [
                "1b1d6575-c0be-44b2-a08b-2f60bb01dc7d"
            ]
        },
        "de215539-8297-4aea-8f07-c6ab6297d061": {
            "autoHeight": true,
            "title": "<p>Level 10<\/p>",
            "theme": "default",
            "components": [],
            "content": "<pre><code>current_level = 10<\/code><\/pre>",
            "outputs": []
        },
        "5ca5a40f-eb23-4add-bef5-c4f8720b3dff": {
            "autoHeight": true,
            "title": "<p>Next Piece: 1<\/p>",
            "theme": "default",
            "components": [],
            "content": "<pre><code>current_piece = 1<\/code><\/pre>",
            "outputs": [
                "4f118f90-0db0-40ec-b046-ca8c7bd97948",
                "2c9030d5-dd27-444f-909e-1bd2c009a2b3",
                "6d6ae4a5-8212-4f47-b0d4-cfbd5903f3cf",
                "3333e72b-9c46-4531-a1d6-c84a3bdd3dd2",
                "518dddcd-de26-4f3f-a913-b595b5180868",
                "7c3ce935-fa2f-45d3-af33-cc8a8adff578"
            ]
        },
        "9c68582c-2962-4a5e-b4f9-b0814d2eca59": {
            "autoHeight": true,
            "title": "<p>Finish Row<\/p>",
            "theme": "default",
            "components": [],
            "content": "",
            "outputs": [
                "ccf25c4c-dafd-4a83-8c5d-8ecb7b44e9b2",
                "874127b9-313e-46e3-804d-a3be7fb5ed33",
                "0b34022d-efa0-489a-8f53-971df6a0a589"
            ]
        },
        "f616f9db-fa61-4c57-92b6-b26038a26780": {
            "autoHeight": true,
            "title": "<p>No Fill Level Increase<\/p>",
            "theme": "default",
            "components": [],
            "content": "",
            "outputs": [
                "dbf2ed38-3920-4d58-97e8-65987ce9da92"
            ]
        },
        "c0c6c619-8fd3-44b9-812d-b61402e73e4d": {
            "outputs": [
                "55a52d45-f23a-410e-8120-7142eb793df9",
                "ea3af25d-3e38-4ac3-872c-f00774425a16",
                "d49ed857-fce3-4201-b8da-5d3bf19b9e0a"
            ],
            "title": "<p>Board Fill Level 30-39%<\/p>",
            "content": "<pre><code>fill_state = 35<\/code><\/pre>",
            "components": [],
            "theme": "default",
            "autoHeight": true
        },
        "2700d498-4eb0-45fd-bccd-6027346faf7c": {
            "autoHeight": true,
            "title": "<p>No Row Finished<\/p>",
            "theme": "default",
            "components": [],
            "content": "",
            "outputs": [
                "fc6bf2dd-2433-40e2-8fda-06c49a52750a",
                "b7916c84-10f0-4fb3-9fb6-fe01d2199713"
            ]
        },
        "22f1c047-b316-429a-9332-b6495db33eeb": {
            "autoHeight": true,
            "title": "<p>Two Fill Level Decrease<\/p>",
            "theme": "default",
            "components": [],
            "content": "",
            "outputs": [
                "9c6dec19-5d0f-486d-8673-feb0c53b679b"
            ]
        },
        "37159772-3f9f-4b93-986c-5186c185c65c": {
            "autoHeight": true,
            "title": "<p>Topped Out<\/p>",
            "theme": "default",
            "components": [],
            "content": "<pre><code>topped_out = true<\/code><\/pre>",
            "outputs": []
        },
        "7196b2c6-5ae4-4e31-afe0-d38a237ad288": {
            "autoHeight": true,
            "title": "<p>Not Topped Out<\/p>",
            "theme": "default",
            "components": [],
            "content": "<pre><code>topped_out = false<\/code><\/pre>",
            "outputs": [
                "bbd2e9b7-4d9c-4863-ad70-1fabf854b31d"
            ]
        },
        "1a3ac02f-6f4b-4e43-a97c-cfcf1b219d71": {
            "autoHeight": true,
            "title": "<p>Next Piece: 2<\/p>",
            "theme": "default",
            "components": [],
            "content": "<pre><code>next_piece = 2<\/code><\/pre>",
            "outputs": [
                "d0f7509a-6eb7-4f57-a13f-87e0a4d8cc97",
                "6bce48d7-b482-4327-9385-b2c0c7b5563e",
                "6c0377ad-f909-4658-ae12-f0b2f5b1a038",
                "8e5864a5-d90e-4916-9e9b-aac53e488ed2",
                "9fb0e5a9-8ead-483e-93c3-4a97f222963e",
                "7477026a-cd71-4d93-9fe1-2b12a43e812c"
            ]
        },
        "85c1252a-b4ef-4bb0-ba65-862ad2944c70": {
            "autoHeight": true,
            "title": "<p>Next Piece: 3<\/p>",
            "theme": "default",
            "components": [],
            "content": "<pre><code>current_piece = 1<\/code><\/pre>",
            "outputs": [
                "ab1022f5-92b1-4097-8788-e63cb48c6484",
                "a2e5cea4-eb75-4429-a9db-348e25379ae1",
                "a5be900a-3447-466a-9e7b-4573d87adb73",
                "d79539f9-5caf-4fd4-aeab-c7bc9d471b9d",
                "33c413aa-6af1-434b-91ea-df8bb1590c3c",
                "411a71fc-decb-4aa0-bf7f-0fb9e772bff1"
            ]
        },
        "e6083182-c12e-402f-b2be-0f8dfd4e7ba6": {
            "autoHeight": true,
            "title": "<p>Next Piece: 4<\/p>",
            "theme": "default",
            "components": [],
            "content": "<pre><code>current_piece = 1<\/code><\/pre>",
            "outputs": [
                "b4d41db1-98f7-40e1-9d60-7fa7322e59b3",
                "06d06133-1482-4661-881b-494f6e254cf3",
                "72f10765-2459-406a-945e-e3cdb70f78ac",
                "05ff2b95-81c3-46a3-8b76-10e8d76c71d4",
                "5922504a-488b-47f6-ba11-a419cbe45197",
                "adf0993f-13bc-4612-987c-6de5cbbfb9d8"
            ]
        },
        "0cd0796c-a2c5-48e5-88ce-df2bb4181334": {
            "autoHeight": true,
            "title": "<p>Next Piece: 5<\/p>",
            "theme": "default",
            "components": [],
            "content": "<pre><code>current_piece = 1<\/code><\/pre>",
            "outputs": [
                "24450044-6a00-4f9c-a5e3-b4c9a613fcfa",
                "42d051ab-82b8-4929-ad28-b0d9cc4ff094",
                "be74ce97-2ddf-4aac-b167-3ab21c03d839",
                "9f67f0b4-12d7-4e0a-ba3b-7650617fa277",
                "d7f1cdeb-28cb-4419-8ca5-002da317c8e0",
                "52765bae-86e6-4206-94d8-3d3fde0854f4"
            ]
        },
        "614797b3-fd38-402d-8b1f-e9947dd77a1d": {
            "autoHeight": true,
            "title": "<p>Next Piece: 6<\/p>",
            "theme": "default",
            "components": [],
            "content": "<pre><code>current_piece = 1<\/code><\/pre>",
            "outputs": [
                "97e697f4-0777-4c04-abea-1bc25c0926d2",
                "95f28f2e-6910-4420-b8c3-39e979a23d0f",
                "6aebae8c-d9c1-4339-9ea4-02177f897798",
                "7b7c5b18-edd7-4ab6-b891-22155e78c5e7",
                "f79158b6-5e7e-4cc6-aecf-3b32ba1b3c2b",
                "9d42402d-6361-482e-9387-63b33afb330a"
            ]
        },
        "c8f1d793-22ac-406b-b3fe-5bbccf79fcd0": {
            "autoHeight": true,
            "title": "<p>Next Piece: 7<\/p>",
            "theme": "default",
            "components": [],
            "content": "<pre><code>current_piece = 1<\/code><\/pre>",
            "outputs": [
                "ee6e477e-8069-4329-967b-894cea9e8110",
                "c85c3ffd-e6e7-4db9-88e5-c0ceb4f54199",
                "e231dcc4-267d-497b-a02a-4579ed796a8a",
                "de516c6f-c7a4-4ce4-94e6-20dd70756988",
                "19b21c6f-2b47-424f-8be1-9aa8743ec825",
                "f77f58a2-9b58-48f1-990d-d21e85bffc93"
            ]
        },
        "891917e5-198f-435a-914a-f8f229b8ee12": {
            "outputs": [
                "dfa64026-5e7b-401a-aefb-0e38ab195d86",
                "e6e2bb76-00ef-4d4d-8bef-b1021c2dfc19",
                "dfc6e18f-b4a2-473e-9776-3b9990725b58"
            ],
            "title": "<p>Board Fill Level 50-59%<\/p>",
            "content": "<pre><code>fill_state = 55<\/code><\/pre>",
            "components": [],
            "theme": "default",
            "autoHeight": true
        },
        "2eee618c-7316-4719-a728-15b7d1829b9d": {
            "outputs": [
                "a38dd8cf-8414-4b54-8fc3-42b3b51bade6",
                "36dc00db-6763-4961-a438-a919821de7ce",
                "38b33295-eded-4d0e-84d8-6686a86213a6",
                "d8d55777-1986-42ad-ace5-acc5b66c414a",
                "0393ff50-7ef9-45db-b1f7-7007617cd1d2",
                "6855a42a-c6c8-4be7-9657-b414c9d16a60"
            ],
            "title": "<p>Next Piece: 7<\/p>",
            "content": "<pre><code>current_piece = 1<\/code><\/pre>",
            "components": [],
            "theme": "default",
            "autoHeight": true
        },
        "146b4e27-f9e7-4c77-b7fc-920cd2c15513": {
            "outputs": [
                "6e969efe-852a-4f58-8d65-4ba6f1d19476",
                "d6e2e0fc-71c4-47d3-8f69-b14e6b0b0dba",
                "78afda24-3de4-45c1-a908-c9c2b9ca3e05",
                "fe119b3f-4244-4395-bee9-cfaf2cef03ab",
                "2ca5dd7d-4a89-4161-9642-64fbaaad30a9",
                "aeff9825-2424-46df-b876-9089a432db75"
            ],
            "title": "<p>Next Piece: 6<\/p>",
            "content": "<pre><code>current_piece = 1<\/code><\/pre>",
            "components": [],
            "theme": "default",
            "autoHeight": true
        },
        "35c52c1c-c3d3-4b8b-93e5-188faeb68b01": {
            "outputs": [
                "8eba3c2f-361c-4bb9-8a36-9b1395930c75",
                "57e30f2b-38d3-4b19-ad7a-82a9d48c92e7",
                "c873e2d4-ecd0-4e92-9561-37a09f3eabf6",
                "27cb7232-de98-4d1c-87aa-5da873f2fdf8",
                "9cf8cb15-cdca-4722-bc55-056e2137206d",
                "edc2cb5c-ea12-4568-a5f9-d2f5182ceb91"
            ],
            "title": "<p>Next Piece: 5<\/p>",
            "content": "<pre><code>current_piece = 1<\/code><\/pre>",
            "components": [],
            "theme": "default",
            "autoHeight": true
        },
        "f2806aaf-57c0-4ea5-a09c-fb416c2031d6": {
            "outputs": [
                "0b339c13-f53a-4124-b647-32fffd8d22f2",
                "48e117f6-5556-4088-93ba-b57c575d969b",
                "e7e54000-3152-4804-86c8-762f87703696",
                "933f106c-9692-4fa8-b6de-ee14be5cffd1",
                "f4db7591-f4a7-4f3c-81fc-cba9bf643d4c",
                "23b7618b-7509-460f-bdfb-50e63d240475"
            ],
            "title": "<p>Next Piece: 4<\/p>",
            "content": "<pre><code>current_piece = 1<\/code><\/pre>",
            "components": [],
            "theme": "default",
            "autoHeight": true
        },
        "32d6679b-9440-411b-aecc-95fb18030b23": {
            "outputs": [
                "b1b2e0e5-6d37-4e70-b504-17db6d67a53b",
                "44d7780b-ff66-4a2e-9707-c8d76558f18b",
                "4578638c-1bde-4eca-ad82-2b69fb735087",
                "7724b708-10ad-4c95-8b8b-74f58b889953",
                "702195da-dbb4-4e71-9481-00f456df7928",
                "c5093648-aa2a-47f3-8c41-2e6e3f745e29"
            ],
            "title": "<p>Next Piece: 3<\/p>",
            "content": "<pre><code>current_piece = 1<\/code><\/pre>",
            "components": [],
            "theme": "default",
            "autoHeight": true
        },
        "caf2ba4b-3429-407e-b4eb-4c83e98176a0": {
            "outputs": [
                "ea541b79-0a3d-4a85-85d7-2ec9261e5b6d",
                "36aab7c1-f79e-4a36-9dfc-b7a387875fb5",
                "bcf08320-2cd7-4652-bd58-16a2b838bc9a",
                "1cea2ce3-a09f-4e37-a9b6-97448b9f4e2a",
                "e9f2cd1d-8f67-4891-8a5b-9201b05de1e7",
                "17645dc6-11a9-4e9f-9458-0230c66f8794"
            ],
            "title": "<p>Next Piece: 2<\/p>",
            "content": "<pre><code>next_piece = 2<\/code><\/pre>",
            "components": [],
            "theme": "default",
            "autoHeight": true
        },
        "f2af1e9f-7594-4eeb-ba7f-77b376ab97c2": {
            "outputs": [
                "04ede7b0-5b28-4642-a2f0-da5f4781882b",
                "4ddfdde6-2680-4bd9-a712-a1d492fefd8a",
                "30e2433e-927f-405f-a30b-9676ee335d02",
                "960f9bbd-3980-4de3-aefb-729b147455d5",
                "cec52d0a-3d20-45af-8131-e9c3ff3d270d",
                "649ee29a-ab25-42f8-9677-ec76c5abf16c"
            ],
            "title": "<p>Next Piece: 1<\/p>",
            "content": "<pre><code>current_piece = 1<\/code><\/pre>",
            "components": [],
            "theme": "default",
            "autoHeight": true
        },
        "89a7312e-13ac-41e5-8941-1353361f0534": {
            "autoHeight": true,
            "title": "<p>One Fill Level Decrease<\/p>",
            "theme": "default",
            "components": [],
            "content": "",
            "outputs": [
                "417c0ff7-c7b9-43af-9b76-7310c1fd9de1"
            ]
        },
        "46c29dc7-9b27-48e1-adf2-825b24a3af7a": {
            "autoHeight": true,
            "title": "<p>No Fill Level Decrease<\/p>",
            "theme": "default",
            "components": [],
            "content": "",
            "outputs": [
                "f933166c-ca08-413e-8072-5f4964dc007c"
            ]
        },
        "35a1118b-86b4-4685-9572-c0554af3ca05": {
            "autoHeight": true,
            "title": "<p>Increase Fill Level<\/p>",
            "theme": "default",
            "components": [],
            "content": "",
            "outputs": [
                "bc0c85f8-d800-4525-9aab-f308ffbefe81"
            ]
        },
        "2e619910-8650-4d75-98c8-f367f77ab121": {
            "autoHeight": true,
            "title": "<p>Place Tetronomino<\/p>",
            "theme": "default",
            "components": [],
            "content": "",
            "outputs": [
                "b7c31ade-fde2-4681-8c6d-42483ee806a3",
                "8e6140a4-4d20-42d7-bb02-302dbd5cf6f3",
                "587056eb-f7f6-428f-b20f-d648a12c7d29"
            ]
        },
        "dc924a1e-b8b1-4532-b4b8-8c79849f0329": {
            "autoHeight": true,
            "title": "<p>Top Out<\/p>",
            "theme": "default",
            "components": [],
            "content": "<p><\/p>",
            "outputs": []
        },
        "967dab8e-9a92-40d3-b316-37db483959c7": {
            "outputs": [
                "e5bbfc96-f986-4e22-bf64-d033edf36e0e",
                "99f6a6ac-7efc-42e2-a170-156b332ae782",
                "1170cc26-d266-4522-bab7-b8ecad4487b4"
            ],
            "title": "<p>Board Fill Level 20-29%<\/p>",
            "content": "<pre><code>fill_state = 25<\/code><\/pre>",
            "components": [],
            "theme": "default",
            "autoHeight": true
        },
        "1f30989b-7b16-4ddb-ae0f-a0185e32b826": {
            "outputs": [
                "0220284e-b2c0-45cf-9f79-7209dd2c0548",
                "8d1e29f2-60de-4aec-9581-551cd84b7602"
            ],
            "title": "<p>Board Fill Level 10-19%<\/p>",
            "content": "<pre><code>fill_state = 15<\/code><\/pre>",
            "components": [],
            "theme": "default",
            "autoHeight": true
        },
        "cb39c7cd-0977-40d7-8f88-c0acbf54bc0c": {
            "outputs": [
                "4774ccda-6091-40b4-b361-1419b24af02e"
            ],
            "title": "<p>Board Fill Level 0-9%<\/p>",
            "content": "<pre><code>fill_state = 5<\/code><\/pre>",
            "components": [],
            "theme": "default",
            "autoHeight": true
        },
        "6d440d4b-6881-4fe3-8adf-a114bb2fc26e": {
            "outputs": [],
            "title": "<p>Board Fill Level 90-100%<\/p>",
            "content": "<pre><code>fill_state = 95<\/code><\/pre>",
            "components": [],
            "theme": "default",
            "autoHeight": true
        },
        "434d03ab-9d3d-441f-8767-fa63d810891d": {
            "outputs": [
                "10cbacc4-4d9b-4c10-842b-3a6274600d9f",
                "2e4ee601-6284-4fb1-9e47-6894a1427581",
                "20016732-b2eb-4bcb-862a-4029dff3cf7d"
            ],
            "title": "<p>Board Fill Level 80-89%<\/p>",
            "content": "<pre><code>fill_state = 85<\/code><\/pre>",
            "components": [],
            "theme": "default",
            "autoHeight": true
        },
        "5869611b-6a20-4a26-a6cd-935909d39438": {
            "outputs": [
                "a3225556-e904-4ba5-9467-db168a37c729",
                "7dc716a4-db8a-4e4a-80b3-2e5528ccb548",
                "f978a80c-4fd0-4bbf-af68-df58207f455b"
            ],
            "title": "<p>Board Fill Level 70-79%<\/p>",
            "content": "<pre><code>fill_state = 75<\/code><\/pre>",
            "components": [],
            "theme": "default",
            "autoHeight": true
        },
        "895ed327-2ef0-4d7e-9b3c-ec6b39e16187": {
            "outputs": [
                "6f6cabae-ee2f-4e13-b53c-5b952e0df88c",
                "ff3b7271-b9d3-47b9-b5f6-e488771ca4b7",
                "23af3c18-a9a2-40b6-83c3-d6a8080672e0"
            ],
            "title": "<p>Board Fill Level 60-69%<\/p>",
            "content": "<pre><code>fill_state = 65<\/code><\/pre>",
            "components": [],
            "theme": "default",
            "autoHeight": false
        }
    },
    "jumpers": {
        "58880069-004c-4ab3-a98e-cc1bb21fed6b": {
            "elementId": "f2af1e9f-7594-4eeb-ba7f-77b376ab97c2",
            "height": 86,
            "width": 185
        },
        "4e2de152-948c-4c12-8c27-94027233f530": {
            "elementId": "f2af1e9f-7594-4eeb-ba7f-77b376ab97c2",
            "height": 86,
            "width": 185
        },
        "4d05e610-d258-4766-b9a0-c95e02957006": {
            "elementId": "32d6679b-9440-411b-aecc-95fb18030b23",
            "height": 86,
            "width": 185
        },
        "faf0f69d-9441-480f-bc3a-7ad6c66237a1": {
            "elementId": "2eee618c-7316-4719-a728-15b7d1829b9d",
            "height": 86,
            "width": 185
        },
        "d777210e-cae1-4088-94c9-4ac0924eed9b": {
            "elementId": "35c52c1c-c3d3-4b8b-93e5-188faeb68b01",
            "height": 86,
            "width": 185
        },
        "28de135b-902c-4a26-9935-ea8342f4ed6f": {
            "elementId": "32d6679b-9440-411b-aecc-95fb18030b23",
            "height": 86,
            "width": 185
        },
        "e6ce78aa-a629-4417-99d9-776ed59448f5": {
            "elementId": "85c1252a-b4ef-4bb0-ba65-862ad2944c70",
            "height": 86,
            "width": 185
        },
        "1226cfb5-9c5c-46ee-9164-d35db12b2ca1": {
            "elementId": "caf2ba4b-3429-407e-b4eb-4c83e98176a0",
            "height": 86,
            "width": 185
        },
        "2f123d91-2299-47b7-88b3-f64dffa312ed": {
            "elementId": "f2806aaf-57c0-4ea5-a09c-fb416c2031d6",
            "height": 86,
            "width": 185
        },
        "81fb28af-c717-4fd9-8b8d-bb8cf43b2a28": {
            "elementId": "5ca5a40f-eb23-4add-bef5-c4f8720b3dff",
            "height": 86,
            "width": 185
        },
        "fbd13cb6-c709-4b56-9ab4-feeaab16dd95": {
            "elementId": "1a3ac02f-6f4b-4e43-a97c-cfcf1b219d71",
            "height": 86,
            "width": 185
        },
        "485991e6-3ec3-4148-a5af-b922e5f09dde": {
            "elementId": "0cd0796c-a2c5-48e5-88ce-df2bb4181334",
            "height": 86,
            "width": 185
        },
        "53b756b7-35f4-41d3-89e9-c979d4156480": {
            "elementId": "e6083182-c12e-402f-b2be-0f8dfd4e7ba6",
            "height": 86,
            "width": 185
        },
        "4d15fa2f-e010-4e13-8eaa-01fe145fc85f": {
            "elementId": "85c1252a-b4ef-4bb0-ba65-862ad2944c70",
            "height": 86,
            "width": 185
        },
        "5e1d2cc0-be5c-44ff-8f25-b1f55a889b7e": {
            "elementId": "614797b3-fd38-402d-8b1f-e9947dd77a1d",
            "height": 86,
            "width": 185
        },
        "c9ece9b7-0898-4db1-b984-bde133eddc84": {
            "elementId": "c8f1d793-22ac-406b-b3fe-5bbccf79fcd0",
            "height": 86,
            "width": 185
        },
        "b1f37766-cb2e-48f2-8639-4fb8b4ca9336": {
            "elementId": "5ca5a40f-eb23-4add-bef5-c4f8720b3dff",
            "height": 86,
            "width": 185
        },
        "82717d17-fc41-4c1c-9226-9f10111eda51": {
            "elementId": "1a3ac02f-6f4b-4e43-a97c-cfcf1b219d71",
            "height": 86,
            "width": 185
        },
        "4864727c-6d35-4f4d-9299-0ba50020232d": {
            "elementId": "e6083182-c12e-402f-b2be-0f8dfd4e7ba6",
            "height": 86,
            "width": 185
        },
        "aca7239e-9ac3-4f1e-b5d7-870a6e539d21": {
            "elementId": "85c1252a-b4ef-4bb0-ba65-862ad2944c70",
            "height": 86,
            "width": 185
        },
        "afaa3a36-d845-4f49-9267-52c8975d8ec9": {
            "elementId": "614797b3-fd38-402d-8b1f-e9947dd77a1d",
            "height": 86,
            "width": 185
        },
        "adfb60cb-10d8-4899-a379-ddac7505a3e9": {
            "elementId": "0cd0796c-a2c5-48e5-88ce-df2bb4181334",
            "height": 86,
            "width": 185
        },
        "eed1ecc0-d6ef-4b5f-8af8-8932f282baf6": {
            "elementId": "c8f1d793-22ac-406b-b3fe-5bbccf79fcd0",
            "height": 86,
            "width": 185
        },
        "a42574df-6b59-4ad6-8244-5dfc48b09a11": {
            "elementId": "5ca5a40f-eb23-4add-bef5-c4f8720b3dff",
            "height": 86,
            "width": 185
        },
        "77184a18-913d-443b-afc7-7936cd9bb58e": {
            "elementId": "1a3ac02f-6f4b-4e43-a97c-cfcf1b219d71",
            "height": 86,
            "width": 185
        },
        "8969e854-0936-446c-ae3d-b47c1186d809": {
            "elementId": "e6083182-c12e-402f-b2be-0f8dfd4e7ba6",
            "height": 86,
            "width": 185
        },
        "3b69dcfe-4595-4f87-93a6-4d9b3633d44c": {
            "elementId": "85c1252a-b4ef-4bb0-ba65-862ad2944c70",
            "height": 86,
            "width": 185
        },
        "7861c166-7803-476e-bad0-2650d833b6a1": {
            "elementId": "c8f1d793-22ac-406b-b3fe-5bbccf79fcd0",
            "height": 86,
            "width": 185
        },
        "09e11be2-fa97-40e5-a626-e71fe5b1e349": {
            "elementId": "0cd0796c-a2c5-48e5-88ce-df2bb4181334",
            "height": 86,
            "width": 185
        },
        "6b4a4143-2b27-4981-b1a8-3e9b0080b075": {
            "elementId": "5ca5a40f-eb23-4add-bef5-c4f8720b3dff",
            "height": 86,
            "width": 185
        },
        "e993195d-f0c8-49df-ae19-2a855b7aa414": {
            "elementId": "f2af1e9f-7594-4eeb-ba7f-77b376ab97c2",
            "height": 86,
            "width": 185
        },
        "f8b94665-824a-4ad3-93fb-7fa85ad36e0b": {
            "elementId": "caf2ba4b-3429-407e-b4eb-4c83e98176a0",
            "height": 86,
            "width": 185
        },
        "df559990-e39d-4e46-b75a-6341214c99fc": {
            "elementId": "f2806aaf-57c0-4ea5-a09c-fb416c2031d6",
            "height": 86,
            "width": 185
        },
        "07a47449-89d6-4274-8310-d1bba28d1c13": {
            "elementId": "32d6679b-9440-411b-aecc-95fb18030b23",
            "height": 86,
            "width": 185
        },
        "8c69805a-8f1f-42da-bf7b-2a3bbb547fb4": {
            "elementId": "146b4e27-f9e7-4c77-b7fc-920cd2c15513",
            "height": 86,
            "width": 185
        },
        "a38b0f9d-865d-46b2-9b6a-98e17e3abfc3": {
            "elementId": "35c52c1c-c3d3-4b8b-93e5-188faeb68b01",
            "height": 86,
            "width": 185
        },
        "4f6146d1-5c0e-42bb-b455-753f84f45ff0": {
            "elementId": "2eee618c-7316-4719-a728-15b7d1829b9d",
            "height": 86,
            "width": 185
        },
        "d24df32a-e76f-406e-9551-530923e12576": {
            "elementId": "f2af1e9f-7594-4eeb-ba7f-77b376ab97c2",
            "height": 86,
            "width": 185
        },
        "8020a8e7-50d9-4cf8-91b5-79f4ace4832c": {
            "elementId": "caf2ba4b-3429-407e-b4eb-4c83e98176a0",
            "height": 86,
            "width": 185
        },
        "8a6c9587-8f27-47fb-a905-87e7ebac232f": {
            "elementId": "f2806aaf-57c0-4ea5-a09c-fb416c2031d6",
            "height": 86,
            "width": 185
        },
        "5397a0ab-efa6-451d-b0d4-5197c479bf3a": {
            "elementId": "32d6679b-9440-411b-aecc-95fb18030b23",
            "height": 86,
            "width": 185
        },
        "cfdb6cb0-a1ab-4ffb-b41e-74d573966c6c": {
            "elementId": "146b4e27-f9e7-4c77-b7fc-920cd2c15513",
            "height": 86,
            "width": 185
        },
        "471feafd-abea-4254-a830-7aa451a10f98": {
            "elementId": "35c52c1c-c3d3-4b8b-93e5-188faeb68b01",
            "height": 86,
            "width": 185
        },
        "78b66a40-b53c-4aa1-9e25-ca7a9b60c068": {
            "elementId": "2eee618c-7316-4719-a728-15b7d1829b9d",
            "height": 86,
            "width": 185
        },
        "f00466c4-a69d-4e8f-8aee-26b9321415ce": {
            "elementId": "2e619910-8650-4d75-98c8-f367f77ab121",
            "height": 86,
            "width": 185
        }
    },
    "connections": {
        "20016732-b2eb-4bcb-862a-4029dff3cf7d": {
            "sourceType": "elements",
            "label": null,
            "sourceid": "434d03ab-9d3d-441f-8767-fa63d810891d",
            "targetid": "895ed327-2ef0-4d7e-9b3c-ec6b39e16187",
            "sourceFace": "right",
            "targetFace": "right",
            "targetType": "elements",
            "theme": "default",
            "type": "Bezier"
        },
        "dfa64026-5e7b-401a-aefb-0e38ab195d86": {
            "sourceType": "elements",
            "label": null,
            "sourceid": "891917e5-198f-435a-914a-f8f229b8ee12",
            "targetid": "895ed327-2ef0-4d7e-9b3c-ec6b39e16187",
            "targetFace": "top",
            "targetType": "elements",
            "theme": "default",
            "type": "Bezier"
        },
        "7dc716a4-db8a-4e4a-80b3-2e5528ccb548": {
            "sourceType": "elements",
            "label": null,
            "sourceid": "5869611b-6a20-4a26-a6cd-935909d39438",
            "targetid": "895ed327-2ef0-4d7e-9b3c-ec6b39e16187",
            "targetFace": "bottom",
            "targetType": "elements",
            "theme": "default",
            "type": "Bezier"
        },
        "6f6cabae-ee2f-4e13-b53c-5b952e0df88c": {
            "sourceType": "elements",
            "label": null,
            "sourceid": "895ed327-2ef0-4d7e-9b3c-ec6b39e16187",
            "targetid": "5869611b-6a20-4a26-a6cd-935909d39438",
            "targetFace": "top",
            "targetType": "elements",
            "theme": "default",
            "type": "Bezier"
        },
        "1b1d6575-c0be-44b2-a08b-2f60bb01dc7d": {
            "targetType": "elements",
            "type": "Bezier",
            "targetid": "de215539-8297-4aea-8f07-c6ab6297d061",
            "label": null,
            "sourceid": "cd5c5c07-a6a0-4ca1-a2a0-bf700c78e7f9",
            "theme": "default",
            "sourceType": "elements"
        },
        "872e23b1-c20a-4456-8062-0026afb2901e": {
            "targetType": "elements",
            "type": "Bezier",
            "targetid": "cd5c5c07-a6a0-4ca1-a2a0-bf700c78e7f9",
            "label": null,
            "sourceid": "4adbf741-ab50-4ff5-bb7f-e10721917ca9",
            "theme": "default",
            "sourceType": "elements"
        },
        "11de3096-fa54-4634-a13f-d3079812aec4": {
            "targetType": "elements",
            "type": "Bezier",
            "targetid": "63b38d52-e202-46de-9788-aecfe783cefd",
            "label": null,
            "sourceid": "121f4960-b114-47de-8c10-81317f6d284b",
            "theme": "default",
            "sourceType": "elements"
        },
        "2be590a2-24fa-4056-aa0e-90436548ac19": {
            "targetType": "elements",
            "type": "Bezier",
            "targetid": "121f4960-b114-47de-8c10-81317f6d284b",
            "label": null,
            "sourceid": "f09a37db-7ae5-4f62-a0f0-8386b7894951",
            "theme": "default",
            "sourceType": "elements"
        },
        "c9a783d8-4ef2-49de-b310-fb90748df005": {
            "targetType": "elements",
            "type": "Bezier",
            "targetid": "891917e5-198f-435a-914a-f8f229b8ee12",
            "label": null,
            "sourceid": "14d8a49c-704b-49f6-83d0-c4bee74c5e67",
            "theme": "default",
            "sourceType": "elements"
        },
        "fc6bf2dd-2433-40e2-8fda-06c49a52750a": {
            "targetType": "elements",
            "type": "Bezier",
            "targetid": "35a1118b-86b4-4685-9572-c0554af3ca05",
            "label": "<p>Fill level increases<\/p>",
            "sourceid": "2700d498-4eb0-45fd-bccd-6027346faf7c",
            "theme": "default",
            "sourceType": "elements"
        },
        "933f106c-9692-4fa8-b6de-ee14be5cffd1": {
            "sourceType": "elements",
            "targetid": "caf2ba4b-3429-407e-b4eb-4c83e98176a0",
            "sourceid": "f2806aaf-57c0-4ea5-a09c-fb416c2031d6",
            "label": null,
            "targetType": "elements",
            "theme": "default",
            "type": "Bezier"
        },
        "b1b2e0e5-6d37-4e70-b504-17db6d67a53b": {
            "sourceType": "elements",
            "label": null,
            "sourceid": "32d6679b-9440-411b-aecc-95fb18030b23",
            "targetid": "8020a8e7-50d9-4cf8-91b5-79f4ace4832c",
            "targetFace": "top",
            "type": "Bezier",
            "theme": "default",
            "targetType": "jumpers"
        },
        "0b339c13-f53a-4124-b647-32fffd8d22f2": {
            "sourceType": "elements",
            "label": null,
            "sourceid": "f2806aaf-57c0-4ea5-a09c-fb416c2031d6",
            "targetid": "d24df32a-e76f-406e-9551-530923e12576",
            "targetFace": "bottom",
            "type": "Bezier",
            "theme": "default",
            "targetType": "jumpers"
        },
        "4578638c-1bde-4eca-ad82-2b69fb735087": {
            "sourceType": "elements",
            "label": null,
            "sourceid": "32d6679b-9440-411b-aecc-95fb18030b23",
            "targetid": "471feafd-abea-4254-a830-7aa451a10f98",
            "targetFace": "top",
            "type": "Bezier",
            "theme": "default",
            "targetType": "jumpers"
        },
        "51293b4d-accf-4fa1-a9df-cc86a9dfb498": {
            "targetType": "elements",
            "type": "Bezier",
            "targetid": "f09a37db-7ae5-4f62-a0f0-8386b7894951",
            "label": null,
            "sourceid": "877abbc4-9f4b-4aad-9ed5-6fb49b5d556c",
            "theme": "default",
            "sourceType": "elements"
        },
        "b1388471-f182-43a4-ab20-b0637af75b52": {
            "sourceType": "elements",
            "label": null,
            "sourceid": "6603ab80-f72b-4fb8-9fd5-d2bc8bef0429",
            "targetid": "877abbc4-9f4b-4aad-9ed5-6fb49b5d556c",
            "targetFace": "top",
            "targetType": "elements",
            "theme": "default",
            "type": "Bezier"
        },
        "e231dcc4-267d-497b-a02a-4579ed796a8a": {
            "sourceType": "elements",
            "label": null,
            "sourceid": "c8f1d793-22ac-406b-b3fe-5bbccf79fcd0",
            "targetid": "3b69dcfe-4595-4f87-93a6-4d9b3633d44c",
            "targetFace": "bottom",
            "targetType": "jumpers",
            "theme": "default",
            "type": "Bezier"
        },
        "55a52d45-f23a-410e-8120-7142eb793df9": {
            "sourceType": "elements",
            "label": null,
            "sourceid": "c0c6c619-8fd3-44b9-812d-b61402e73e4d",
            "targetid": "14d8a49c-704b-49f6-83d0-c4bee74c5e67",
            "targetFace": "top",
            "targetType": "elements",
            "theme": "default",
            "type": "Bezier"
        },
        "12577233-2cd8-4ce1-a0fb-d9a3fd8c599d": {
            "targetType": "elements",
            "type": "Bezier",
            "targetid": "4adbf741-ab50-4ff5-bb7f-e10721917ca9",
            "label": null,
            "sourceid": "c5b0fbcb-947c-4b74-bd1c-718f6544163f",
            "theme": "default",
            "sourceType": "elements"
        },
        "4a15decf-2651-4765-9a22-24c4fb19a2b1": {
            "targetType": "elements",
            "type": "Bezier",
            "targetid": "483f5dae-8374-4ab2-91cc-fe5862a19f57",
            "label": null,
            "sourceid": "63b38d52-e202-46de-9788-aecfe783cefd",
            "theme": "default",
            "sourceType": "elements"
        },
        "e5bbfc96-f986-4e22-bf64-d033edf36e0e": {
            "targetType": "elements",
            "type": "Bezier",
            "targetid": "c0c6c619-8fd3-44b9-812d-b61402e73e4d",
            "label": null,
            "sourceid": "967dab8e-9a92-40d3-b316-37db483959c7",
            "theme": "default",
            "sourceType": "elements"
        },
        "4dd23185-8dac-4e63-9466-54be2b0fe9bf": {
            "targetType": "elements",
            "type": "Bezier",
            "targetid": "c5b0fbcb-947c-4b74-bd1c-718f6544163f",
            "label": null,
            "sourceid": "483f5dae-8374-4ab2-91cc-fe5862a19f57",
            "theme": "default",
            "sourceType": "elements"
        },
        "ea3af25d-3e38-4ac3-872c-f00774425a16": {
            "targetType": "elements",
            "type": "Bezier",
            "targetid": "967dab8e-9a92-40d3-b316-37db483959c7",
            "label": null,
            "sourceid": "c0c6c619-8fd3-44b9-812d-b61402e73e4d",
            "theme": "default",
            "sourceType": "elements"
        },
        "ff0542a0-7739-4cbc-8040-8c91e2f21fef": {
            "targetType": "elements",
            "type": "Bezier",
            "targetid": "c0c6c619-8fd3-44b9-812d-b61402e73e4d",
            "label": null,
            "sourceid": "14d8a49c-704b-49f6-83d0-c4bee74c5e67",
            "theme": "default",
            "sourceType": "elements"
        },
        "de516c6f-c7a4-4ce4-94e6-20dd70756988": {
            "sourceType": "elements",
            "label": null,
            "sourceid": "c8f1d793-22ac-406b-b3fe-5bbccf79fcd0",
            "targetid": "8969e854-0936-446c-ae3d-b47c1186d809",
            "targetFace": "bottom",
            "targetType": "jumpers",
            "theme": "default",
            "type": "Bezier"
        },
        "f77f58a2-9b58-48f1-990d-d21e85bffc93": {
            "sourceType": "elements",
            "label": null,
            "sourceid": "c8f1d793-22ac-406b-b3fe-5bbccf79fcd0",
            "targetid": "614797b3-fd38-402d-8b1f-e9947dd77a1d",
            "targetFace": "bottom",
            "targetType": "elements",
            "theme": "default",
            "type": "Bezier"
        },
        "bbd2e9b7-4d9c-4863-ad70-1fabf854b31d": {
            "sourceType": "elements",
            "label": null,
            "sourceid": "7196b2c6-5ae4-4e31-afe0-d38a237ad288",
            "targetid": "37159772-3f9f-4b93-986c-5186c185c65c",
            "targetFace": "left",
            "targetType": "elements",
            "theme": "default",
            "type": "Bezier"
        },
        "b7916c84-10f0-4fb3-9fb6-fe01d2199713": {
            "sourceType": "elements",
            "label": "<p>Fill level does not increase<\/p>",
            "sourceid": "2700d498-4eb0-45fd-bccd-6027346faf7c",
            "targetid": "f616f9db-fa61-4c57-92b6-b26038a26780",
            "targetFace": "left",
            "targetType": "elements",
            "theme": "default",
            "type": "Bezier"
        },
        "ccf25c4c-dafd-4a83-8c5d-8ecb7b44e9b2": {
            "targetType": "elements",
            "type": "Bezier",
            "targetid": "46c29dc7-9b27-48e1-adf2-825b24a3af7a",
            "label": "<p>No Fill Level Decrease<\/p>",
            "sourceid": "9c68582c-2962-4a5e-b4f9-b0814d2eca59",
            "theme": "default",
            "sourceType": "elements"
        },
        "874127b9-313e-46e3-804d-a3be7fb5ed33": {
            "targetType": "elements",
            "type": "Bezier",
            "targetid": "89a7312e-13ac-41e5-8941-1353361f0534",
            "label": "<p>One Fill Level Decrease<\/p>",
            "sourceid": "9c68582c-2962-4a5e-b4f9-b0814d2eca59",
            "theme": "default",
            "sourceType": "elements"
        },
        "0b34022d-efa0-489a-8f53-971df6a0a589": {
            "targetType": "elements",
            "type": "Bezier",
            "targetid": "22f1c047-b316-429a-9332-b6495db33eeb",
            "label": "<p>Two Fill Level Decreases<\/p>",
            "sourceid": "9c68582c-2962-4a5e-b4f9-b0814d2eca59",
            "theme": "default",
            "sourceType": "elements"
        },
        "d7f1cdeb-28cb-4419-8ca5-002da317c8e0": {
            "sourceType": "elements",
            "label": null,
            "sourceid": "0cd0796c-a2c5-48e5-88ce-df2bb4181334",
            "targetid": "7861c166-7803-476e-bad0-2650d833b6a1",
            "targetFace": "top",
            "targetType": "jumpers",
            "theme": "default",
            "type": "Bezier"
        },
        "52765bae-86e6-4206-94d8-3d3fde0854f4": {
            "sourceType": "elements",
            "label": null,
            "sourceid": "0cd0796c-a2c5-48e5-88ce-df2bb4181334",
            "targetid": "614797b3-fd38-402d-8b1f-e9947dd77a1d",
            "targetFace": "left",
            "targetType": "elements",
            "theme": "default",
            "type": "Bezier"
        },
        "99f6a6ac-7efc-42e2-a170-156b332ae782": {
            "targetType": "elements",
            "type": "Bezier",
            "targetid": "1f30989b-7b16-4ddb-ae0f-a0185e32b826",
            "label": null,
            "sourceid": "967dab8e-9a92-40d3-b316-37db483959c7",
            "theme": "default",
            "sourceType": "elements"
        },
        "0220284e-b2c0-45cf-9f79-7209dd2c0548": {
            "sourceType": "elements",
            "label": null,
            "sourceid": "1f30989b-7b16-4ddb-ae0f-a0185e32b826",
            "targetid": "967dab8e-9a92-40d3-b316-37db483959c7",
            "targetFace": "top",
            "targetType": "elements",
            "theme": "default",
            "type": "Bezier"
        },
        "1170cc26-d266-4522-bab7-b8ecad4487b4": {
            "sourceType": "elements",
            "label": null,
            "sourceid": "967dab8e-9a92-40d3-b316-37db483959c7",
            "targetid": "cb39c7cd-0977-40d7-8f88-c0acbf54bc0c",
            "sourceFace": "right",
            "targetFace": "right",
            "targetType": "elements",
            "theme": "default",
            "type": "Bezier"
        },
        "dfc6e18f-b4a2-473e-9776-3b9990725b58": {
            "sourceType": "elements",
            "label": null,
            "sourceid": "891917e5-198f-435a-914a-f8f229b8ee12",
            "targetid": "c0c6c619-8fd3-44b9-812d-b61402e73e4d",
            "sourceFace": "left",
            "targetFace": "left",
            "targetType": "elements",
            "theme": "default",
            "type": "Bezier"
        },
        "b7c31ade-fde2-4681-8c6d-42483ee806a3": {
            "targetType": "elements",
            "type": "Bezier",
            "targetid": "dc924a1e-b8b1-4532-b4b8-8c79849f0329",
            "label": "<p>Player tops out<\/p>",
            "sourceid": "2e619910-8650-4d75-98c8-f367f77ab121",
            "theme": "default",
            "sourceType": "elements"
        },
        "8e6140a4-4d20-42d7-bb02-302dbd5cf6f3": {
            "targetType": "elements",
            "type": "Bezier",
            "targetid": "2700d498-4eb0-45fd-bccd-6027346faf7c",
            "label": "<p>Player finishes no row<\/p>",
            "sourceid": "2e619910-8650-4d75-98c8-f367f77ab121",
            "theme": "default",
            "sourceType": "elements"
        },
        "587056eb-f7f6-428f-b20f-d648a12c7d29": {
            "targetType": "elements",
            "type": "Bezier",
            "targetid": "9c68582c-2962-4a5e-b4f9-b0814d2eca59",
            "label": "<p>Player finishes a row<\/p>",
            "sourceid": "2e619910-8650-4d75-98c8-f367f77ab121",
            "theme": "default",
            "sourceType": "elements"
        },
        "9d42402d-6361-482e-9387-63b33afb330a": {
            "sourceType": "elements",
            "label": null,
            "sourceid": "614797b3-fd38-402d-8b1f-e9947dd77a1d",
            "targetid": "e6ce78aa-a629-4417-99d9-776ed59448f5",
            "targetFace": "top",
            "targetType": "jumpers",
            "theme": "default",
            "type": "Bezier"
        },
        "f978a80c-4fd0-4bbf-af68-df58207f455b": {
            "sourceType": "elements",
            "label": null,
            "sourceid": "5869611b-6a20-4a26-a6cd-935909d39438",
            "targetid": "891917e5-198f-435a-914a-f8f229b8ee12",
            "sourceFace": "left",
            "targetFace": "left",
            "targetType": "elements",
            "theme": "default",
            "type": "Bezier"
        },
        "d49ed857-fce3-4201-b8da-5d3bf19b9e0a": {
            "sourceType": "elements",
            "label": null,
            "sourceid": "c0c6c619-8fd3-44b9-812d-b61402e73e4d",
            "targetid": "1f30989b-7b16-4ddb-ae0f-a0185e32b826",
            "sourceFace": "left",
            "targetFace": "left",
            "targetType": "elements",
            "theme": "default",
            "type": "Bezier"
        },
        "8d1e29f2-60de-4aec-9581-551cd84b7602": {
            "sourceType": "elements",
            "label": null,
            "sourceid": "1f30989b-7b16-4ddb-ae0f-a0185e32b826",
            "targetid": "cb39c7cd-0977-40d7-8f88-c0acbf54bc0c",
            "targetFace": "bottom",
            "targetType": "elements",
            "theme": "default",
            "type": "Bezier"
        },
        "7b7c5b18-edd7-4ab6-b891-22155e78c5e7": {
            "sourceType": "elements",
            "label": null,
            "sourceid": "614797b3-fd38-402d-8b1f-e9947dd77a1d",
            "targetid": "09e11be2-fa97-40e5-a626-e71fe5b1e349",
            "targetFace": "right",
            "targetType": "jumpers",
            "theme": "default",
            "type": "Bezier"
        },
        "adf0993f-13bc-4612-987c-6de5cbbfb9d8": {
            "sourceType": "elements",
            "label": null,
            "sourceid": "e6083182-c12e-402f-b2be-0f8dfd4e7ba6",
            "targetid": "614797b3-fd38-402d-8b1f-e9947dd77a1d",
            "targetFace": "top",
            "targetType": "elements",
            "theme": "default",
            "type": "Bezier"
        },
        "f79158b6-5e7e-4cc6-aecf-3b32ba1b3c2b": {
            "sourceType": "elements",
            "label": null,
            "sourceid": "614797b3-fd38-402d-8b1f-e9947dd77a1d",
            "targetid": "6b4a4143-2b27-4981-b1a8-3e9b0080b075",
            "targetFace": "top",
            "targetType": "jumpers",
            "theme": "default",
            "type": "Bezier"
        },
        "ff3b7271-b9d3-47b9-b5f6-e488771ca4b7": {
            "sourceType": "elements",
            "label": null,
            "sourceid": "895ed327-2ef0-4d7e-9b3c-ec6b39e16187",
            "targetid": "891917e5-198f-435a-914a-f8f229b8ee12",
            "targetFace": "bottom",
            "targetType": "elements",
            "theme": "default",
            "type": "Bezier"
        },
        "4774ccda-6091-40b4-b361-1419b24af02e": {
            "sourceType": "elements",
            "label": null,
            "sourceid": "cb39c7cd-0977-40d7-8f88-c0acbf54bc0c",
            "targetid": "1f30989b-7b16-4ddb-ae0f-a0185e32b826",
            "targetFace": "top",
            "targetType": "elements",
            "theme": "default",
            "type": "Bezier"
        },
        "e6e2bb76-00ef-4d4d-8bef-b1021c2dfc19": {
            "sourceType": "elements",
            "label": null,
            "sourceid": "891917e5-198f-435a-914a-f8f229b8ee12",
            "targetid": "14d8a49c-704b-49f6-83d0-c4bee74c5e67",
            "targetFace": "bottom",
            "targetType": "elements",
            "theme": "default",
            "type": "Bezier"
        },
        "23af3c18-a9a2-40b6-83c3-d6a8080672e0": {
            "sourceType": "elements",
            "label": null,
            "sourceid": "895ed327-2ef0-4d7e-9b3c-ec6b39e16187",
            "targetid": "14d8a49c-704b-49f6-83d0-c4bee74c5e67",
            "sourceFace": "right",
            "targetFace": "right",
            "targetType": "elements",
            "theme": "default",
            "type": "Bezier"
        },
        "e19ccd2a-5b5d-4675-9869-ffe74fc6cfb8": {
            "sourceType": "elements",
            "label": null,
            "sourceid": "14d8a49c-704b-49f6-83d0-c4bee74c5e67",
            "targetid": "967dab8e-9a92-40d3-b316-37db483959c7",
            "sourceFace": "right",
            "targetFace": "right",
            "targetType": "elements",
            "theme": "default",
            "type": "Bezier"
        },
        "1cea2ce3-a09f-4e37-a9b6-97448b9f4e2a": {
            "sourceType": "elements",
            "label": null,
            "sourceFace": "top",
            "sourceid": "caf2ba4b-3429-407e-b4eb-4c83e98176a0",
            "targetid": "e993195d-f0c8-49df-ae19-2a855b7aa414",
            "type": "Bezier",
            "targetFace": "bottom",
            "targetType": "jumpers",
            "theme": "default"
        },
        "78afda24-3de4-45c1-a908-c9c2b9ca3e05": {
            "sourceType": "elements",
            "label": null,
            "sourceid": "146b4e27-f9e7-4c77-b7fc-920cd2c15513",
            "targetid": "f2806aaf-57c0-4ea5-a09c-fb416c2031d6",
            "targetFace": "right",
            "type": "Bezier",
            "theme": "default",
            "targetType": "elements"
        },
        "6855a42a-c6c8-4be7-9657-b414c9d16a60": {
            "sourceType": "elements",
            "label": null,
            "sourceid": "2eee618c-7316-4719-a728-15b7d1829b9d",
            "targetid": "146b4e27-f9e7-4c77-b7fc-920cd2c15513",
            "targetFace": "bottom",
            "type": "Bezier",
            "theme": "default",
            "targetType": "elements"
        },
        "36dc00db-6763-4961-a438-a919821de7ce": {
            "sourceType": "elements",
            "label": null,
            "sourceid": "2eee618c-7316-4719-a728-15b7d1829b9d",
            "targetid": "1226cfb5-9c5c-46ee-9164-d35db12b2ca1",
            "targetFace": "bottom",
            "type": "Bezier",
            "theme": "default",
            "targetType": "jumpers"
        },
        "c873e2d4-ecd0-4e92-9561-37a09f3eabf6": {
            "sourceType": "elements",
            "label": null,
            "sourceid": "35c52c1c-c3d3-4b8b-93e5-188faeb68b01",
            "targetid": "1226cfb5-9c5c-46ee-9164-d35db12b2ca1",
            "targetFace": "top",
            "type": "Bezier",
            "theme": "default",
            "targetType": "jumpers"
        },
        "8eba3c2f-361c-4bb9-8a36-9b1395930c75": {
            "sourceType": "elements",
            "label": null,
            "sourceid": "35c52c1c-c3d3-4b8b-93e5-188faeb68b01",
            "targetid": "f2806aaf-57c0-4ea5-a09c-fb416c2031d6",
            "targetFace": "bottom",
            "type": "Bezier",
            "theme": "default",
            "targetType": "elements"
        },
        "e9f2cd1d-8f67-4891-8a5b-9201b05de1e7": {
            "sourceType": "elements",
            "label": null,
            "sourceid": "caf2ba4b-3429-407e-b4eb-4c83e98176a0",
            "targetid": "f2806aaf-57c0-4ea5-a09c-fb416c2031d6",
            "targetFace": "right",
            "type": "Bezier",
            "theme": "default",
            "targetType": "elements"
        },
        "702195da-dbb4-4e71-9481-00f456df7928": {
            "sourceType": "elements",
            "label": null,
            "sourceid": "32d6679b-9440-411b-aecc-95fb18030b23",
            "targetid": "78b66a40-b53c-4aa1-9e25-ca7a9b60c068",
            "targetFace": "top",
            "type": "Bezier",
            "theme": "default",
            "targetType": "jumpers"
        },
        "44d7780b-ff66-4a2e-9707-c8d76558f18b": {
            "sourceType": "elements",
            "label": null,
            "sourceid": "32d6679b-9440-411b-aecc-95fb18030b23",
            "targetid": "8a6c9587-8f27-47fb-a905-87e7ebac232f",
            "targetFace": "top",
            "type": "Bezier",
            "theme": "default",
            "targetType": "jumpers"
        },
        "a38dd8cf-8414-4b54-8fc3-42b3b51bade6": {
            "sourceType": "elements",
            "label": null,
            "sourceid": "2eee618c-7316-4719-a728-15b7d1829b9d",
            "targetid": "58880069-004c-4ab3-a98e-cc1bb21fed6b",
            "targetFace": "bottom",
            "type": "Bezier",
            "theme": "default",
            "targetType": "jumpers"
        },
        "bcf08320-2cd7-4652-bd58-16a2b838bc9a": {
            "sourceType": "elements",
            "label": null,
            "sourceid": "caf2ba4b-3429-407e-b4eb-4c83e98176a0",
            "targetid": "4f6146d1-5c0e-42bb-b455-753f84f45ff0",
            "targetFace": "bottom",
            "type": "Bezier",
            "theme": "default",
            "targetType": "jumpers"
        },
        "36aab7c1-f79e-4a36-9dfc-b7a387875fb5": {
            "sourceType": "elements",
            "targetid": "a38b0f9d-865d-46b2-9b6a-98e17e3abfc3",
            "sourceid": "caf2ba4b-3429-407e-b4eb-4c83e98176a0",
            "label": null,
            "targetType": "jumpers",
            "theme": "default",
            "type": "Bezier"
        },
        "e7e54000-3152-4804-86c8-762f87703696": {
            "sourceType": "elements",
            "label": null,
            "sourceid": "f2806aaf-57c0-4ea5-a09c-fb416c2031d6",
            "targetid": "78b66a40-b53c-4aa1-9e25-ca7a9b60c068",
            "targetFace": "bottom",
            "type": "Bezier",
            "theme": "default",
            "targetType": "jumpers"
        },
        "f4db7591-f4a7-4f3c-81fc-cba9bf643d4c": {
            "sourceType": "elements",
            "label": null,
            "sourceid": "f2806aaf-57c0-4ea5-a09c-fb416c2031d6",
            "targetid": "35c52c1c-c3d3-4b8b-93e5-188faeb68b01",
            "targetFace": "top",
            "type": "Bezier",
            "theme": "default",
            "targetType": "elements"
        },
        "0393ff50-7ef9-45db-b1f7-7007617cd1d2": {
            "sourceType": "elements",
            "label": null,
            "sourceid": "2eee618c-7316-4719-a728-15b7d1829b9d",
            "targetid": "d777210e-cae1-4088-94c9-4ac0924eed9b",
            "targetFace": "bottom",
            "type": "Bezier",
            "theme": "default",
            "targetType": "jumpers"
        },
        "9cf8cb15-cdca-4722-bc55-056e2137206d": {
            "sourceType": "elements",
            "label": null,
            "sourceid": "35c52c1c-c3d3-4b8b-93e5-188faeb68b01",
            "targetid": "faf0f69d-9441-480f-bc3a-7ad6c66237a1",
            "targetFace": "top",
            "type": "Bezier",
            "theme": "default",
            "targetType": "jumpers"
        },
        "57e30f2b-38d3-4b19-ad7a-82a9d48c92e7": {
            "sourceType": "elements",
            "label": null,
            "sourceid": "35c52c1c-c3d3-4b8b-93e5-188faeb68b01",
            "targetid": "58880069-004c-4ab3-a98e-cc1bb21fed6b",
            "targetFace": "top",
            "type": "Bezier",
            "theme": "default",
            "targetType": "jumpers"
        },
        "c5093648-aa2a-47f3-8c41-2e6e3f745e29": {
            "sourceType": "elements",
            "label": null,
            "sourceid": "32d6679b-9440-411b-aecc-95fb18030b23",
            "targetid": "f2af1e9f-7594-4eeb-ba7f-77b376ab97c2",
            "targetFace": "left",
            "type": "Bezier",
            "theme": "default",
            "targetType": "elements"
        },
        "48e117f6-5556-4088-93ba-b57c575d969b": {
            "sourceType": "elements",
            "label": null,
            "sourceid": "f2806aaf-57c0-4ea5-a09c-fb416c2031d6",
            "targetid": "5397a0ab-efa6-451d-b0d4-5197c479bf3a",
            "targetFace": "bottom",
            "type": "Bezier",
            "theme": "default",
            "targetType": "jumpers"
        },
        "7724b708-10ad-4c95-8b8b-74f58b889953": {
            "sourceType": "elements",
            "label": null,
            "sourceid": "32d6679b-9440-411b-aecc-95fb18030b23",
            "targetid": "cfdb6cb0-a1ab-4ffb-b41e-74d573966c6c",
            "targetFace": "top",
            "type": "Bezier",
            "theme": "default",
            "targetType": "jumpers"
        },
        "23b7618b-7509-460f-bdfb-50e63d240475": {
            "sourceType": "elements",
            "label": null,
            "sourceid": "f2806aaf-57c0-4ea5-a09c-fb416c2031d6",
            "targetid": "146b4e27-f9e7-4c77-b7fc-920cd2c15513",
            "targetFace": "top",
            "type": "Bezier",
            "theme": "default",
            "targetType": "elements"
        },
        "aeff9825-2424-46df-b876-9089a432db75": {
            "sourceType": "elements",
            "label": null,
            "sourceid": "146b4e27-f9e7-4c77-b7fc-920cd2c15513",
            "targetid": "4d05e610-d258-4766-b9a0-c95e02957006",
            "targetFace": "top",
            "type": "Bezier",
            "theme": "default",
            "targetType": "jumpers"
        },
        "d8d55777-1986-42ad-ace5-acc5b66c414a": {
            "sourceType": "elements",
            "label": null,
            "sourceid": "2eee618c-7316-4719-a728-15b7d1829b9d",
            "targetid": "2f123d91-2299-47b7-88b3-f64dffa312ed",
            "targetFace": "bottom",
            "type": "Bezier",
            "theme": "default",
            "targetType": "jumpers"
        },
        "cec52d0a-3d20-45af-8131-e9c3ff3d270d": {
            "sourceType": "elements",
            "label": null,
            "sourceid": "f2af1e9f-7594-4eeb-ba7f-77b376ab97c2",
            "targetid": "4f6146d1-5c0e-42bb-b455-753f84f45ff0",
            "targetFace": "top",
            "type": "Bezier",
            "theme": "default",
            "targetType": "jumpers"
        },
        "6e969efe-852a-4f58-8d65-4ba6f1d19476": {
            "sourceType": "elements",
            "label": null,
            "sourceid": "146b4e27-f9e7-4c77-b7fc-920cd2c15513",
            "targetid": "caf2ba4b-3429-407e-b4eb-4c83e98176a0",
            "targetFace": "bottom",
            "type": "Bezier",
            "theme": "default",
            "targetType": "elements"
        },
        "2ca5dd7d-4a89-4161-9642-64fbaaad30a9": {
            "sourceType": "elements",
            "label": null,
            "sourceid": "146b4e27-f9e7-4c77-b7fc-920cd2c15513",
            "targetid": "4e2de152-948c-4c12-8c27-94027233f530",
            "targetFace": "top",
            "type": "Bezier",
            "theme": "default",
            "targetType": "jumpers"
        },
        "edc2cb5c-ea12-4568-a5f9-d2f5182ceb91": {
            "sourceType": "elements",
            "label": null,
            "sourceid": "35c52c1c-c3d3-4b8b-93e5-188faeb68b01",
            "targetid": "146b4e27-f9e7-4c77-b7fc-920cd2c15513",
            "targetFace": "left",
            "type": "Bezier",
            "theme": "default",
            "targetType": "elements"
        },
        "fe119b3f-4244-4395-bee9-cfaf2cef03ab": {
            "sourceType": "elements",
            "label": null,
            "sourceid": "146b4e27-f9e7-4c77-b7fc-920cd2c15513",
            "targetid": "d777210e-cae1-4088-94c9-4ac0924eed9b",
            "targetFace": "right",
            "type": "Bezier",
            "theme": "default",
            "targetType": "jumpers"
        },
        "d6e2e0fc-71c4-47d3-8f69-b14e6b0b0dba": {
            "sourceType": "elements",
            "label": null,
            "sourceid": "146b4e27-f9e7-4c77-b7fc-920cd2c15513",
            "targetid": "35c52c1c-c3d3-4b8b-93e5-188faeb68b01",
            "targetFace": "right",
            "type": "Bezier",
            "theme": "default",
            "targetType": "elements"
        },
        "38b33295-eded-4d0e-84d8-6686a86213a6": {
            "sourceType": "elements",
            "label": null,
            "sourceid": "2eee618c-7316-4719-a728-15b7d1829b9d",
            "targetid": "28de135b-902c-4a26-9935-ea8342f4ed6f",
            "targetFace": "bottom",
            "type": "Bezier",
            "theme": "default",
            "targetType": "jumpers"
        },
        "27cb7232-de98-4d1c-87aa-5da873f2fdf8": {
            "sourceType": "elements",
            "label": null,
            "sourceid": "35c52c1c-c3d3-4b8b-93e5-188faeb68b01",
            "targetid": "28de135b-902c-4a26-9935-ea8342f4ed6f",
            "targetFace": "top",
            "type": "Bezier",
            "theme": "default",
            "targetType": "jumpers"
        },
        "17645dc6-11a9-4e9f-9458-0230c66f8794": {
            "sourceType": "elements",
            "label": null,
            "sourceid": "caf2ba4b-3429-407e-b4eb-4c83e98176a0",
            "targetid": "146b4e27-f9e7-4c77-b7fc-920cd2c15513",
            "targetFace": "top",
            "type": "Bezier",
            "theme": "default",
            "targetType": "elements"
        },
        "649ee29a-ab25-42f8-9677-ec76c5abf16c": {
            "sourceType": "elements",
            "label": null,
            "sourceid": "f2af1e9f-7594-4eeb-ba7f-77b376ab97c2",
            "targetid": "32d6679b-9440-411b-aecc-95fb18030b23",
            "targetFace": "right",
            "type": "Bezier",
            "theme": "default",
            "targetType": "elements"
        },
        "8e5864a5-d90e-4916-9e9b-aac53e488ed2": {
            "sourceType": "elements",
            "label": null,
            "sourceid": "1a3ac02f-6f4b-4e43-a97c-cfcf1b219d71",
            "targetid": "81fb28af-c717-4fd9-8b8d-bb8cf43b2a28",
            "sourceFace": "top",
            "targetFace": "bottom",
            "targetType": "jumpers",
            "theme": "default",
            "type": "Bezier"
        },
        "4f118f90-0db0-40ec-b046-ca8c7bd97948": {
            "targetType": "jumpers",
            "type": "Bezier",
            "targetid": "fbd13cb6-c709-4b56-9ab4-feeaab16dd95",
            "label": null,
            "sourceid": "5ca5a40f-eb23-4add-bef5-c4f8720b3dff",
            "theme": "default",
            "sourceType": "elements"
        },
        "72f10765-2459-406a-945e-e3cdb70f78ac": {
            "sourceType": "elements",
            "label": null,
            "sourceid": "e6083182-c12e-402f-b2be-0f8dfd4e7ba6",
            "targetid": "eed1ecc0-d6ef-4b5f-8af8-8932f282baf6",
            "targetFace": "bottom",
            "targetType": "jumpers",
            "theme": "default",
            "type": "Bezier"
        },
        "2c9030d5-dd27-444f-909e-1bd2c009a2b3": {
            "targetType": "jumpers",
            "type": "Bezier",
            "targetid": "53b756b7-35f4-41d3-89e9-c979d4156480",
            "label": null,
            "sourceid": "5ca5a40f-eb23-4add-bef5-c4f8720b3dff",
            "theme": "default",
            "sourceType": "elements"
        },
        "6d6ae4a5-8212-4f47-b0d4-cfbd5903f3cf": {
            "targetType": "jumpers",
            "type": "Bezier",
            "targetid": "485991e6-3ec3-4148-a5af-b922e5f09dde",
            "label": null,
            "sourceid": "5ca5a40f-eb23-4add-bef5-c4f8720b3dff",
            "theme": "default",
            "sourceType": "elements"
        },
        "3333e72b-9c46-4531-a1d6-c84a3bdd3dd2": {
            "sourceType": "elements",
            "label": null,
            "sourceid": "5ca5a40f-eb23-4add-bef5-c4f8720b3dff",
            "targetid": "5e1d2cc0-be5c-44ff-8f25-b1f55a889b7e",
            "targetFace": "top",
            "targetType": "jumpers",
            "theme": "default",
            "type": "Bezier"
        },
        "6bce48d7-b482-4327-9385-b2c0c7b5563e": {
            "targetType": "jumpers",
            "type": "Bezier",
            "targetid": "485991e6-3ec3-4148-a5af-b922e5f09dde",
            "label": null,
            "sourceid": "1a3ac02f-6f4b-4e43-a97c-cfcf1b219d71",
            "theme": "default",
            "sourceType": "elements"
        },
        "6c0377ad-f909-4658-ae12-f0b2f5b1a038": {
            "sourceType": "elements",
            "label": null,
            "sourceid": "1a3ac02f-6f4b-4e43-a97c-cfcf1b219d71",
            "targetid": "c9ece9b7-0898-4db1-b984-bde133eddc84",
            "targetFace": "bottom",
            "targetType": "jumpers",
            "theme": "default",
            "type": "Bezier"
        },
        "97e697f4-0777-4c04-abea-1bc25c0926d2": {
            "sourceType": "elements",
            "label": null,
            "sourceid": "614797b3-fd38-402d-8b1f-e9947dd77a1d",
            "targetid": "1a3ac02f-6f4b-4e43-a97c-cfcf1b219d71",
            "targetFace": "bottom",
            "targetType": "elements",
            "theme": "default",
            "type": "Bezier"
        },
        "d0f7509a-6eb7-4f57-a13f-87e0a4d8cc97": {
            "targetType": "jumpers",
            "type": "Bezier",
            "targetid": "4d15fa2f-e010-4e13-8eaa-01fe145fc85f",
            "label": null,
            "sourceid": "1a3ac02f-6f4b-4e43-a97c-cfcf1b219d71",
            "theme": "default",
            "sourceType": "elements"
        },
        "6aebae8c-d9c1-4339-9ea4-02177f897798": {
            "sourceType": "elements",
            "label": null,
            "sourceid": "614797b3-fd38-402d-8b1f-e9947dd77a1d",
            "targetid": "e6083182-c12e-402f-b2be-0f8dfd4e7ba6",
            "targetFace": "right",
            "targetType": "elements",
            "theme": "default",
            "type": "Bezier"
        },
        "518dddcd-de26-4f3f-a913-b595b5180868": {
            "sourceType": "elements",
            "label": null,
            "sourceid": "5ca5a40f-eb23-4add-bef5-c4f8720b3dff",
            "targetid": "c9ece9b7-0898-4db1-b984-bde133eddc84",
            "targetFace": "top",
            "targetType": "jumpers",
            "theme": "default",
            "type": "Bezier"
        },
        "411a71fc-decb-4aa0-bf7f-0fb9e772bff1": {
            "sourceType": "elements",
            "label": null,
            "sourceid": "85c1252a-b4ef-4bb0-ba65-862ad2944c70",
            "targetid": "5ca5a40f-eb23-4add-bef5-c4f8720b3dff",
            "targetFace": "left",
            "targetType": "elements",
            "theme": "default",
            "type": "Bezier"
        },
        "ab1022f5-92b1-4097-8788-e63cb48c6484": {
            "sourceType": "elements",
            "label": null,
            "sourceid": "85c1252a-b4ef-4bb0-ba65-862ad2944c70",
            "targetid": "82717d17-fc41-4c1c-9226-9f10111eda51",
            "targetFace": "top",
            "targetType": "jumpers",
            "theme": "default",
            "type": "Bezier"
        },
        "05ff2b95-81c3-46a3-8b76-10e8d76c71d4": {
            "targetType": "elements",
            "type": "Bezier",
            "targetid": "1a3ac02f-6f4b-4e43-a97c-cfcf1b219d71",
            "label": null,
            "sourceid": "e6083182-c12e-402f-b2be-0f8dfd4e7ba6",
            "theme": "default",
            "sourceType": "elements"
        },
        "a2e5cea4-eb75-4429-a9db-348e25379ae1": {
            "sourceType": "elements",
            "label": null,
            "sourceid": "85c1252a-b4ef-4bb0-ba65-862ad2944c70",
            "targetid": "4864727c-6d35-4f4d-9299-0ba50020232d",
            "targetFace": "top",
            "targetType": "jumpers",
            "theme": "default",
            "type": "Bezier"
        },
        "a5be900a-3447-466a-9e7b-4573d87adb73": {
            "sourceType": "elements",
            "label": null,
            "sourceid": "85c1252a-b4ef-4bb0-ba65-862ad2944c70",
            "targetid": "adfb60cb-10d8-4899-a379-ddac7505a3e9",
            "targetFace": "top",
            "targetType": "jumpers",
            "theme": "default",
            "type": "Bezier"
        },
        "d79539f9-5caf-4fd4-aeab-c7bc9d471b9d": {
            "sourceType": "elements",
            "label": null,
            "sourceid": "85c1252a-b4ef-4bb0-ba65-862ad2944c70",
            "targetid": "afaa3a36-d845-4f49-9267-52c8975d8ec9",
            "targetFace": "top",
            "targetType": "jumpers",
            "theme": "default",
            "type": "Bezier"
        },
        "33c413aa-6af1-434b-91ea-df8bb1590c3c": {
            "sourceType": "elements",
            "label": null,
            "sourceid": "85c1252a-b4ef-4bb0-ba65-862ad2944c70",
            "targetid": "eed1ecc0-d6ef-4b5f-8af8-8932f282baf6",
            "targetFace": "top",
            "targetType": "jumpers",
            "theme": "default",
            "type": "Bezier"
        },
        "b4d41db1-98f7-40e1-9d60-7fa7322e59b3": {
            "sourceType": "elements",
            "label": null,
            "sourceid": "e6083182-c12e-402f-b2be-0f8dfd4e7ba6",
            "targetid": "b1f37766-cb2e-48f2-8639-4fb8b4ca9336",
            "targetFace": "bottom",
            "targetType": "jumpers",
            "theme": "default",
            "type": "Bezier"
        },
        "7c3ce935-fa2f-45d3-af33-cc8a8adff578": {
            "sourceType": "elements",
            "label": null,
            "sourceid": "5ca5a40f-eb23-4add-bef5-c4f8720b3dff",
            "targetid": "85c1252a-b4ef-4bb0-ba65-862ad2944c70",
            "targetFace": "right",
            "targetType": "elements",
            "theme": "default",
            "type": "Bezier"
        },
        "06d06133-1482-4661-881b-494f6e254cf3": {
            "sourceType": "elements",
            "label": null,
            "sourceid": "e6083182-c12e-402f-b2be-0f8dfd4e7ba6",
            "targetid": "aca7239e-9ac3-4f1e-b5d7-870a6e539d21",
            "targetFace": "bottom",
            "targetType": "jumpers",
            "theme": "default",
            "type": "Bezier"
        },
        "9fb0e5a9-8ead-483e-93c3-4a97f222963e": {
            "sourceType": "elements",
            "label": null,
            "sourceid": "1a3ac02f-6f4b-4e43-a97c-cfcf1b219d71",
            "targetid": "e6083182-c12e-402f-b2be-0f8dfd4e7ba6",
            "targetFace": "right",
            "targetType": "elements",
            "theme": "default",
            "type": "Bezier"
        },
        "24450044-6a00-4f9c-a5e3-b4c9a613fcfa": {
            "sourceType": "elements",
            "label": null,
            "sourceid": "0cd0796c-a2c5-48e5-88ce-df2bb4181334",
            "targetid": "e6083182-c12e-402f-b2be-0f8dfd4e7ba6",
            "targetFace": "bottom",
            "targetType": "elements",
            "theme": "default",
            "type": "Bezier"
        },
        "5922504a-488b-47f6-ba11-a419cbe45197": {
            "sourceType": "elements",
            "label": null,
            "sourceid": "e6083182-c12e-402f-b2be-0f8dfd4e7ba6",
            "targetid": "0cd0796c-a2c5-48e5-88ce-df2bb4181334",
            "targetFace": "top",
            "targetType": "elements",
            "theme": "default",
            "type": "Bezier"
        },
        "7477026a-cd71-4d93-9fe1-2b12a43e812c": {
            "sourceType": "elements",
            "label": null,
            "sourceid": "1a3ac02f-6f4b-4e43-a97c-cfcf1b219d71",
            "targetid": "614797b3-fd38-402d-8b1f-e9947dd77a1d",
            "targetFace": "top",
            "targetType": "elements",
            "theme": "default",
            "type": "Bezier"
        },
        "42d051ab-82b8-4929-ad28-b0d9cc4ff094": {
            "sourceType": "elements",
            "label": null,
            "sourceid": "0cd0796c-a2c5-48e5-88ce-df2bb4181334",
            "targetid": "a42574df-6b59-4ad6-8244-5dfc48b09a11",
            "targetFace": "top",
            "targetType": "jumpers",
            "theme": "default",
            "type": "Bezier"
        },
        "be74ce97-2ddf-4aac-b167-3ab21c03d839": {
            "sourceType": "elements",
            "label": null,
            "sourceid": "0cd0796c-a2c5-48e5-88ce-df2bb4181334",
            "targetid": "77184a18-913d-443b-afc7-7936cd9bb58e",
            "targetFace": "top",
            "targetType": "jumpers",
            "theme": "default",
            "type": "Bezier"
        },
        "9f67f0b4-12d7-4e0a-ba3b-7650617fa277": {
            "sourceType": "elements",
            "label": null,
            "sourceid": "0cd0796c-a2c5-48e5-88ce-df2bb4181334",
            "targetid": "3b69dcfe-4595-4f87-93a6-4d9b3633d44c",
            "targetFace": "top",
            "targetType": "jumpers",
            "theme": "default",
            "type": "Bezier"
        },
        "95f28f2e-6910-4420-b8c3-39e979a23d0f": {
            "sourceType": "elements",
            "label": null,
            "sourceid": "614797b3-fd38-402d-8b1f-e9947dd77a1d",
            "targetid": "0cd0796c-a2c5-48e5-88ce-df2bb4181334",
            "targetFace": "right",
            "targetType": "elements",
            "theme": "default",
            "type": "Bezier"
        },
        "19b21c6f-2b47-424f-8be1-9aa8743ec825": {
            "sourceType": "elements",
            "label": null,
            "sourceid": "c8f1d793-22ac-406b-b3fe-5bbccf79fcd0",
            "targetid": "09e11be2-fa97-40e5-a626-e71fe5b1e349",
            "targetFace": "bottom",
            "targetType": "jumpers",
            "theme": "default",
            "type": "Bezier"
        },
        "ee6e477e-8069-4329-967b-894cea9e8110": {
            "sourceType": "elements",
            "label": null,
            "sourceid": "c8f1d793-22ac-406b-b3fe-5bbccf79fcd0",
            "targetid": "a42574df-6b59-4ad6-8244-5dfc48b09a11",
            "targetFace": "bottom",
            "targetType": "jumpers",
            "theme": "default",
            "type": "Bezier"
        },
        "c85c3ffd-e6e7-4db9-88e5-c0ceb4f54199": {
            "sourceType": "elements",
            "label": null,
            "sourceid": "c8f1d793-22ac-406b-b3fe-5bbccf79fcd0",
            "targetid": "77184a18-913d-443b-afc7-7936cd9bb58e",
            "targetFace": "bottom",
            "targetType": "jumpers",
            "theme": "default",
            "type": "Bezier"
        },
        "04ede7b0-5b28-4642-a2f0-da5f4781882b": {
            "sourceType": "elements",
            "targetid": "f8b94665-824a-4ad3-93fb-7fa85ad36e0b",
            "sourceid": "f2af1e9f-7594-4eeb-ba7f-77b376ab97c2",
            "label": null,
            "targetType": "jumpers",
            "theme": "default",
            "type": "Bezier"
        },
        "4ddfdde6-2680-4bd9-a712-a1d492fefd8a": {
            "sourceType": "elements",
            "targetid": "df559990-e39d-4e46-b75a-6341214c99fc",
            "sourceid": "f2af1e9f-7594-4eeb-ba7f-77b376ab97c2",
            "label": null,
            "targetType": "jumpers",
            "theme": "default",
            "type": "Bezier"
        },
        "30e2433e-927f-405f-a30b-9676ee335d02": {
            "sourceType": "elements",
            "targetid": "a38b0f9d-865d-46b2-9b6a-98e17e3abfc3",
            "sourceid": "f2af1e9f-7594-4eeb-ba7f-77b376ab97c2",
            "label": null,
            "targetType": "jumpers",
            "theme": "default",
            "type": "Bezier"
        },
        "960f9bbd-3980-4de3-aefb-729b147455d5": {
            "sourceType": "elements",
            "label": null,
            "sourceid": "f2af1e9f-7594-4eeb-ba7f-77b376ab97c2",
            "targetid": "8c69805a-8f1f-42da-bf7b-2a3bbb547fb4",
            "targetFace": "top",
            "type": "Bezier",
            "theme": "default",
            "targetType": "jumpers"
        },
        "ea541b79-0a3d-4a85-85d7-2ec9261e5b6d": {
            "sourceType": "elements",
            "targetid": "07a47449-89d6-4274-8310-d1bba28d1c13",
            "sourceid": "caf2ba4b-3429-407e-b4eb-4c83e98176a0",
            "label": null,
            "targetType": "jumpers",
            "theme": "default",
            "type": "Bezier"
        },
        "10cbacc4-4d9b-4c10-842b-3a6274600d9f": {
            "sourceType": "elements",
            "label": null,
            "sourceid": "434d03ab-9d3d-441f-8767-fa63d810891d",
            "targetid": "6d440d4b-6881-4fe3-8adf-a114bb2fc26e",
            "targetFace": "top",
            "targetType": "elements",
            "theme": "default",
            "type": "Bezier"
        },
        "a3225556-e904-4ba5-9467-db168a37c729": {
            "sourceType": "elements",
            "label": null,
            "sourceid": "5869611b-6a20-4a26-a6cd-935909d39438",
            "targetid": "434d03ab-9d3d-441f-8767-fa63d810891d",
            "targetFace": "top",
            "targetType": "elements",
            "theme": "default",
            "type": "Bezier"
        },
        "2e4ee601-6284-4fb1-9e47-6894a1427581": {
            "sourceType": "elements",
            "label": null,
            "sourceid": "434d03ab-9d3d-441f-8767-fa63d810891d",
            "targetid": "5869611b-6a20-4a26-a6cd-935909d39438",
            "targetFace": "bottom",
            "targetType": "elements",
            "theme": "default",
            "type": "Bezier"
        },
        "dbf2ed38-3920-4d58-97e8-65987ce9da92": {
            "targetType": "jumpers",
            "type": "Bezier",
            "targetid": "f00466c4-a69d-4e8f-8aee-26b9321415ce",
            "label": null,
            "sourceid": "f616f9db-fa61-4c57-92b6-b26038a26780",
            "theme": "default",
            "sourceType": "elements"
        },
        "bc0c85f8-d800-4525-9aab-f308ffbefe81": {
            "targetType": "jumpers",
            "type": "Bezier",
            "targetid": "f00466c4-a69d-4e8f-8aee-26b9321415ce",
            "label": null,
            "sourceid": "35a1118b-86b4-4685-9572-c0554af3ca05",
            "theme": "default",
            "sourceType": "elements"
        },
        "f933166c-ca08-413e-8072-5f4964dc007c": {
            "targetType": "jumpers",
            "type": "Bezier",
            "targetid": "f00466c4-a69d-4e8f-8aee-26b9321415ce",
            "label": null,
            "sourceid": "46c29dc7-9b27-48e1-adf2-825b24a3af7a",
            "theme": "default",
            "sourceType": "elements"
        },
        "417c0ff7-c7b9-43af-9b76-7310c1fd9de1": {
            "targetType": "jumpers",
            "type": "Bezier",
            "targetid": "f00466c4-a69d-4e8f-8aee-26b9321415ce",
            "label": null,
            "sourceid": "89a7312e-13ac-41e5-8941-1353361f0534",
            "theme": "default",
            "sourceType": "elements"
        },
        "9c6dec19-5d0f-486d-8673-feb0c53b679b": {
            "targetType": "jumpers",
            "type": "Bezier",
            "targetid": "f00466c4-a69d-4e8f-8aee-26b9321415ce",
            "label": null,
            "sourceid": "22f1c047-b316-429a-9332-b6495db33eeb",
            "theme": "default",
            "sourceType": "elements"
        }
    },
    "branches": {},
    "components": {
        "65005bda-15d0-41c5-867f-68c118829f08": {
            "name": "Root",
            "root": true,
            "children": []
        }
    },
    "attributes": {},
    "assets": {
        "647d0495-341f-42b2-8788-b47dace22bf8": {
            "root": true,
            "children": []
        }
    },
    "variables": {
        "747d0495-341f-42b2-8788-b47dace22bf8": {
            "root": true,
            "children": [
                "3ae7ee06-b0c5-4f5e-b33c-0aab96c883b2",
                "17b8509a-a996-4660-be66-54fd05ccd393",
                "e4958547-b7f7-46b2-9b9f-19c9efbfb9ce",
                "d4fd32d6-7c74-4d00-aaa6-e98f53ec29d8",
                "d17b5e15-a133-40e9-97e8-0f85e6029619",
                "94589277-b713-4c99-81fd-8def02f0c5b9"
            ]
        },
        "3ae7ee06-b0c5-4f5e-b33c-0aab96c883b2": {
            "type": "integer",
            "name": "current_level",
            "value": 1
        },
        "17b8509a-a996-4660-be66-54fd05ccd393": {
            "type": "float",
            "name": "fill_state",
            "value": 0
        },
        "e4958547-b7f7-46b2-9b9f-19c9efbfb9ce": {
            "type": "integer",
            "name": "current_piece",
            "value": 0
        },
        "d4fd32d6-7c74-4d00-aaa6-e98f53ec29d8": {
            "type": "integer",
            "name": "next_piece",
            "value": 0
        },
        "d17b5e15-a133-40e9-97e8-0f85e6029619": {
            "type": "boolean",
            "name": "topped_out",
            "value": false
        },
        "94589277-b713-4c99-81fd-8def02f0c5b9": {
            "type": "integer",
            "name": "rolled_value",
            "value": 0
        }
    },
    "conditions": {},
    "name": "Tetris Classic",
    "cover": null
}