{
    "startingElement": "6e774dae-cbf3-40cb-9438-16875cac79a8",
    "boards": {
        "2ad15ff6-f2ba-4f1d-9d9d-68938c683d7e": {
            "name": "Root",
            "root": true,
            "children": [
                "776ddf58-fac9-4600-9ec4-504b516156af",
                "1d51892c-4ea1-46a8-806c-123cf30c9a04",
                "78b63be1-5b81-4065-a931-ce912c8d2921",
                "d7e3c627-14ea-4044-86f8-b4475372c5f7"
            ]
        },
        "630fdb8a-48d6-473e-9974-2460f7eb2b41": {
            "name": "High Speed Ring State",
            "notes": [],
            "jumpers": [
                "e749bede-dd2f-409b-ab7b-7c80a0fbd7c0"
            ],
            "branches": [],
            "elements": [
                "d819d6d1-00e9-474c-a146-c436f1da9d6d"
            ],
            "connections": [
                "2533d01c-720d-4b72-832e-462091ad9a3d"
            ]
        },
        "1d51892c-4ea1-46a8-806c-123cf30c9a04": {
            "name": "Sunday Cup PX",
            "notes": [],
            "elements": [
                "6e774dae-cbf3-40cb-9438-16875cac79a8",
                "9ac6a4f5-da4d-4529-be38-9199eec0b3b2",
                "96ba6b9c-b34a-4f44-817f-990ee2f3f7e5",
                "f42c4525-9935-463b-b8db-4d6246f80b19",
                "882d4625-9e11-4e8c-951c-0eece35be6d5"
            ],
            "connections": [
                "6cbd8af7-96c6-4f2f-a5f3-e783bf211fd0",
                "fb9a316a-6384-4420-a328-9d5ea5922cfd",
                "f858bb33-4d9e-4c1a-ac81-aca7cf57c398",
                "86fda968-8c8d-419c-a121-f1bd8bafeb55",
                "d2340ea2-dec3-4368-961d-d4121bf492f5",
                "e618d849-6a33-400f-8b3d-bb6b17fc9426",
                "5b2600ab-dbeb-428c-b457-2d171a262f8a",
                "7cfa619c-6065-4351-a092-c24cd96d9b0b",
                "7ec1bb9c-38a8-4d67-a8fc-28270a45d774",
                "5908f35f-5b8b-40f5-b871-52a29aea7412",
                "3ec67939-7803-40ee-b166-68fe25e3daf3",
                "95001cf7-a39d-4c1b-8c03-f877e484f6f7",
                "9029ca9f-d05f-49da-af7e-e825adf7aa62",
                "c9585fee-1cde-4b1f-94c7-16f0943287f4",
                "21ca7249-007d-4773-9299-4f0cf9704191",
                "4e81a008-558c-4b21-abcc-7942d69ff028"
            ],
            "branches": [
                "a4e7bade-6866-4d5d-b203-5c05611461ca",
                "c19515f9-56f8-4ec2-9791-6d8d5da938b1"
            ],
            "jumpers": [
                "459c8a9c-0618-403b-a92f-16bbe3e75bb0",
                "67754c77-f8ba-491d-8891-0e1357e0fc97",
                "db20865f-3ddd-446d-9d06-1ed694b65c49",
                "0eec2010-d4c0-4093-a8a7-8f3ace539007",
                "c31de8e5-c9b3-4fe7-b84c-732e92fc03bd",
                "58abfa54-f8d8-4f4f-8677-29d82655c273",
                "f77ecdcd-3faa-4555-b5cb-123cc2389b85",
                "49a770bb-da70-4e3e-9ce9-e1c3459f6364",
                "d05d3995-4996-4c44-9686-369e763f9397",
                "d4a8b798-1ebe-4c16-b15b-4272828b0117"
            ]
        },
        "f503d245-b965-4435-8195-452a2c9b4cf5": {
            "connections": [
                "2b0357b7-336c-434d-8c6b-f92d3332065a"
            ],
            "notes": [],
            "name": "Autumn Ring Mini Reverse State",
            "elements": [
                "b6cdcab7-e451-4d7c-a108-a57902480d9c"
            ],
            "branches": [],
            "jumpers": [
                "2da4f5e7-c8b6-42b1-9c03-5829eaba0af9"
            ]
        },
        "9ab27f60-3d4a-4f5a-b7aa-45b9f6e5cc84": {
            "connections": [
                "96025cfd-391e-4bba-8bb2-7ae99ff532aa"
            ],
            "notes": [],
            "name": "Beginner Course State",
            "elements": [
                "c4e4baf6-ef15-4a0f-9206-ec0c640011b9"
            ],
            "branches": [],
            "jumpers": [
                "b513d145-a87e-4904-b87d-299433fc249f"
            ]
        },
        "d7e3c627-14ea-4044-86f8-b4475372c5f7": {
            "name": "Races Won States",
            "children": [
                "f503d245-b965-4435-8195-452a2c9b4cf5",
                "9ab27f60-3d4a-4f5a-b7aa-45b9f6e5cc84",
                "630fdb8a-48d6-473e-9974-2460f7eb2b41",
                "2e796bc9-17d4-49b9-a7f9-fee5daefaf2f",
                "19a06eb8-9f29-4d5f-8af2-f070b2fab393"
            ]
        },
        "2e796bc9-17d4-49b9-a7f9-fee5daefaf2f": {
            "connections": [
                "0de55939-3f5b-4039-bbf1-7972472e0bcf"
            ],
            "notes": [],
            "name": "Clubman Stage Route 5 State",
            "elements": [
                "fe4aeb11-02aa-43b1-8c55-1c645e54607a"
            ],
            "branches": [],
            "jumpers": [
                "c1a58467-b95e-4a90-9588-47cd98ae7368"
            ]
        },
        "19a06eb8-9f29-4d5f-8af2-f070b2fab393": {
            "connections": [
                "2544c42a-4777-4975-91c4-cddd47c8c272"
            ],
            "notes": [],
            "name": "Twin Ring Motegi West Short Course State",
            "elements": [
                "f8727e6c-0ceb-4a28-8c10-bde73a8f9fc0"
            ],
            "branches": [],
            "jumpers": [
                "2ee977f5-0c50-4c23-9dad-cb6a6d02de20"
            ]
        },
        "78b63be1-5b81-4065-a931-ce912c8d2921": {
            "name": "Race PX Models",
            "children": [
                "a01936fe-64f9-4f41-86d0-c8985b6a81b6",
                "c96d5d34-1602-4bb2-955c-4ce5bc96ec25",
                "3199da12-40f9-49ef-8b3e-e7e1da23f104",
                "ff12d78d-4619-4a6a-8a29-b1b4de4ce668",
                "efb6dd0b-b2b6-4e3e-a080-e50849a95422",
                "d65b0dab-17a4-4934-aa79-d2b036682120"
            ]
        },
        "a01936fe-64f9-4f41-86d0-c8985b6a81b6": {
            "name": "Autum Ring Mini Reverse Event PX",
            "notes": [],
            "elements": [
                "2f822ba9-4b3f-446c-b5d0-57fa5d87a9b6"
            ],
            "connections": [
                "a718e740-8908-4289-b0b3-2d840ea3b35f"
            ],
            "branches": [],
            "jumpers": [
                "d75c2471-d1b5-48ce-965e-66d3e6534828"
            ]
        },
        "d65b0dab-17a4-4934-aa79-d2b036682120": {
            "name": "Race Factors",
            "children": [
                "1cc7d9e9-bbb1-4faf-a322-4a8119905975",
                "f072b7c5-f96d-4e4d-b432-a88ebefb7630",
                "09802a08-5d18-4e10-975c-29c4ffcee057"
            ]
        },
        "776ddf58-fac9-4600-9ec4-504b516156af": {
            "name": "Race Play Board",
            "notes": [],
            "elements": [
                "ae1d1021-1f53-442d-a2b9-f8d50271b721",
                "cac171f9-7ec7-4e7c-b799-14eb01348213",
                "365c852b-f9ac-4796-a073-71ad5dbf80b4",
                "181b3e0b-0f86-4394-bc83-610057ff2024",
                "e5f58183-5fbe-494e-b856-774343ba6f4a",
                "033f453a-c818-4f68-abf3-7a97aa02ba6a",
                "292579d8-43f3-4907-aa05-701a2d24cf5c",
                "1096cc49-836d-40c1-b882-f8ccea3f1ff9",
                "830b8d7e-3eef-45e4-b843-6aa7336a62e4",
                "ed8ea982-2691-477c-a16d-e41f5541985d",
                "bd3982bf-92be-4c1d-ad17-490daaf44526",
                "dc0e5916-2065-4d95-b885-8a0d707d9b25",
                "e7f29bf7-0c15-421c-9725-00f48fae838d",
                "dd218b99-44e1-485e-853d-bb43a7ae17f1",
                "04e2bcf5-54fc-462f-9e4b-bc5b4463e72e"
            ],
            "connections": [
                "b618e97e-e8b7-4c5b-b905-a08963f04e8c",
                "e903730a-3ade-4c36-aaa9-7a93fdcedb4d",
                "7cad595a-1232-4902-815a-bbbbf97e48a0",
                "ccbb6355-9abc-48ba-a8ed-06eadf19548d",
                "fc945856-8d2f-43e2-8b67-c4d8770d1375",
                "30d095a0-1514-4ca2-acef-50f2cc41156b",
                "e20ce4dd-7a81-41ff-83ec-5cc7236a84b1",
                "122a831c-8fae-4493-976c-99cb11dffa6f",
                "3c1a0fab-2060-4e36-bd21-faffaa32e697",
                "c17b3fd1-a691-4625-961f-d2a528241680",
                "ddb19e71-cc49-4b1e-8870-a7b6029f9c95",
                "46516d7e-008b-46f2-b0b5-2dfb59768920",
                "36c232aa-8afa-4985-94e2-7a605033eee3",
                "9d89a412-11c7-4448-8d50-8c27b345b038",
                "52afaa0f-bf12-451e-919f-c1085552729d",
                "28bbd026-0799-49fc-8dd0-f8f33e263bd4",
                "e2ab3033-b8a6-481a-892b-c13308a591ad",
                "759ee79b-741b-47fa-803e-742aa58de77a",
                "e7321ede-fffc-4d92-bfad-61e726fdbfb3",
                "8117b975-af3e-4d4a-9b88-aa1545b355fb",
                "320e385a-a663-4041-a0e6-d00a6980f4c0",
                "b94abbf5-3012-4190-9677-baee80edda1d",
                "c6766460-8895-4821-a750-bafe8b3ed532",
                "9e028d58-0a0d-4299-a84b-dc3384f2b528",
                "723288b9-0ad7-463f-a023-35ccc2123fc6",
                "73f3db86-63ce-4bae-9276-f881293b63b3",
                "4003a2ac-f7f6-49b4-9dc1-b1fb5dfafc87",
                "9b4c49ed-4b2a-4c8e-b990-2fc7d2028413",
                "b8e10c90-07e1-4fa7-a378-a0c29258674a",
                "607f3f01-be6f-47c1-945a-4aa3d307d065",
                "8d0b2a53-6a4b-4f6b-bc57-5f3918f948a3",
                "aacbba07-4009-4c7e-b34d-52b181b93702",
                "98fd8ef7-d8bb-41ee-8657-cfefd3ff9191",
                "d791bd21-c319-4470-8c84-d8839d7a798b",
                "96d4a239-1592-41aa-a689-eb61e7e769a8",
                "4c806fb9-2caf-404b-a559-58302a55e0e5",
                "a7268912-d08e-41a8-9e02-e63b1a389e9c",
                "4958aeca-885b-45e1-93df-126f8dcc7708",
                "f9ffbfe7-112a-4197-8405-998c17564f77",
                "ab69033b-4e11-490e-a413-078a830c5dcb",
                "4a0b86ba-922b-4cf5-8c48-56f0617de88d",
                "9a423a12-2bf4-4fd0-9c52-a1cd6a48fe42",
                "9c89b903-e4dc-4c33-8862-9390c566304c",
                "aeacd900-d8e7-468d-83ea-a6e38f63adb0",
                "48ac08ee-4833-4a6a-b3d1-d062bd09a963",
                "6a35aaff-7870-4426-bd55-cb7a4e82f2a5",
                "e32b3ab4-0a4f-4db3-bdbc-f95cee4a6d7f",
                "19555100-161d-42c6-8c6a-2e8852270d28",
                "a4a3d087-6b2c-432c-b628-bd481879c562",
                "87ef98da-c662-4601-a56b-a0dea90d6b1c",
                "247e9793-b641-4289-aed1-968bb71cd767",
                "a47507ad-184c-486d-a9e7-ecf530309c41",
                "a97bd4a1-5141-4b83-ba17-194e4a5dce13",
                "f2988bb7-45cf-4542-8c7f-23de5f09e367",
                "85444e48-803c-492a-8855-6fbb697f272c",
                "4dc73b4b-eebb-4977-84a5-490a4295e888",
                "44c2b3b3-f69f-4dd3-a050-68ef632b204e",
                "4355af5c-1f2b-4400-a815-f8d9f7a96ab2",
                "4868d2df-1509-44e6-be3c-0e5200d4e0ac",
                "a4f27fcd-7829-46d3-ac6e-cb919c17441b",
                "a0a1f324-cfaf-4d7e-b38c-d2978336b9d4"
            ],
            "branches": [
                "9bb7734d-6515-40e6-819c-da8061061ca7",
                "161db331-1b5d-4274-819e-76fa85dcdcf1",
                "e0f9410b-427d-48bc-be8b-99c550228d4c",
                "6a54d0c2-5aaa-4a5d-a6d3-04d4329b283e",
                "ec4a4fbb-51c7-477a-94ba-7a0ba8ee1a08",
                "7b1a1595-08f9-4664-acd5-570117a84045"
            ],
            "jumpers": [
                "da319f12-11aa-4a34-9c1f-dc8c5760b90b",
                "23cfa953-8cfc-4aa7-a332-634eda3cf296",
                "017b6fca-cdef-437e-b0c4-1f9e34fbf2cf",
                "55571a83-020e-4fad-a78d-e554365951bf",
                "8f097c91-f7cb-4e8d-91da-ad623587ea64",
                "56cab61c-4880-4663-a46a-dea3ce1d8694",
                "f422a810-3cc8-4577-b1c8-88d4b6b8458c",
                "637c2c8b-4be6-4b02-8edc-d2faa5ada632",
                "40b4e6bf-b9eb-4b2e-af3a-51d4a7b4beb6",
                "74be4fdd-c4ee-480b-b779-c8f49f95fbf0",
                "07bb9abc-7bb3-461e-a321-bffbf1f1e8ff",
                "58adf3ed-e0f5-49fe-8b32-c550de862e54",
                "ef3cd592-8ace-40c9-8822-320195ddfd2b",
                "203883c8-e3db-4d85-9d0a-820bd2fa9fd9",
                "7dfa1fe7-0c45-41aa-9f0b-6f481dd713e5",
                "9c6e24da-9ca0-4b4e-a4ab-c62484f708ac",
                "4a16cb39-fbf2-49ea-b0c7-910500dbcd2d",
                "1a77bcba-43e6-4024-b786-0c72e7ca72d6",
                "e9e0a200-7326-4855-bcca-aa70996c5e57",
                "8da6ee7b-6fbb-471e-bcf6-fb1b011f63e9",
                "e6949396-acb0-4518-b157-1391ffb09d05",
                "afbd8cff-9f3c-4a0a-9e05-44ccc76728a5",
                "c3118d0c-0aa8-4ab8-9051-f38ba89fd84d",
                "a91f3041-cf68-44d2-bccc-28227b5b709d",
                "5d33c3c0-77a1-4126-85ec-9f333e86b6bb",
                "3621fdbd-b0c5-45be-9d42-32520b0cd608",
                "91ccbc96-2b86-4b4c-8a64-04a02426ae3a",
                "01d45cba-2ead-485c-8bb7-473e5d5f8c71",
                "6ea4707a-dbb8-4b52-a1da-d040835b88ce",
                "a13a6b97-c734-45a7-beb5-17f2266741f8",
                "033a3f03-a24a-4b91-a8d9-ca24ca435134",
                "3277caba-1334-42dc-b53b-aaf5a3969620",
                "8fb8a954-cc29-43fc-bbb6-5bd656c7b917",
                "61d8bafb-c211-491b-8936-f96694f9eb67",
                "3e690b41-d817-4274-8f33-671f23f5fbe6",
                "f02e3b0e-0fa8-4b10-94e2-023bc0a15fab",
                "763e5c26-364e-45ec-b63b-57bd1c94cfbd",
                "92cbcd48-00e7-4faa-add9-462034da6e02",
                "85d43b32-ad5e-456d-aa30-9d9416225748"
            ]
        },
        "09802a08-5d18-4e10-975c-29c4ffcee057": {
            "name": "Laps Left",
            "notes": [],
            "elements": [
                "53bcff05-02b1-4dba-9c34-32251adbe99f"
            ],
            "connections": [
                "2bf94b5d-abda-41f0-b635-45b7bf910f00",
                "6cc84b34-95fb-4540-b988-b8a3709016c0",
                "a49bac38-7cf5-43b8-a580-7cc3fe443bdb"
            ],
            "branches": [
                "81c997fe-d30e-47ef-bdfb-22ec2fa05fa1"
            ],
            "jumpers": [
                "71692fe4-17b9-41a9-9ec6-d3b533e7b3df",
                "50eb3469-aa2d-4b5d-a023-f1bb5d0cec72"
            ]
        },
        "ff12d78d-4619-4a6a-8a29-b1b4de4ce668": {
            "connections": [
                "bad30082-3fbb-4da9-b7d2-2cb804af284a"
            ],
            "notes": [],
            "name": "Clubman Stage Route 5 PX",
            "elements": [
                "d4e9198c-2676-4488-88e4-5addcc64a6a8"
            ],
            "branches": [],
            "jumpers": [
                "0347371c-4443-41aa-9add-6dbf51b3d939"
            ]
        },
        "efb6dd0b-b2b6-4e3e-a080-e50849a95422": {
            "connections": [
                "b6bb3761-5fc1-4bcd-9016-c4f90cd041d4"
            ],
            "notes": [],
            "name": "Twin Ring Motegi West Short Course PX",
            "elements": [
                "4433dc4e-3ddd-4cb2-a386-be6b7bafed2c"
            ],
            "branches": [],
            "jumpers": [
                "d56d28a9-abff-4309-a17c-530a4c09a191"
            ]
        },
        "f072b7c5-f96d-4e4d-b432-a88ebefb7630": {
            "name": "Player Position",
            "notes": [],
            "elements": [
                "d884e4f5-6bd1-4738-8b85-15b030b1a4c5",
                "ac0291b7-d77c-4cd3-ba17-79c0e76c758d",
                "9a463194-ee19-4be2-bf64-173ef62e1c51",
                "26cb40c4-2b2e-4e40-995d-e4983e1f7f3a"
            ],
            "connections": [
                "5693f22d-4cbf-46b7-ae3a-86d18d734745",
                "c4f7b6b6-4390-49bc-9575-21ea6d85654e",
                "acc30053-4955-4b69-8426-564c7bf92b1e",
                "95ace9dd-f8ee-4d13-a133-49d7053d5cb1"
            ],
            "branches": [],
            "jumpers": [
                "c1cd1c11-7fee-48bb-8ace-39600f859d8b"
            ]
        },
        "1cc7d9e9-bbb1-4faf-a322-4a8119905975": {
            "name": "Player Gap",
            "notes": [],
            "elements": [
                "6d11d496-38fb-4fdb-89a1-6987a755987c",
                "4b0c0b09-d943-4ffa-bdff-bba0104f4d7c"
            ],
            "connections": [
                "b259e5a2-725c-4a1d-b585-e88068e9f624",
                "7483c42c-19dd-4a0a-acb7-d80d8b621fe8"
            ],
            "branches": [],
            "jumpers": [
                "fbb1369f-7837-4c79-bfa4-46255efb375d"
            ]
        },
        "c96d5d34-1602-4bb2-955c-4ce5bc96ec25": {
            "connections": [
                "3375978a-22df-4d8a-97be-b553415ff80b"
            ],
            "notes": [],
            "name": "Beginner Course PX",
            "elements": [
                "53a0f7af-9586-4962-ade9-391d6ed6c7a6"
            ],
            "branches": [],
            "jumpers": [
                "d64b0ac3-de5b-469f-8293-514d4e9d8f9b"
            ]
        },
        "3199da12-40f9-49ef-8b3e-e7e1da23f104": {
            "connections": [
                "b8ff67ba-d3d7-489a-861a-3cd0496c318c"
            ],
            "notes": [],
            "name": "High Speed Ring PX",
            "elements": [
                "d249c522-fa0b-4664-95f5-24b48196822e"
            ],
            "branches": [],
            "jumpers": [
                "96b3a4fc-6c4c-4fdc-9acd-00474560c68c"
            ]
        }
    },
    "notes": {},
    "elements": {
        "9ac6a4f5-da4d-4529-be38-9199eec0b3b2": {
            "autoHeight": true,
            "theme": "default",
            "components": [],
            "outputs": [
                "5b2600ab-dbeb-428c-b457-2d171a262f8a"
            ],
            "content": "<p>You won a race!<\/p>",
            "title": "<p>Player wins a race<\/p>"
        },
        "d819d6d1-00e9-474c-a146-c436f1da9d6d": {
            "autoHeight": true,
            "theme": "default",
            "components": [],
            "outputs": [
                "2533d01c-720d-4b72-832e-462091ad9a3d"
            ],
            "content": "<pre><code>high_speed_ring_won = true<\/code><\/pre>",
            "title": "<p>High Speed Ring Won<\/p>"
        },
        "bd3982bf-92be-4c1d-ad17-490daaf44526": {
            "outputs": [
                "9a423a12-2bf4-4fd0-9c52-a1cd6a48fe42",
                "9c89b903-e4dc-4c33-8862-9390c566304c",
                "aeacd900-d8e7-468d-83ea-a6e38f63adb0",
                "48ac08ee-4833-4a6a-b3d1-d062bd09a963"
            ],
            "theme": "default",
            "components": [],
            "autoHeight": true,
            "content": "",
            "title": "<p>Select next action<\/p>"
        },
        "b6cdcab7-e451-4d7c-a108-a57902480d9c": {
            "outputs": [
                "2b0357b7-336c-434d-8c6b-f92d3332065a"
            ],
            "components": [],
            "theme": "default",
            "autoHeight": true,
            "content": "<pre><code>autumn_ring_won = true<\/code><\/pre>",
            "title": "<p>Autumn Mini Ring Reverse Won<\/p>"
        },
        "dc0e5916-2065-4d95-b885-8a0d707d9b25": {
            "outputs": [
                "a7268912-d08e-41a8-9e02-e63b1a389e9c",
                "4958aeca-885b-45e1-93df-126f8dcc7708",
                "f9ffbfe7-112a-4197-8405-998c17564f77",
                "ab69033b-4e11-490e-a413-078a830c5dcb"
            ],
            "theme": "default",
            "components": [],
            "autoHeight": true,
            "content": "",
            "title": "<p>Select next action<\/p>"
        },
        "c4e4baf6-ef15-4a0f-9206-ec0c640011b9": {
            "outputs": [
                "96025cfd-391e-4bba-8bb2-7ae99ff532aa"
            ],
            "components": [],
            "theme": "default",
            "autoHeight": true,
            "content": "<pre><code>autumn_ring_won = true<\/code><\/pre>",
            "title": "<p>Beginner Course Won<\/p>"
        },
        "6e774dae-cbf3-40cb-9438-16875cac79a8": {
            "outputs": [
                "6cbd8af7-96c6-4f2f-a5f3-e783bf211fd0",
                "fb9a316a-6384-4420-a328-9d5ea5922cfd",
                "f858bb33-4d9e-4c1a-ac81-aca7cf57c398",
                "86fda968-8c8d-419c-a121-f1bd8bafeb55",
                "d2340ea2-dec3-4368-961d-d4121bf492f5"
            ],
            "components": [],
            "theme": "default",
            "autoHeight": false,
            "content": "<p>Select your next race. You have completed the following races:<\/p><pre><code>if autumn_ring_won == false && beginner_course_won == false && high_speed_ring_won == false && clubman_stage_route_5_won == false && twin_ring_motegi_short_course_won == false<\/code><\/pre><p>None.<\/p><pre><code>else<\/code><\/pre><pre><code>if autumn_ring_won<\/code><\/pre><p>Autumn Ring Reverse<\/p><pre><code>endif<\/code><\/pre><pre><code>if beginner_course_won<\/code><\/pre><p>Beginner Course<\/p><pre><code>endif<\/code><\/pre><pre><code>if high_speed_ring_won<\/code><\/pre><p>High Speed Ring<\/p><pre><code>endif<\/code><\/pre><pre><code>if clubman_stage_route_5_won <\/code><\/pre><p>Clubman Stage Route 5<\/p><pre><code>endif<\/code><\/pre><pre><code>if twin_ring_motegi_short_course_won<\/code><\/pre><p>Twin Ring Motegi Short Course<\/p><pre><code>endif<\/code><\/pre><pre><code>endif<\/code><\/pre><p>What race do you want to complete next?<\/p>",
            "title": "<p>Menu<\/p>"
        },
        "fe4aeb11-02aa-43b1-8c55-1c645e54607a": {
            "outputs": [
                "0de55939-3f5b-4039-bbf1-7972472e0bcf"
            ],
            "components": [],
            "theme": "default",
            "autoHeight": true,
            "content": "<pre><code>clubman_stage_route_5_won = true<\/code><\/pre>",
            "title": "<p>Clubman Stage Route 5 Won<\/p>"
        },
        "96ba6b9c-b34a-4f44-817f-990ee2f3f7e5": {
            "autoHeight": true,
            "theme": "default",
            "components": [],
            "outputs": [
                "e618d849-6a33-400f-8b3d-bb6b17fc9426"
            ],
            "content": "<p><\/p>",
            "title": "<p>Race win registered<\/p>"
        },
        "f8727e6c-0ceb-4a28-8c10-bde73a8f9fc0": {
            "autoHeight": true,
            "theme": "default",
            "components": [],
            "outputs": [
                "2544c42a-4777-4975-91c4-cddd47c8c272"
            ],
            "content": "<pre><code>twin_ring_motegi_short_course_won = true<\/code><\/pre>",
            "title": "<p>Twin Ring Motegi West Short Course Won<\/p>"
        },
        "f42c4525-9935-463b-b8db-4d6246f80b19": {
            "autoHeight": true,
            "theme": "default",
            "components": [],
            "outputs": [
                "21ca7249-007d-4773-9299-4f0cf9704191"
            ],
            "content": "<p>Congratulations, you completed the Sunday Cup! As a reward you get an Autobianchi A112 Abarth 1979!<\/p>",
            "title": "<p>You got a price car!<\/p>"
        },
        "2f822ba9-4b3f-446c-b5d0-57fa5d87a9b6": {
            "autoHeight": true,
            "theme": "default",
            "components": [],
            "outputs": [
                "a718e740-8908-4289-b0b3-2d840ea3b35f"
            ],
            "content": "<pre><code>current_player_position = 6<\/code><\/pre><pre><code>remaining_laps = 2<\/code><\/pre><pre><code>player_gap = 4<\/code><\/pre><pre><code>selected_race = 'autumn'<\/code><\/pre>",
            "title": "<p>Start Autumn Ring Mini Reverse Race<\/p>"
        },
        "cac171f9-7ec7-4e7c-b799-14eb01348213": {
            "autoHeight": true,
            "theme": "default",
            "components": [],
            "outputs": [
                "e903730a-3ade-4c36-aaa9-7a93fdcedb4d"
            ],
            "content": "<p>This race gives<\/p><pre><code>show(a_spec_points)<\/code><\/pre><p>A-Spec points.<\/p>",
            "title": "<p>Show A-Spec points<\/p>"
        },
        "9a463194-ee19-4be2-bf64-173ef62e1c51": {
            "autoHeight": true,
            "theme": "default",
            "components": [],
            "outputs": [
                "acc30053-4955-4b69-8426-564c7bf92b1e"
            ],
            "content": "<pre><code>current_player_position = 1<\/code><\/pre><pre><code>player_gap = 2<\/code><\/pre><p>You are now in the lead!<\/p>",
            "title": "<p>Get first place<\/p>"
        },
        "4b0c0b09-d943-4ffa-bdff-bba0104f4d7c": {
            "autoHeight": true,
            "theme": "default",
            "components": [],
            "outputs": [
                "7483c42c-19dd-4a0a-acb7-d80d8b621fe8"
            ],
            "content": "<pre><code>if player_gap > 1<\/code><\/pre><pre><code>player_gap = player_gap - 1<\/code><\/pre><pre><code>endif<\/code><\/pre><p>You gain time on the opponent!<\/p>",
            "title": "<p>Gain time<\/p>"
        },
        "d884e4f5-6bd1-4738-8b85-15b030b1a4c5": {
            "autoHeight": true,
            "theme": "default",
            "components": [],
            "outputs": [
                "5693f22d-4cbf-46b7-ae3a-86d18d734745"
            ],
            "content": "<pre><code>current_player_position = current_player_position + 1<\/code><\/pre><p>Bummer, you lost a position!<\/p>",
            "title": "<p>Lose a position<\/p>"
        },
        "ac0291b7-d77c-4cd3-ba17-79c0e76c758d": {
            "autoHeight": true,
            "theme": "default",
            "components": [],
            "outputs": [
                "c4f7b6b6-4390-49bc-9575-21ea6d85654e"
            ],
            "content": "<pre><code>current_player_position = 2<\/code><\/pre><pre><code>player_gap = 3<\/code><\/pre><p>You lost first place and are now in second!<\/p>",
            "title": "<p>Lose first place<\/p>"
        },
        "181b3e0b-0f86-4394-bc83-610057ff2024": {
            "autoHeight": true,
            "theme": "default",
            "components": [],
            "outputs": [
                "fc945856-8d2f-43e2-8b67-c4d8770d1375",
                "c17b3fd1-a691-4625-961f-d2a528241680"
            ],
            "content": "",
            "title": "<p>Select next action<\/p>"
        },
        "26cb40c4-2b2e-4e40-995d-e4983e1f7f3a": {
            "autoHeight": true,
            "theme": "default",
            "components": [],
            "outputs": [
                "95ace9dd-f8ee-4d13-a133-49d7053d5cb1"
            ],
            "content": "<pre><code>current_player_position = current_player_position - 1<\/code><\/pre><p>You overtook an opponent!<\/p>",
            "title": "<p>Gain a place<\/p>"
        },
        "53bcff05-02b1-4dba-9c34-32251adbe99f": {
            "autoHeight": true,
            "theme": "default",
            "components": [],
            "outputs": [
                "a49bac38-7cf5-43b8-a580-7cc3fe443bdb"
            ],
            "content": "<pre><code>remaining_laps = remaining_laps - 1<\/code><\/pre><p>You have completed a lap!<\/p>",
            "title": "<p>Complete a Lap<\/p>"
        },
        "d4e9198c-2676-4488-88e4-5addcc64a6a8": {
            "outputs": [
                "bad30082-3fbb-4da9-b7d2-2cb804af284a"
            ],
            "components": [],
            "theme": "default",
            "autoHeight": true,
            "content": "<pre><code>current_player_position = 6<\/code><\/pre><pre><code>remaining_laps = 2<\/code><\/pre><pre><code>player_gap = 4<\/code><\/pre><pre><code>selected_race = 'clubman'<\/code><\/pre>",
            "title": "<p>Start Clubman Stage Route 5 Event<\/p>"
        },
        "d249c522-fa0b-4664-95f5-24b48196822e": {
            "autoHeight": true,
            "theme": "default",
            "components": [],
            "outputs": [
                "b8ff67ba-d3d7-489a-861a-3cd0496c318c"
            ],
            "content": "<pre><code>current_player_position = 6<\/code><\/pre><pre><code>remaining_laps = 2<\/code><\/pre><pre><code>player_gap = 4<\/code><\/pre><pre><code>selected_race = 'highspeed'<\/code><\/pre>",
            "title": "<p>Start High Speed Ring Event<\/p>"
        },
        "53a0f7af-9586-4962-ade9-391d6ed6c7a6": {
            "outputs": [
                "3375978a-22df-4d8a-97be-b553415ff80b"
            ],
            "components": [],
            "theme": "default",
            "autoHeight": true,
            "content": "<pre><code>current_player_position = 6<\/code><\/pre><pre><code>remaining_laps = 4<\/code><\/pre><pre><code>player_gap = 4<\/code><\/pre><pre><code>selected_race = 'beginner'<\/code><\/pre>",
            "title": "<p>Start Beginner Course Event<\/p>"
        },
        "365c852b-f9ac-4796-a073-71ad5dbf80b4": {
            "autoHeight": false,
            "components": [],
            "theme": "default",
            "outputs": [
                "7cad595a-1232-4902-815a-bbbbf97e48a0"
            ],
            "content": "<p>You are currently in position <\/p><pre><code>show(current_player_position)<\/code><\/pre><p>with a gap of <\/p><pre><code>if current_player_position == 1<\/code><\/pre><pre><code>if player_gap == 1<\/code><\/pre><p>more than two seconds to second place<\/p><pre><code>elseif player_gap == 2<\/code><\/pre><p>less than one second to second place<\/p><pre><code>endif<\/code><\/pre><pre><code>else<\/code><\/pre><pre><code>if player_gap == 3<\/code><\/pre><p>less than one second<\/p><pre><code>elseif player_gap == 4<\/code><\/pre><p>around 3 seconds<\/p><pre><code>elseif player_gap == 5<\/code><\/pre><p>more than 5 seconds<\/p><pre><code>endif<\/code><\/pre><p>to the leader<\/p><pre><code>endif<\/code><\/pre><p>at <\/p><pre><code>show(selected_race)<\/code><\/pre><p>with <\/p><pre><code>show(remaining_laps)<\/code><\/pre><p>laps left.<\/p>",
            "title": "<p>Continue Racing<\/p>"
        },
        "ae1d1021-1f53-442d-a2b9-f8d50271b721": {
            "autoHeight": true,
            "theme": "default",
            "components": [],
            "outputs": [
                "b618e97e-e8b7-4c5b-b905-a08963f04e8c"
            ],
            "content": "<pre><code>a_spec_points = roll(1,200)<\/code><\/pre>",
            "title": "<p>Start Racing<\/p>"
        },
        "6d11d496-38fb-4fdb-89a1-6987a755987c": {
            "autoHeight": true,
            "theme": "default",
            "components": [],
            "outputs": [
                "b259e5a2-725c-4a1d-b585-e88068e9f624"
            ],
            "content": "<pre><code>if player_gap < 5<\/code><\/pre><pre><code>player_gap = player_gap + 1<\/code><\/pre><pre><code>endif<\/code><\/pre><p>You lose time to your opponents!<\/p>",
            "title": "<p>Lose time<\/p>"
        },
        "4433dc4e-3ddd-4cb2-a386-be6b7bafed2c": {
            "autoHeight": true,
            "theme": "default",
            "components": [],
            "outputs": [
                "b6bb3761-5fc1-4bcd-9016-c4f90cd041d4"
            ],
            "content": "<pre><code>current_player_position = 6<\/code><\/pre><pre><code>remaining_laps = 3<\/code><\/pre><pre><code>player_gap = 4<\/code><\/pre><pre><code>selected_race = 'twinring'<\/code><\/pre>",
            "title": "<p>Start Twin Ring Motegi West Short Course Event<\/p>"
        },
        "e5f58183-5fbe-494e-b856-774343ba6f4a": {
            "autoHeight": true,
            "components": [],
            "theme": "default",
            "outputs": [
                "122a831c-8fae-4493-976c-99cb11dffa6f",
                "3c1a0fab-2060-4e36-bd21-faffaa32e697",
                "320e385a-a663-4041-a0e6-d00a6980f4c0"
            ],
            "content": "",
            "title": "<p>Select next action<\/p>"
        },
        "033f453a-c818-4f68-abf3-7a97aa02ba6a": {
            "autoHeight": true,
            "components": [],
            "theme": "default",
            "outputs": [
                "36c232aa-8afa-4985-94e2-7a605033eee3",
                "9d89a412-11c7-4448-8d50-8c27b345b038",
                "52afaa0f-bf12-451e-919f-c1085552729d",
                "e7321ede-fffc-4d92-bfad-61e726fdbfb3"
            ],
            "content": "",
            "title": "<p>Select next action<\/p>"
        },
        "292579d8-43f3-4907-aa05-701a2d24cf5c": {
            "autoHeight": true,
            "components": [],
            "theme": "default",
            "outputs": [
                "e2ab3033-b8a6-481a-892b-c13308a591ad",
                "759ee79b-741b-47fa-803e-742aa58de77a",
                "8117b975-af3e-4d4a-9b88-aa1545b355fb",
                "b94abbf5-3012-4190-9677-baee80edda1d"
            ],
            "content": "",
            "title": "<p>Select next action<\/p>"
        },
        "1096cc49-836d-40c1-b882-f8ccea3f1ff9": {
            "outputs": [
                "9e028d58-0a0d-4299-a84b-dc3384f2b528",
                "723288b9-0ad7-463f-a023-35ccc2123fc6",
                "73f3db86-63ce-4bae-9276-f881293b63b3",
                "4003a2ac-f7f6-49b4-9dc1-b1fb5dfafc87"
            ],
            "theme": "default",
            "components": [],
            "autoHeight": true,
            "content": "",
            "title": "<p>Select next action<\/p>"
        },
        "830b8d7e-3eef-45e4-b843-6aa7336a62e4": {
            "outputs": [
                "b8e10c90-07e1-4fa7-a378-a0c29258674a",
                "607f3f01-be6f-47c1-945a-4aa3d307d065",
                "8d0b2a53-6a4b-4f6b-bc57-5f3918f948a3"
            ],
            "theme": "default",
            "components": [],
            "autoHeight": true,
            "content": "",
            "title": "<p>Select next action<\/p>"
        },
        "ed8ea982-2691-477c-a16d-e41f5541985d": {
            "outputs": [
                "98fd8ef7-d8bb-41ee-8657-cfefd3ff9191",
                "d791bd21-c319-4470-8c84-d8839d7a798b",
                "96d4a239-1592-41aa-a689-eb61e7e769a8"
            ],
            "theme": "default",
            "components": [],
            "autoHeight": true,
            "content": "",
            "title": "<p>Select next action<\/p>"
        },
        "e7f29bf7-0c15-421c-9725-00f48fae838d": {
            "autoHeight": true,
            "theme": "default",
            "components": [],
            "outputs": [
                "6a35aaff-7870-4426-bd55-cb7a4e82f2a5"
            ],
            "content": "",
            "title": "<p>Race over!<\/p>"
        },
        "882d4625-9e11-4e8c-951c-0eece35be6d5": {
            "autoHeight": true,
            "theme": "default",
            "components": [],
            "outputs": [
                "9029ca9f-d05f-49da-af7e-e825adf7aa62"
            ],
            "content": "<p>Sadly, you did not win the race...<\/p>",
            "title": "<p>Did not win<\/p>"
        },
        "dd218b99-44e1-485e-853d-bb43a7ae17f1": {
            "autoHeight": true,
            "components": [],
            "theme": "default",
            "outputs": [
                "a4a3d087-6b2c-432c-b628-bd481879c562",
                "87ef98da-c662-4601-a56b-a0dea90d6b1c",
                "247e9793-b641-4289-aed1-968bb71cd767",
                "a47507ad-184c-486d-a9e7-ecf530309c41",
                "a97bd4a1-5141-4b83-ba17-194e4a5dce13"
            ],
            "content": "",
            "title": "<p>Select next action<\/p>"
        },
        "04e2bcf5-54fc-462f-9e4b-bc5b4463e72e": {
            "autoHeight": true,
            "components": [],
            "theme": "default",
            "outputs": [
                "44c2b3b3-f69f-4dd3-a050-68ef632b204e",
                "4355af5c-1f2b-4400-a815-f8d9f7a96ab2",
                "4868d2df-1509-44e6-be3c-0e5200d4e0ac",
                "a4f27fcd-7829-46d3-ac6e-cb919c17441b"
            ],
            "content": "",
            "title": "<p>Select next action<\/p>"
        }
    },
    "jumpers": {
        "459c8a9c-0618-403b-a92f-16bbe3e75bb0": {
            "elementId": "2f822ba9-4b3f-446c-b5d0-57fa5d87a9b6",
            "height": 86,
            "width": 185
        },
        "67754c77-f8ba-491d-8891-0e1357e0fc97": {
            "elementId": "53a0f7af-9586-4962-ade9-391d6ed6c7a6",
            "height": 86,
            "width": 185
        },
        "db20865f-3ddd-446d-9d06-1ed694b65c49": {
            "elementId": "d249c522-fa0b-4664-95f5-24b48196822e",
            "height": 86,
            "width": 185
        },
        "0eec2010-d4c0-4093-a8a7-8f3ace539007": {
            "elementId": "d4e9198c-2676-4488-88e4-5addcc64a6a8",
            "height": 86,
            "width": 185
        },
        "c31de8e5-c9b3-4fe7-b84c-732e92fc03bd": {
            "elementId": "4433dc4e-3ddd-4cb2-a386-be6b7bafed2c",
            "height": 86,
            "width": 185
        },
        "d75c2471-d1b5-48ce-965e-66d3e6534828": {
            "elementId": "ae1d1021-1f53-442d-a2b9-f8d50271b721",
            "height": 86,
            "width": 185
        },
        "0347371c-4443-41aa-9add-6dbf51b3d939": {
            "elementId": "ae1d1021-1f53-442d-a2b9-f8d50271b721",
            "height": 86,
            "width": 185
        },
        "d64b0ac3-de5b-469f-8293-514d4e9d8f9b": {
            "elementId": "ae1d1021-1f53-442d-a2b9-f8d50271b721",
            "height": 86,
            "width": 185
        },
        "96b3a4fc-6c4c-4fdc-9acd-00474560c68c": {
            "elementId": "ae1d1021-1f53-442d-a2b9-f8d50271b721",
            "height": 86,
            "width": 185
        },
        "d56d28a9-abff-4309-a17c-530a4c09a191": {
            "elementId": "ae1d1021-1f53-442d-a2b9-f8d50271b721",
            "height": 86,
            "width": 185
        },
        "fbb1369f-7837-4c79-bfa4-46255efb375d": {
            "elementId": "365c852b-f9ac-4796-a073-71ad5dbf80b4",
            "height": 86,
            "width": 185
        },
        "c1cd1c11-7fee-48bb-8ace-39600f859d8b": {
            "elementId": "365c852b-f9ac-4796-a073-71ad5dbf80b4",
            "height": 86,
            "width": 185
        },
        "71692fe4-17b9-41a9-9ec6-d3b533e7b3df": {
            "elementId": "e7f29bf7-0c15-421c-9725-00f48fae838d",
            "height": 86,
            "width": 185
        },
        "50eb3469-aa2d-4b5d-a023-f1bb5d0cec72": {
            "elementId": "365c852b-f9ac-4796-a073-71ad5dbf80b4",
            "height": 86,
            "width": 185
        },
        "da319f12-11aa-4a34-9c1f-dc8c5760b90b": {
            "elementId": "6d11d496-38fb-4fdb-89a1-6987a755987c",
            "height": 86,
            "width": 185
        },
        "23cfa953-8cfc-4aa7-a332-634eda3cf296": {
            "elementId": "53bcff05-02b1-4dba-9c34-32251adbe99f",
            "height": 86,
            "width": 185
        },
        "017b6fca-cdef-437e-b0c4-1f9e34fbf2cf": {
            "elementId": "ac0291b7-d77c-4cd3-ba17-79c0e76c758d",
            "height": 86,
            "width": 185
        },
        "55571a83-020e-4fad-a78d-e554365951bf": {
            "elementId": "9a463194-ee19-4be2-bf64-173ef62e1c51",
            "height": 86,
            "width": 185
        },
        "8f097c91-f7cb-4e8d-91da-ad623587ea64": {
            "elementId": "d884e4f5-6bd1-4738-8b85-15b030b1a4c5",
            "height": 86,
            "width": 185
        },
        "ef3cd592-8ace-40c9-8822-320195ddfd2b": {
            "elementId": "4b0c0b09-d943-4ffa-bdff-bba0104f4d7c",
            "height": 86,
            "width": 185
        },
        "56cab61c-4880-4663-a46a-dea3ce1d8694": {
            "elementId": "6d11d496-38fb-4fdb-89a1-6987a755987c",
            "height": 86,
            "width": 185
        },
        "637c2c8b-4be6-4b02-8edc-d2faa5ada632": {
            "elementId": "6d11d496-38fb-4fdb-89a1-6987a755987c",
            "height": 86,
            "width": 185
        },
        "f422a810-3cc8-4577-b1c8-88d4b6b8458c": {
            "elementId": "d884e4f5-6bd1-4738-8b85-15b030b1a4c5",
            "height": 86,
            "width": 185
        },
        "40b4e6bf-b9eb-4b2e-af3a-51d4a7b4beb6": {
            "elementId": "53bcff05-02b1-4dba-9c34-32251adbe99f",
            "height": 86,
            "width": 185
        },
        "74be4fdd-c4ee-480b-b779-c8f49f95fbf0": {
            "elementId": "d884e4f5-6bd1-4738-8b85-15b030b1a4c5",
            "height": 86,
            "width": 185
        },
        "07bb9abc-7bb3-461e-a321-bffbf1f1e8ff": {
            "elementId": "6d11d496-38fb-4fdb-89a1-6987a755987c",
            "height": 86,
            "width": 185
        },
        "58adf3ed-e0f5-49fe-8b32-c550de862e54": {
            "elementId": "53bcff05-02b1-4dba-9c34-32251adbe99f",
            "height": 86,
            "width": 185
        },
        "203883c8-e3db-4d85-9d0a-820bd2fa9fd9": {
            "elementId": "4b0c0b09-d943-4ffa-bdff-bba0104f4d7c",
            "height": 86,
            "width": 185
        },
        "61d8bafb-c211-491b-8936-f96694f9eb67": {
            "elementId": "d884e4f5-6bd1-4738-8b85-15b030b1a4c5",
            "height": 86,
            "width": 185
        },
        "7dfa1fe7-0c45-41aa-9f0b-6f481dd713e5": {
            "elementId": "6d11d496-38fb-4fdb-89a1-6987a755987c",
            "height": 86,
            "width": 185
        },
        "9c6e24da-9ca0-4b4e-a4ab-c62484f708ac": {
            "elementId": "53bcff05-02b1-4dba-9c34-32251adbe99f",
            "height": 86,
            "width": 185
        },
        "4a16cb39-fbf2-49ea-b0c7-910500dbcd2d": {
            "elementId": "26cb40c4-2b2e-4e40-995d-e4983e1f7f3a",
            "height": 86,
            "width": 185
        },
        "8da6ee7b-6fbb-471e-bcf6-fb1b011f63e9": {
            "elementId": "26cb40c4-2b2e-4e40-995d-e4983e1f7f3a",
            "height": 86,
            "width": 185
        },
        "1a77bcba-43e6-4024-b786-0c72e7ca72d6": {
            "elementId": "53bcff05-02b1-4dba-9c34-32251adbe99f",
            "height": 86,
            "width": 185
        },
        "e9e0a200-7326-4855-bcca-aa70996c5e57": {
            "elementId": "4b0c0b09-d943-4ffa-bdff-bba0104f4d7c",
            "height": 86,
            "width": 185
        },
        "e6949396-acb0-4518-b157-1391ffb09d05": {
            "elementId": "53bcff05-02b1-4dba-9c34-32251adbe99f",
            "height": 86,
            "width": 185
        },
        "afbd8cff-9f3c-4a0a-9e05-44ccc76728a5": {
            "elementId": "4b0c0b09-d943-4ffa-bdff-bba0104f4d7c",
            "height": 86,
            "width": 185
        },
        "c3118d0c-0aa8-4ab8-9051-f38ba89fd84d": {
            "elementId": "26cb40c4-2b2e-4e40-995d-e4983e1f7f3a",
            "height": 86,
            "width": 185
        },
        "a91f3041-cf68-44d2-bccc-28227b5b709d": {
            "elementId": "d884e4f5-6bd1-4738-8b85-15b030b1a4c5",
            "height": 86,
            "width": 185
        },
        "5d33c3c0-77a1-4126-85ec-9f333e86b6bb": {
            "elementId": "53bcff05-02b1-4dba-9c34-32251adbe99f",
            "height": 86,
            "width": 185
        },
        "3e690b41-d817-4274-8f33-671f23f5fbe6": {
            "elementId": "6d11d496-38fb-4fdb-89a1-6987a755987c",
            "height": 86,
            "width": 185
        },
        "3621fdbd-b0c5-45be-9d42-32520b0cd608": {
            "elementId": "26cb40c4-2b2e-4e40-995d-e4983e1f7f3a",
            "height": 86,
            "width": 185
        },
        "91ccbc96-2b86-4b4c-8a64-04a02426ae3a": {
            "elementId": "d884e4f5-6bd1-4738-8b85-15b030b1a4c5",
            "height": 86,
            "width": 185
        },
        "01d45cba-2ead-485c-8bb7-473e5d5f8c71": {
            "elementId": "6d11d496-38fb-4fdb-89a1-6987a755987c",
            "height": 86,
            "width": 185
        },
        "2da4f5e7-c8b6-42b1-9c03-5829eaba0af9": {
            "elementId": "96ba6b9c-b34a-4f44-817f-990ee2f3f7e5",
            "height": 86,
            "width": 185
        },
        "58abfa54-f8d8-4f4f-8677-29d82655c273": {
            "elementId": "b6cdcab7-e451-4d7c-a108-a57902480d9c",
            "height": 86,
            "width": 185
        },
        "f77ecdcd-3faa-4555-b5cb-123cc2389b85": {
            "elementId": "c4e4baf6-ef15-4a0f-9206-ec0c640011b9",
            "height": 86,
            "width": 185
        },
        "49a770bb-da70-4e3e-9ce9-e1c3459f6364": {
            "elementId": "d819d6d1-00e9-474c-a146-c436f1da9d6d",
            "height": 86,
            "width": 185
        },
        "d05d3995-4996-4c44-9686-369e763f9397": {
            "elementId": "fe4aeb11-02aa-43b1-8c55-1c645e54607a",
            "height": 86,
            "width": 185
        },
        "d4a8b798-1ebe-4c16-b15b-4272828b0117": {
            "elementId": "f8727e6c-0ceb-4a28-8c10-bde73a8f9fc0",
            "height": 86,
            "width": 185
        },
        "b513d145-a87e-4904-b87d-299433fc249f": {
            "elementId": "96ba6b9c-b34a-4f44-817f-990ee2f3f7e5",
            "height": 86,
            "width": 185
        },
        "e749bede-dd2f-409b-ab7b-7c80a0fbd7c0": {
            "elementId": "96ba6b9c-b34a-4f44-817f-990ee2f3f7e5",
            "height": 86,
            "width": 185
        },
        "c1a58467-b95e-4a90-9588-47cd98ae7368": {
            "elementId": "96ba6b9c-b34a-4f44-817f-990ee2f3f7e5",
            "height": 86,
            "width": 185
        },
        "2ee977f5-0c50-4c23-9dad-cb6a6d02de20": {
            "elementId": "96ba6b9c-b34a-4f44-817f-990ee2f3f7e5",
            "height": 86,
            "width": 185
        },
        "6ea4707a-dbb8-4b52-a1da-d040835b88ce": {
            "elementId": "9ac6a4f5-da4d-4529-be38-9199eec0b3b2",
            "height": 86,
            "width": 185
        },
        "a13a6b97-c734-45a7-beb5-17f2266741f8": {
            "elementId": "882d4625-9e11-4e8c-951c-0eece35be6d5",
            "height": 86,
            "width": 185
        },
        "033a3f03-a24a-4b91-a8d9-ca24ca435134": {
            "elementId": "53bcff05-02b1-4dba-9c34-32251adbe99f",
            "height": 86,
            "width": 185
        },
        "3277caba-1334-42dc-b53b-aaf5a3969620": {
            "elementId": "4b0c0b09-d943-4ffa-bdff-bba0104f4d7c",
            "height": 86,
            "width": 185
        },
        "8fb8a954-cc29-43fc-bbb6-5bd656c7b917": {
            "elementId": "26cb40c4-2b2e-4e40-995d-e4983e1f7f3a",
            "height": 86,
            "width": 185
        },
        "f02e3b0e-0fa8-4b10-94e2-023bc0a15fab": {
            "elementId": "6d11d496-38fb-4fdb-89a1-6987a755987c",
            "height": 86,
            "width": 185
        },
        "763e5c26-364e-45ec-b63b-57bd1c94cfbd": {
            "elementId": "53bcff05-02b1-4dba-9c34-32251adbe99f",
            "height": 86,
            "width": 185
        },
        "92cbcd48-00e7-4faa-add9-462034da6e02": {
            "elementId": "4b0c0b09-d943-4ffa-bdff-bba0104f4d7c",
            "height": 86,
            "width": 185
        },
        "85d43b32-ad5e-456d-aa30-9d9416225748": {
            "elementId": "26cb40c4-2b2e-4e40-995d-e4983e1f7f3a",
            "height": 86,
            "width": 185
        }
    },
    "connections": {
        "2533d01c-720d-4b72-832e-462091ad9a3d": {
            "type": "Bezier",
            "targetType": "jumpers",
            "targetid": "e749bede-dd2f-409b-ab7b-7c80a0fbd7c0",
            "sourceid": "d819d6d1-00e9-474c-a146-c436f1da9d6d",
            "theme": "default",
            "sourceType": "elements",
            "label": null
        },
        "95001cf7-a39d-4c1b-8c03-f877e484f6f7": {
            "type": "Bezier",
            "targetType": "jumpers",
            "targetid": "d4a8b798-1ebe-4c16-b15b-4272828b0117",
            "sourceid": "6b7a2e06-551d-4471-a10e-51382b779309",
            "theme": "default",
            "sourceType": "conditions",
            "label": null
        },
        "96025cfd-391e-4bba-8bb2-7ae99ff532aa": {
            "type": "Bezier",
            "targetType": "jumpers",
            "targetid": "b513d145-a87e-4904-b87d-299433fc249f",
            "sourceid": "c4e4baf6-ef15-4a0f-9206-ec0c640011b9",
            "theme": "default",
            "sourceType": "elements",
            "label": null
        },
        "0de55939-3f5b-4039-bbf1-7972472e0bcf": {
            "targetFace": "top",
            "type": "Bezier",
            "targetType": "jumpers",
            "targetid": "c1a58467-b95e-4a90-9588-47cd98ae7368",
            "sourceid": "fe4aeb11-02aa-43b1-8c55-1c645e54607a",
            "theme": "default",
            "sourceType": "elements",
            "label": null
        },
        "2544c42a-4777-4975-91c4-cddd47c8c272": {
            "type": "Bezier",
            "targetType": "jumpers",
            "targetid": "2ee977f5-0c50-4c23-9dad-cb6a6d02de20",
            "sourceid": "f8727e6c-0ceb-4a28-8c10-bde73a8f9fc0",
            "theme": "default",
            "sourceType": "elements",
            "label": null
        },
        "bad30082-3fbb-4da9-b7d2-2cb804af284a": {
            "type": "Bezier",
            "targetType": "jumpers",
            "targetid": "0347371c-4443-41aa-9add-6dbf51b3d939",
            "sourceid": "d4e9198c-2676-4488-88e4-5addcc64a6a8",
            "theme": "default",
            "sourceType": "elements",
            "label": null
        },
        "9a423a12-2bf4-4fd0-9c52-a1cd6a48fe42": {
            "targetFace": "left",
            "type": "Bezier",
            "targetType": "jumpers",
            "targetid": "3621fdbd-b0c5-45be-9d42-32520b0cd608",
            "sourceid": "bd3982bf-92be-4c1d-ad17-490daaf44526",
            "theme": "default",
            "sourceType": "elements",
            "label": null
        },
        "e903730a-3ade-4c36-aaa9-7a93fdcedb4d": {
            "type": "Bezier",
            "targetType": "elements",
            "targetid": "365c852b-f9ac-4796-a073-71ad5dbf80b4",
            "sourceid": "cac171f9-7ec7-4e7c-b799-14eb01348213",
            "theme": "default",
            "sourceType": "elements",
            "label": null
        },
        "2b0357b7-336c-434d-8c6b-f92d3332065a": {
            "type": "Bezier",
            "targetType": "jumpers",
            "targetid": "2da4f5e7-c8b6-42b1-9c03-5829eaba0af9",
            "sourceid": "b6cdcab7-e451-4d7c-a108-a57902480d9c",
            "theme": "default",
            "sourceType": "elements",
            "label": null
        },
        "b259e5a2-725c-4a1d-b585-e88068e9f624": {
            "type": "Bezier",
            "targetType": "jumpers",
            "targetid": "fbb1369f-7837-4c79-bfa4-46255efb375d",
            "sourceid": "6d11d496-38fb-4fdb-89a1-6987a755987c",
            "theme": "default",
            "sourceType": "elements",
            "label": null
        },
        "b8ff67ba-d3d7-489a-861a-3cd0496c318c": {
            "type": "Bezier",
            "targetType": "jumpers",
            "targetid": "96b3a4fc-6c4c-4fdc-9acd-00474560c68c",
            "sourceid": "d249c522-fa0b-4664-95f5-24b48196822e",
            "theme": "default",
            "sourceType": "elements",
            "label": null
        },
        "a718e740-8908-4289-b0b3-2d840ea3b35f": {
            "targetFace": "left",
            "type": "Bezier",
            "targetType": "jumpers",
            "targetid": "d75c2471-d1b5-48ce-965e-66d3e6534828",
            "sourceid": "2f822ba9-4b3f-446c-b5d0-57fa5d87a9b6",
            "theme": "default",
            "sourceType": "elements",
            "label": null
        },
        "b618e97e-e8b7-4c5b-b905-a08963f04e8c": {
            "type": "Bezier",
            "targetType": "elements",
            "targetid": "cac171f9-7ec7-4e7c-b799-14eb01348213",
            "sourceid": "ae1d1021-1f53-442d-a2b9-f8d50271b721",
            "theme": "default",
            "sourceType": "elements",
            "label": null
        },
        "48ac08ee-4833-4a6a-b3d1-d062bd09a963": {
            "type": "Bezier",
            "targetType": "jumpers",
            "targetid": "01d45cba-2ead-485c-8bb7-473e5d5f8c71",
            "sourceid": "bd3982bf-92be-4c1d-ad17-490daaf44526",
            "theme": "default",
            "sourceType": "elements",
            "label": null
        },
        "aeacd900-d8e7-468d-83ea-a6e38f63adb0": {
            "type": "Bezier",
            "targetType": "jumpers",
            "targetid": "91ccbc96-2b86-4b4c-8a64-04a02426ae3a",
            "sourceid": "bd3982bf-92be-4c1d-ad17-490daaf44526",
            "theme": "default",
            "sourceType": "elements",
            "label": null
        },
        "b6bb3761-5fc1-4bcd-9016-c4f90cd041d4": {
            "type": "Bezier",
            "targetType": "jumpers",
            "targetid": "d56d28a9-abff-4309-a17c-530a4c09a191",
            "sourceid": "4433dc4e-3ddd-4cb2-a386-be6b7bafed2c",
            "theme": "default",
            "sourceType": "elements",
            "label": null
        },
        "3375978a-22df-4d8a-97be-b553415ff80b": {
            "type": "Bezier",
            "targetType": "jumpers",
            "targetid": "d64b0ac3-de5b-469f-8293-514d4e9d8f9b",
            "sourceid": "53a0f7af-9586-4962-ade9-391d6ed6c7a6",
            "theme": "default",
            "sourceType": "elements",
            "label": null
        },
        "9c89b903-e4dc-4c33-8862-9390c566304c": {
            "type": "Bezier",
            "targetType": "jumpers",
            "targetid": "5d33c3c0-77a1-4126-85ec-9f333e86b6bb",
            "sourceid": "bd3982bf-92be-4c1d-ad17-490daaf44526",
            "theme": "default",
            "sourceType": "elements",
            "label": null
        },
        "6cc84b34-95fb-4540-b988-b8a3709016c0": {
            "type": "Bezier",
            "targetType": "jumpers",
            "targetid": "50eb3469-aa2d-4b5d-a023-f1bb5d0cec72",
            "sourceid": "133f0a5b-d8dc-4ff5-ac1a-3192438f6f49",
            "theme": "default",
            "sourceType": "conditions",
            "label": null
        },
        "95ace9dd-f8ee-4d13-a133-49d7053d5cb1": {
            "type": "Bezier",
            "targetType": "jumpers",
            "targetid": "c1cd1c11-7fee-48bb-8ace-39600f859d8b",
            "sourceid": "26cb40c4-2b2e-4e40-995d-e4983e1f7f3a",
            "theme": "default",
            "sourceType": "elements",
            "label": null
        },
        "2bf94b5d-abda-41f0-b635-45b7bf910f00": {
            "type": "Bezier",
            "targetType": "jumpers",
            "targetid": "71692fe4-17b9-41a9-9ec6-d3b533e7b3df",
            "sourceid": "a2535908-5108-43e7-aafc-9e09563d1be1",
            "theme": "default",
            "sourceType": "conditions",
            "label": null
        },
        "acc30053-4955-4b69-8426-564c7bf92b1e": {
            "type": "Bezier",
            "targetType": "jumpers",
            "targetid": "c1cd1c11-7fee-48bb-8ace-39600f859d8b",
            "sourceid": "9a463194-ee19-4be2-bf64-173ef62e1c51",
            "theme": "default",
            "sourceType": "elements",
            "label": null
        },
        "7483c42c-19dd-4a0a-acb7-d80d8b621fe8": {
            "targetType": "jumpers",
            "type": "Bezier",
            "targetid": "fbb1369f-7837-4c79-bfa4-46255efb375d",
            "sourceid": "4b0c0b09-d943-4ffa-bdff-bba0104f4d7c",
            "theme": "default",
            "sourceType": "elements",
            "label": null
        },
        "5693f22d-4cbf-46b7-ae3a-86d18d734745": {
            "type": "Bezier",
            "targetType": "jumpers",
            "targetid": "c1cd1c11-7fee-48bb-8ace-39600f859d8b",
            "sourceid": "d884e4f5-6bd1-4738-8b85-15b030b1a4c5",
            "theme": "default",
            "sourceType": "elements",
            "label": null
        },
        "c4f7b6b6-4390-49bc-9575-21ea6d85654e": {
            "type": "Bezier",
            "targetType": "jumpers",
            "targetid": "c1cd1c11-7fee-48bb-8ace-39600f859d8b",
            "sourceid": "ac0291b7-d77c-4cd3-ba17-79c0e76c758d",
            "theme": "default",
            "sourceType": "elements",
            "label": null
        },
        "a49bac38-7cf5-43b8-a580-7cc3fe443bdb": {
            "targetFace": "left",
            "type": "Bezier",
            "targetType": "branches",
            "targetid": "81c997fe-d30e-47ef-bdfb-22ec2fa05fa1",
            "sourceid": "53bcff05-02b1-4dba-9c34-32251adbe99f",
            "theme": "default",
            "sourceType": "elements",
            "label": null
        },
        "7cad595a-1232-4902-815a-bbbbf97e48a0": {
            "type": "Bezier",
            "targetType": "branches",
            "targetid": "9bb7734d-6515-40e6-819c-da8061061ca7",
            "sourceid": "365c852b-f9ac-4796-a073-71ad5dbf80b4",
            "theme": "default",
            "sourceType": "elements",
            "label": null
        },
        "ccbb6355-9abc-48ba-a8ed-06eadf19548d": {
            "targetFace": "left",
            "type": "Bezier",
            "targetType": "branches",
            "targetid": "161db331-1b5d-4274-819e-76fa85dcdcf1",
            "sourceid": "80474e72-05c0-475a-b46c-9049317576bb",
            "theme": "default",
            "sourceType": "conditions",
            "label": null
        },
        "fc945856-8d2f-43e2-8b67-c4d8770d1375": {
            "type": "Bezier",
            "targetType": "jumpers",
            "targetid": "da319f12-11aa-4a34-9c1f-dc8c5760b90b",
            "sourceid": "181b3e0b-0f86-4394-bc83-610057ff2024",
            "theme": "default",
            "sourceType": "elements",
            "label": null
        },
        "122a831c-8fae-4493-976c-99cb11dffa6f": {
            "type": "Bezier",
            "targetType": "jumpers",
            "targetid": "017b6fca-cdef-437e-b0c4-1f9e34fbf2cf",
            "sourceid": "e5f58183-5fbe-494e-b856-774343ba6f4a",
            "theme": "default",
            "sourceType": "elements",
            "label": null
        },
        "30d095a0-1514-4ca2-acef-50f2cc41156b": {
            "targetFace": "left",
            "type": "Bezier",
            "targetType": "elements",
            "targetid": "181b3e0b-0f86-4394-bc83-610057ff2024",
            "sourceid": "c89649de-60a6-4e91-beda-83711904ea4f",
            "theme": "default",
            "sourceType": "conditions",
            "label": null
        },
        "e20ce4dd-7a81-41ff-83ec-5cc7236a84b1": {
            "type": "Bezier",
            "targetType": "elements",
            "targetid": "e5f58183-5fbe-494e-b856-774343ba6f4a",
            "sourceid": "6fcaa009-2556-4fc8-bf71-a25f7ce3f29f",
            "theme": "default",
            "sourceType": "conditions",
            "label": null
        },
        "c17b3fd1-a691-4625-961f-d2a528241680": {
            "targetType": "jumpers",
            "type": "Bezier",
            "targetid": "23cfa953-8cfc-4aa7-a332-634eda3cf296",
            "sourceid": "181b3e0b-0f86-4394-bc83-610057ff2024",
            "theme": "default",
            "sourceType": "elements",
            "label": null
        },
        "3c1a0fab-2060-4e36-bd21-faffaa32e697": {
            "type": "Bezier",
            "targetType": "jumpers",
            "targetid": "23cfa953-8cfc-4aa7-a332-634eda3cf296",
            "sourceid": "e5f58183-5fbe-494e-b856-774343ba6f4a",
            "theme": "default",
            "sourceType": "elements",
            "label": null
        },
        "ddb19e71-cc49-4b1e-8870-a7b6029f9c95": {
            "targetFace": "left",
            "type": "Bezier",
            "targetType": "branches",
            "targetid": "e0f9410b-427d-48bc-be8b-99c550228d4c",
            "sourceid": "90388085-d757-4a38-833c-aec7ff11c16a",
            "theme": "default",
            "sourceType": "conditions",
            "label": null
        },
        "46516d7e-008b-46f2-b0b5-2dfb59768920": {
            "targetFace": "left",
            "type": "Bezier",
            "targetType": "elements",
            "targetid": "033f453a-c818-4f68-abf3-7a97aa02ba6a",
            "sourceid": "ea5a1c9f-63dd-4253-a336-ab54424ce3e7",
            "theme": "default",
            "sourceType": "conditions",
            "label": null
        },
        "36c232aa-8afa-4985-94e2-7a605033eee3": {
            "targetFace": "left",
            "type": "Bezier",
            "targetType": "jumpers",
            "targetid": "55571a83-020e-4fad-a78d-e554365951bf",
            "sourceid": "033f453a-c818-4f68-abf3-7a97aa02ba6a",
            "theme": "default",
            "sourceType": "elements",
            "label": null
        },
        "9d89a412-11c7-4448-8d50-8c27b345b038": {
            "targetFace": "left",
            "type": "Bezier",
            "targetType": "jumpers",
            "targetid": "56cab61c-4880-4663-a46a-dea3ce1d8694",
            "sourceid": "033f453a-c818-4f68-abf3-7a97aa02ba6a",
            "theme": "default",
            "sourceType": "elements",
            "label": null
        },
        "52afaa0f-bf12-451e-919f-c1085552729d": {
            "targetFace": "left",
            "type": "Bezier",
            "targetType": "jumpers",
            "targetid": "8f097c91-f7cb-4e8d-91da-ad623587ea64",
            "sourceid": "033f453a-c818-4f68-abf3-7a97aa02ba6a",
            "theme": "default",
            "sourceType": "elements",
            "label": null
        },
        "759ee79b-741b-47fa-803e-742aa58de77a": {
            "type": "Bezier",
            "targetType": "jumpers",
            "targetid": "637c2c8b-4be6-4b02-8edc-d2faa5ada632",
            "sourceid": "292579d8-43f3-4907-aa05-701a2d24cf5c",
            "theme": "default",
            "sourceType": "elements",
            "label": null
        },
        "28bbd026-0799-49fc-8dd0-f8f33e263bd4": {
            "type": "Bezier",
            "targetType": "elements",
            "targetid": "292579d8-43f3-4907-aa05-701a2d24cf5c",
            "sourceid": "6bb08737-c22e-4d4e-ab8c-2d58b3368a78",
            "theme": "default",
            "sourceType": "conditions",
            "label": null
        },
        "e2ab3033-b8a6-481a-892b-c13308a591ad": {
            "type": "Bezier",
            "targetType": "jumpers",
            "targetid": "f422a810-3cc8-4577-b1c8-88d4b6b8458c",
            "sourceid": "292579d8-43f3-4907-aa05-701a2d24cf5c",
            "theme": "default",
            "sourceType": "elements",
            "label": null
        },
        "e7321ede-fffc-4d92-bfad-61e726fdbfb3": {
            "type": "Bezier",
            "targetType": "jumpers",
            "targetid": "40b4e6bf-b9eb-4b2e-af3a-51d4a7b4beb6",
            "sourceid": "033f453a-c818-4f68-abf3-7a97aa02ba6a",
            "theme": "default",
            "sourceType": "elements",
            "label": null
        },
        "8117b975-af3e-4d4a-9b88-aa1545b355fb": {
            "targetFace": "left",
            "type": "Bezier",
            "targetType": "jumpers",
            "targetid": "40b4e6bf-b9eb-4b2e-af3a-51d4a7b4beb6",
            "sourceid": "292579d8-43f3-4907-aa05-701a2d24cf5c",
            "theme": "default",
            "sourceType": "elements",
            "label": null
        },
        "320e385a-a663-4041-a0e6-d00a6980f4c0": {
            "type": "Bezier",
            "targetType": "jumpers",
            "targetid": "ef3cd592-8ace-40c9-8822-320195ddfd2b",
            "sourceid": "e5f58183-5fbe-494e-b856-774343ba6f4a",
            "theme": "default",
            "sourceType": "elements",
            "label": null
        },
        "b94abbf5-3012-4190-9677-baee80edda1d": {
            "type": "Bezier",
            "targetType": "jumpers",
            "targetid": "203883c8-e3db-4d85-9d0a-820bd2fa9fd9",
            "sourceid": "292579d8-43f3-4907-aa05-701a2d24cf5c",
            "theme": "default",
            "sourceType": "elements",
            "label": null
        },
        "c6766460-8895-4821-a750-bafe8b3ed532": {
            "targetFace": "left",
            "type": "Bezier",
            "targetType": "elements",
            "targetid": "1096cc49-836d-40c1-b882-f8ccea3f1ff9",
            "sourceid": "c5eb12fe-2832-45b6-ab8c-d40a54d20777",
            "theme": "default",
            "sourceType": "conditions",
            "label": null
        },
        "9e028d58-0a0d-4299-a84b-dc3384f2b528": {
            "type": "Bezier",
            "targetType": "jumpers",
            "targetid": "07bb9abc-7bb3-461e-a321-bffbf1f1e8ff",
            "sourceid": "1096cc49-836d-40c1-b882-f8ccea3f1ff9",
            "theme": "default",
            "sourceType": "elements",
            "label": null
        },
        "723288b9-0ad7-463f-a023-35ccc2123fc6": {
            "type": "Bezier",
            "targetType": "jumpers",
            "targetid": "203883c8-e3db-4d85-9d0a-820bd2fa9fd9",
            "sourceid": "1096cc49-836d-40c1-b882-f8ccea3f1ff9",
            "theme": "default",
            "sourceType": "elements",
            "label": null
        },
        "73f3db86-63ce-4bae-9276-f881293b63b3": {
            "type": "Bezier",
            "targetType": "jumpers",
            "targetid": "74be4fdd-c4ee-480b-b779-c8f49f95fbf0",
            "sourceid": "1096cc49-836d-40c1-b882-f8ccea3f1ff9",
            "theme": "default",
            "sourceType": "elements",
            "label": null
        },
        "4003a2ac-f7f6-49b4-9dc1-b1fb5dfafc87": {
            "type": "Bezier",
            "targetType": "jumpers",
            "targetid": "58adf3ed-e0f5-49fe-8b32-c550de862e54",
            "sourceid": "1096cc49-836d-40c1-b882-f8ccea3f1ff9",
            "theme": "default",
            "sourceType": "elements",
            "label": null
        },
        "9b4c49ed-4b2a-4c8e-b990-2fc7d2028413": {
            "targetFace": "left",
            "type": "Bezier",
            "targetType": "branches",
            "targetid": "6a54d0c2-5aaa-4a5d-a6d3-04d4329b283e",
            "sourceid": "81cd9814-441b-49ab-b83d-a08516be02ea",
            "theme": "default",
            "sourceType": "conditions",
            "label": null
        },
        "4dc73b4b-eebb-4977-84a5-490a4295e888": {
            "type": "Bezier",
            "targetType": "elements",
            "targetid": "830b8d7e-3eef-45e4-b843-6aa7336a62e4",
            "sourceid": "3e14f4b8-2f0e-41f6-bd3d-f95301e8e610",
            "theme": "default",
            "sourceType": "conditions",
            "label": null
        },
        "a97bd4a1-5141-4b83-ba17-194e4a5dce13": {
            "targetid": "3e690b41-d817-4274-8f33-671f23f5fbe6",
            "sourceType": "elements",
            "sourceid": "dd218b99-44e1-485e-853d-bb43a7ae17f1",
            "targetType": "jumpers",
            "theme": "default",
            "type": "Bezier",
            "label": null
        },
        "b8e10c90-07e1-4fa7-a378-a0c29258674a": {
            "type": "Bezier",
            "targetType": "jumpers",
            "targetid": "7dfa1fe7-0c45-41aa-9f0b-6f481dd713e5",
            "sourceid": "830b8d7e-3eef-45e4-b843-6aa7336a62e4",
            "theme": "default",
            "sourceType": "elements",
            "label": null
        },
        "607f3f01-be6f-47c1-945a-4aa3d307d065": {
            "type": "Bezier",
            "targetType": "jumpers",
            "targetid": "9c6e24da-9ca0-4b4e-a4ab-c62484f708ac",
            "sourceid": "830b8d7e-3eef-45e4-b843-6aa7336a62e4",
            "theme": "default",
            "sourceType": "elements",
            "label": null
        },
        "8d0b2a53-6a4b-4f6b-bc57-5f3918f948a3": {
            "type": "Bezier",
            "targetType": "jumpers",
            "targetid": "4a16cb39-fbf2-49ea-b0c7-910500dbcd2d",
            "sourceid": "830b8d7e-3eef-45e4-b843-6aa7336a62e4",
            "theme": "default",
            "sourceType": "elements",
            "label": null
        },
        "aacbba07-4009-4c7e-b34d-52b181b93702": {
            "type": "Bezier",
            "targetType": "elements",
            "targetid": "ed8ea982-2691-477c-a16d-e41f5541985d",
            "sourceid": "c23b3b95-810c-4dd1-bada-db8d540830f7",
            "theme": "default",
            "sourceType": "conditions",
            "label": null
        },
        "98fd8ef7-d8bb-41ee-8657-cfefd3ff9191": {
            "type": "Bezier",
            "targetType": "jumpers",
            "targetid": "e9e0a200-7326-4855-bcca-aa70996c5e57",
            "sourceid": "ed8ea982-2691-477c-a16d-e41f5541985d",
            "theme": "default",
            "sourceType": "elements",
            "label": null
        },
        "d791bd21-c319-4470-8c84-d8839d7a798b": {
            "type": "Bezier",
            "targetType": "jumpers",
            "targetid": "8da6ee7b-6fbb-471e-bcf6-fb1b011f63e9",
            "sourceid": "ed8ea982-2691-477c-a16d-e41f5541985d",
            "theme": "default",
            "sourceType": "elements",
            "label": null
        },
        "96d4a239-1592-41aa-a689-eb61e7e769a8": {
            "type": "Bezier",
            "targetType": "jumpers",
            "targetid": "1a77bcba-43e6-4024-b786-0c72e7ca72d6",
            "sourceid": "ed8ea982-2691-477c-a16d-e41f5541985d",
            "theme": "default",
            "sourceType": "elements",
            "label": null
        },
        "4c806fb9-2caf-404b-a559-58302a55e0e5": {
            "targetFace": "left",
            "type": "Bezier",
            "targetType": "branches",
            "targetid": "ec4a4fbb-51c7-477a-94ba-7a0ba8ee1a08",
            "sourceid": "830aca74-6f77-423d-a723-a8de9d43a164",
            "theme": "default",
            "sourceType": "conditions",
            "label": null
        },
        "a7268912-d08e-41a8-9e02-e63b1a389e9c": {
            "type": "Bezier",
            "targetType": "jumpers",
            "targetid": "afbd8cff-9f3c-4a0a-9e05-44ccc76728a5",
            "sourceid": "dc0e5916-2065-4d95-b885-8a0d707d9b25",
            "theme": "default",
            "sourceType": "elements",
            "label": null
        },
        "4958aeca-885b-45e1-93df-126f8dcc7708": {
            "type": "Bezier",
            "targetType": "jumpers",
            "targetid": "c3118d0c-0aa8-4ab8-9051-f38ba89fd84d",
            "sourceid": "dc0e5916-2065-4d95-b885-8a0d707d9b25",
            "theme": "default",
            "sourceType": "elements",
            "label": null
        },
        "f9ffbfe7-112a-4197-8405-998c17564f77": {
            "type": "Bezier",
            "targetType": "jumpers",
            "targetid": "e6949396-acb0-4518-b157-1391ffb09d05",
            "sourceid": "dc0e5916-2065-4d95-b885-8a0d707d9b25",
            "theme": "default",
            "sourceType": "elements",
            "label": null
        },
        "ab69033b-4e11-490e-a413-078a830c5dcb": {
            "type": "Bezier",
            "targetType": "jumpers",
            "targetid": "a91f3041-cf68-44d2-bccc-28227b5b709d",
            "sourceid": "dc0e5916-2065-4d95-b885-8a0d707d9b25",
            "theme": "default",
            "sourceType": "elements",
            "label": null
        },
        "4a0b86ba-922b-4cf5-8c48-56f0617de88d": {
            "type": "Bezier",
            "targetType": "elements",
            "targetid": "dc0e5916-2065-4d95-b885-8a0d707d9b25",
            "sourceid": "4258c1df-3620-44bf-a448-520c43c7c13d",
            "theme": "default",
            "sourceType": "conditions",
            "label": null
        },
        "f2988bb7-45cf-4542-8c7f-23de5f09e367": {
            "type": "Bezier",
            "targetType": "elements",
            "targetid": "bd3982bf-92be-4c1d-ad17-490daaf44526",
            "sourceid": "211eb328-6c89-44bd-a9b0-832051feae58",
            "theme": "default",
            "sourceType": "conditions",
            "label": null
        },
        "85444e48-803c-492a-8855-6fbb697f272c": {
            "type": "Bezier",
            "targetType": "elements",
            "targetid": "dd218b99-44e1-485e-853d-bb43a7ae17f1",
            "sourceid": "640f91fa-b69a-4cb5-868a-4c111ec596fc",
            "theme": "default",
            "sourceType": "conditions",
            "label": null
        },
        "d2340ea2-dec3-4368-961d-d4121bf492f5": {
            "type": "Bezier",
            "targetType": "jumpers",
            "targetid": "459c8a9c-0618-403b-a92f-16bbe3e75bb0",
            "sourceType": "elements",
            "theme": "default",
            "sourceid": "6e774dae-cbf3-40cb-9438-16875cac79a8",
            "label": "<p>Player selects Autumn Ring Race<\/p>"
        },
        "6cbd8af7-96c6-4f2f-a5f3-e783bf211fd0": {
            "sourceid": "6e774dae-cbf3-40cb-9438-16875cac79a8",
            "targetid": "67754c77-f8ba-491d-8891-0e1357e0fc97",
            "sourceType": "elements",
            "targetType": "jumpers",
            "theme": "default",
            "type": "Bezier",
            "label": "<p>Player selects Beginner Course Race<\/p>"
        },
        "fb9a316a-6384-4420-a328-9d5ea5922cfd": {
            "sourceid": "6e774dae-cbf3-40cb-9438-16875cac79a8",
            "targetid": "db20865f-3ddd-446d-9d06-1ed694b65c49",
            "sourceType": "elements",
            "targetType": "jumpers",
            "theme": "default",
            "type": "Bezier",
            "label": "<p>Player selects High Speed Ring Race<\/p>"
        },
        "f858bb33-4d9e-4c1a-ac81-aca7cf57c398": {
            "sourceid": "6e774dae-cbf3-40cb-9438-16875cac79a8",
            "targetid": "0eec2010-d4c0-4093-a8a7-8f3ace539007",
            "sourceType": "elements",
            "targetType": "jumpers",
            "theme": "default",
            "type": "Bezier",
            "label": "<p>Player selects Clubman Stage Route 5 Race<\/p>"
        },
        "86fda968-8c8d-419c-a121-f1bd8bafeb55": {
            "sourceid": "6e774dae-cbf3-40cb-9438-16875cac79a8",
            "targetid": "c31de8e5-c9b3-4fe7-b84c-732e92fc03bd",
            "sourceType": "elements",
            "targetType": "jumpers",
            "theme": "default",
            "type": "Bezier",
            "label": "<p>Player selects Twin Ring Motegi West Short Course Race<\/p>"
        },
        "c9585fee-1cde-4b1f-94c7-16f0943287f4": {
            "targetType": "elements",
            "type": "Bezier",
            "targetid": "6e774dae-cbf3-40cb-9438-16875cac79a8",
            "sourceid": "28928879-837f-407d-9663-c482db4bb733",
            "theme": "default",
            "sourceType": "conditions",
            "label": null
        },
        "e618d849-6a33-400f-8b3d-bb6b17fc9426": {
            "type": "Bezier",
            "targetType": "branches",
            "targetid": "c19515f9-56f8-4ec2-9791-6d8d5da938b1",
            "sourceid": "96ba6b9c-b34a-4f44-817f-990ee2f3f7e5",
            "theme": "default",
            "sourceType": "elements",
            "label": null
        },
        "5b2600ab-dbeb-428c-b457-2d171a262f8a": {
            "type": "Bezier",
            "targetType": "branches",
            "targetid": "a4e7bade-6866-4d5d-b203-5c05611461ca",
            "sourceid": "9ac6a4f5-da4d-4529-be38-9199eec0b3b2",
            "theme": "default",
            "sourceType": "elements",
            "label": null
        },
        "7cfa619c-6065-4351-a092-c24cd96d9b0b": {
            "type": "Bezier",
            "targetType": "jumpers",
            "targetid": "58abfa54-f8d8-4f4f-8677-29d82655c273",
            "sourceid": "2147efd8-53a4-4165-8453-5c26e17db6b0",
            "theme": "default",
            "sourceType": "conditions",
            "label": null
        },
        "7ec1bb9c-38a8-4d67-a8fc-28270a45d774": {
            "type": "Bezier",
            "targetType": "jumpers",
            "targetid": "f77ecdcd-3faa-4555-b5cb-123cc2389b85",
            "sourceid": "49b00257-c3c3-42cf-b89e-56d23b2c02b5",
            "theme": "default",
            "sourceType": "conditions",
            "label": null
        },
        "5908f35f-5b8b-40f5-b871-52a29aea7412": {
            "type": "Bezier",
            "targetType": "jumpers",
            "targetid": "49a770bb-da70-4e3e-9ce9-e1c3459f6364",
            "sourceid": "fdbfe496-abce-4231-8b29-c1052398ee18",
            "theme": "default",
            "sourceType": "conditions",
            "label": null
        },
        "3ec67939-7803-40ee-b166-68fe25e3daf3": {
            "type": "Bezier",
            "targetType": "jumpers",
            "targetid": "d05d3995-4996-4c44-9686-369e763f9397",
            "sourceid": "19710249-3d3b-4761-8c4e-24674527a4f6",
            "theme": "default",
            "sourceType": "conditions",
            "label": null
        },
        "21ca7249-007d-4773-9299-4f0cf9704191": {
            "targetType": "elements",
            "type": "Bezier",
            "targetid": "6e774dae-cbf3-40cb-9438-16875cac79a8",
            "sourceid": "f42c4525-9935-463b-b8db-4d6246f80b19",
            "theme": "default",
            "sourceType": "elements",
            "label": null
        },
        "a0a1f324-cfaf-4d7e-b38c-d2978336b9d4": {
            "targetFace": "left",
            "type": "Bezier",
            "targetType": "elements",
            "targetid": "04e2bcf5-54fc-462f-9e4b-bc5b4463e72e",
            "sourceid": "5b298b0b-d8c1-4bca-a03d-1380b386b2e9",
            "theme": "default",
            "sourceType": "conditions",
            "label": null
        },
        "6a35aaff-7870-4426-bd55-cb7a4e82f2a5": {
            "type": "Bezier",
            "targetType": "branches",
            "targetid": "7b1a1595-08f9-4664-acd5-570117a84045",
            "sourceid": "e7f29bf7-0c15-421c-9725-00f48fae838d",
            "theme": "default",
            "sourceType": "elements",
            "label": null
        },
        "e32b3ab4-0a4f-4db3-bdbc-f95cee4a6d7f": {
            "type": "Bezier",
            "targetType": "jumpers",
            "targetid": "6ea4707a-dbb8-4b52-a1da-d040835b88ce",
            "sourceid": "7b88794b-7e42-4813-b9da-88475ce537d7",
            "theme": "default",
            "sourceType": "conditions",
            "label": null
        },
        "9029ca9f-d05f-49da-af7e-e825adf7aa62": {
            "targetFace": "left",
            "type": "Bezier",
            "targetType": "elements",
            "targetid": "6e774dae-cbf3-40cb-9438-16875cac79a8",
            "sourceid": "882d4625-9e11-4e8c-951c-0eece35be6d5",
            "theme": "default",
            "sourceType": "elements",
            "label": null
        },
        "19555100-161d-42c6-8c6a-2e8852270d28": {
            "type": "Bezier",
            "targetType": "jumpers",
            "targetid": "a13a6b97-c734-45a7-beb5-17f2266741f8",
            "sourceid": "3d927a63-50dd-46e3-a335-d1733478bd84",
            "theme": "default",
            "sourceType": "conditions",
            "label": null
        },
        "a4a3d087-6b2c-432c-b628-bd481879c562": {
            "targetid": "3277caba-1334-42dc-b53b-aaf5a3969620",
            "sourceType": "elements",
            "sourceid": "dd218b99-44e1-485e-853d-bb43a7ae17f1",
            "targetType": "jumpers",
            "theme": "default",
            "type": "Bezier",
            "label": null
        },
        "87ef98da-c662-4601-a56b-a0dea90d6b1c": {
            "sourceType": "elements",
            "targetid": "8fb8a954-cc29-43fc-bbb6-5bd656c7b917",
            "sourceid": "dd218b99-44e1-485e-853d-bb43a7ae17f1",
            "targetFace": "left",
            "targetType": "jumpers",
            "theme": "default",
            "type": "Bezier",
            "label": null
        },
        "247e9793-b641-4289-aed1-968bb71cd767": {
            "targetid": "033a3f03-a24a-4b91-a8d9-ca24ca435134",
            "sourceType": "elements",
            "sourceid": "dd218b99-44e1-485e-853d-bb43a7ae17f1",
            "targetType": "jumpers",
            "theme": "default",
            "type": "Bezier",
            "label": null
        },
        "a47507ad-184c-486d-a9e7-ecf530309c41": {
            "targetid": "61d8bafb-c211-491b-8936-f96694f9eb67",
            "sourceType": "elements",
            "sourceid": "dd218b99-44e1-485e-853d-bb43a7ae17f1",
            "targetType": "jumpers",
            "theme": "default",
            "type": "Bezier",
            "label": null
        },
        "44c2b3b3-f69f-4dd3-a050-68ef632b204e": {
            "targetid": "92cbcd48-00e7-4faa-add9-462034da6e02",
            "sourceType": "elements",
            "sourceid": "04e2bcf5-54fc-462f-9e4b-bc5b4463e72e",
            "targetType": "jumpers",
            "theme": "default",
            "type": "Bezier",
            "label": null
        },
        "4355af5c-1f2b-4400-a815-f8d9f7a96ab2": {
            "targetid": "f02e3b0e-0fa8-4b10-94e2-023bc0a15fab",
            "sourceType": "elements",
            "sourceid": "04e2bcf5-54fc-462f-9e4b-bc5b4463e72e",
            "targetType": "jumpers",
            "theme": "default",
            "type": "Bezier",
            "label": null
        },
        "4868d2df-1509-44e6-be3c-0e5200d4e0ac": {
            "targetid": "763e5c26-364e-45ec-b63b-57bd1c94cfbd",
            "sourceType": "elements",
            "sourceid": "04e2bcf5-54fc-462f-9e4b-bc5b4463e72e",
            "targetType": "jumpers",
            "theme": "default",
            "type": "Bezier",
            "label": null
        },
        "a4f27fcd-7829-46d3-ac6e-cb919c17441b": {
            "targetid": "85d43b32-ad5e-456d-aa30-9d9416225748",
            "sourceType": "elements",
            "sourceid": "04e2bcf5-54fc-462f-9e4b-bc5b4463e72e",
            "targetType": "jumpers",
            "theme": "default",
            "type": "Bezier",
            "label": null
        },
        "4e81a008-558c-4b21-abcc-7942d69ff028": {
            "type": "Bezier",
            "targetType": "elements",
            "targetid": "f42c4525-9935-463b-b8db-4d6246f80b19",
            "sourceid": "1a40dc77-cda3-4842-8183-1000ee8c57ef",
            "theme": "default",
            "sourceType": "conditions",
            "label": null
        }
    },
    "branches": {
        "81c997fe-d30e-47ef-bdfb-22ec2fa05fa1": {
            "conditions": {
                "ifCondition": "a2535908-5108-43e7-aafc-9e09563d1be1",
                "elseCondition": "133f0a5b-d8dc-4ff5-ac1a-3192438f6f49"
            },
            "theme": "default"
        },
        "9bb7734d-6515-40e6-819c-da8061061ca7": {
            "conditions": {
                "ifCondition": "80474e72-05c0-475a-b46c-9049317576bb",
                "elseIfConditions": [
                    "90388085-d757-4a38-833c-aec7ff11c16a",
                    "81cd9814-441b-49ab-b83d-a08516be02ea"
                ],
                "elseCondition": "830aca74-6f77-423d-a723-a8de9d43a164"
            },
            "theme": "default"
        },
        "161db331-1b5d-4274-819e-76fa85dcdcf1": {
            "conditions": {
                "ifCondition": "c89649de-60a6-4e91-beda-83711904ea4f",
                "elseCondition": "6fcaa009-2556-4fc8-bf71-a25f7ce3f29f"
            },
            "theme": "default"
        },
        "e0f9410b-427d-48bc-be8b-99c550228d4c": {
            "conditions": {
                "ifCondition": "ea5a1c9f-63dd-4253-a336-ab54424ce3e7",
                "elseCondition": "c5eb12fe-2832-45b6-ab8c-d40a54d20777",
                "elseIfConditions": [
                    "6bb08737-c22e-4d4e-ab8c-2d58b3368a78"
                ]
            },
            "theme": "default"
        },
        "6a54d0c2-5aaa-4a5d-a6d3-04d4329b283e": {
            "conditions": {
                "ifCondition": "c23b3b95-810c-4dd1-bada-db8d540830f7",
                "elseCondition": "5b298b0b-d8c1-4bca-a03d-1380b386b2e9",
                "elseIfConditions": [
                    "3e14f4b8-2f0e-41f6-bd3d-f95301e8e610"
                ]
            },
            "theme": "default"
        },
        "ec4a4fbb-51c7-477a-94ba-7a0ba8ee1a08": {
            "conditions": {
                "ifCondition": "4258c1df-3620-44bf-a448-520c43c7c13d",
                "elseCondition": "640f91fa-b69a-4cb5-868a-4c111ec596fc",
                "elseIfConditions": [
                    "211eb328-6c89-44bd-a9b0-832051feae58"
                ]
            },
            "theme": "default"
        },
        "a4e7bade-6866-4d5d-b203-5c05611461ca": {
            "conditions": {
                "ifCondition": "2147efd8-53a4-4165-8453-5c26e17db6b0",
                "elseIfConditions": [
                    "49b00257-c3c3-42cf-b89e-56d23b2c02b5",
                    "fdbfe496-abce-4231-8b29-c1052398ee18",
                    "19710249-3d3b-4761-8c4e-24674527a4f6",
                    "6b7a2e06-551d-4471-a10e-51382b779309"
                ]
            },
            "theme": "default"
        },
        "c19515f9-56f8-4ec2-9791-6d8d5da938b1": {
            "conditions": {
                "ifCondition": "1a40dc77-cda3-4842-8183-1000ee8c57ef",
                "elseCondition": "28928879-837f-407d-9663-c482db4bb733"
            },
            "theme": "default"
        },
        "7b1a1595-08f9-4664-acd5-570117a84045": {
            "conditions": {
                "ifCondition": "7b88794b-7e42-4813-b9da-88475ce537d7",
                "elseCondition": "3d927a63-50dd-46e3-a335-d1733478bd84"
            },
            "theme": "default"
        }
    },
    "components": {
        "65005bda-15d0-41c5-867f-68c118829f08": {
            "root": true,
            "children": [],
            "name": "Root"
        }
    },
    "attributes": {},
    "assets": {
        "647d0495-341f-42b2-8788-b47dace22bf8": {
            "root": true,
            "children": []
        }
    },
    "variables": {
        "747d0495-341f-42b2-8788-b47dace22bf8": {
            "root": true,
            "children": [
                "966a7949-b721-4b5e-8243-d9bc6798bf7e",
                "10faf210-4a04-4233-a8d9-248f81afe434",
                "9706e49c-5c9c-4978-8757-4beada8dad55",
                "78648c2e-3ce7-4023-b94f-90ad5bbd8493",
                "7254413c-1cc1-41f9-9ac8-07fbf07ef638",
                "9972ee2f-39e5-494d-b7f1-572038a8b400",
                "8f7627a2-a3a0-49ba-99be-a3880de20f8d",
                "ea031619-1a5f-4c88-b7a8-ea369deaedc2",
                "75b9195d-24b4-4675-a155-2f2508e20ab0",
                "52eab44b-c7bb-4476-8cc8-42bffd24e4bf"
            ]
        },
        "966a7949-b721-4b5e-8243-d9bc6798bf7e": {
            "type": "boolean",
            "name": "autumn_ring_won",
            "value": false
        },
        "10faf210-4a04-4233-a8d9-248f81afe434": {
            "type": "boolean",
            "name": "beginner_course_won",
            "value": false
        },
        "9706e49c-5c9c-4978-8757-4beada8dad55": {
            "type": "boolean",
            "name": "high_speed_ring_won",
            "value": false
        },
        "78648c2e-3ce7-4023-b94f-90ad5bbd8493": {
            "type": "boolean",
            "name": "clubman_stage_route_5_won",
            "value": false
        },
        "7254413c-1cc1-41f9-9ac8-07fbf07ef638": {
            "type": "boolean",
            "name": "twin_ring_motegi_short_course_won",
            "value": false
        },
        "9972ee2f-39e5-494d-b7f1-572038a8b400": {
            "type": "integer",
            "name": "current_player_position",
            "value": 6
        },
        "8f7627a2-a3a0-49ba-99be-a3880de20f8d": {
            "type": "integer",
            "name": "player_gap",
            "value": 4
        },
        "ea031619-1a5f-4c88-b7a8-ea369deaedc2": {
            "type": "integer",
            "name": "a_spec_points",
            "value": 0
        },
        "75b9195d-24b4-4675-a155-2f2508e20ab0": {
            "type": "integer",
            "name": "remaining_laps",
            "value": 0
        },
        "52eab44b-c7bb-4476-8cc8-42bffd24e4bf": {
            "type": "string",
            "name": "selected_race",
            "value": ""
        }
    },
    "conditions": {
        "a2535908-5108-43e7-aafc-9e09563d1be1": {
            "script": "remaining_laps == 0",
            "output": "2bf94b5d-abda-41f0-b635-45b7bf910f00"
        },
        "133f0a5b-d8dc-4ff5-ac1a-3192438f6f49": {
            "script": null,
            "output": "6cc84b34-95fb-4540-b988-b8a3709016c0"
        },
        "80474e72-05c0-475a-b46c-9049317576bb": {
            "script": "current_player_position == 1",
            "output": "ccbb6355-9abc-48ba-a8ed-06eadf19548d"
        },
        "c89649de-60a6-4e91-beda-83711904ea4f": {
            "script": "player_gap == 1",
            "output": "30d095a0-1514-4ca2-acef-50f2cc41156b"
        },
        "90388085-d757-4a38-833c-aec7ff11c16a": {
            "script": "current_player_position == 2",
            "output": "ddb19e71-cc49-4b1e-8870-a7b6029f9c95"
        },
        "81cd9814-441b-49ab-b83d-a08516be02ea": {
            "script": "current_player_position == 6",
            "output": "9b4c49ed-4b2a-4c8e-b990-2fc7d2028413"
        },
        "830aca74-6f77-423d-a723-a8de9d43a164": {
            "script": null,
            "output": "4c806fb9-2caf-404b-a559-58302a55e0e5"
        },
        "6fcaa009-2556-4fc8-bf71-a25f7ce3f29f": {
            "script": null,
            "output": "e20ce4dd-7a81-41ff-83ec-5cc7236a84b1"
        },
        "ea5a1c9f-63dd-4253-a336-ab54424ce3e7": {
            "script": "player_gap == 3",
            "output": "46516d7e-008b-46f2-b0b5-2dfb59768920"
        },
        "c5eb12fe-2832-45b6-ab8c-d40a54d20777": {
            "script": null,
            "output": "c6766460-8895-4821-a750-bafe8b3ed532"
        },
        "6bb08737-c22e-4d4e-ab8c-2d58b3368a78": {
            "script": "player_gap == 5",
            "output": "28bbd026-0799-49fc-8dd0-f8f33e263bd4"
        },
        "c23b3b95-810c-4dd1-bada-db8d540830f7": {
            "script": "player_gap == 5",
            "output": "aacbba07-4009-4c7e-b34d-52b181b93702"
        },
        "5b298b0b-d8c1-4bca-a03d-1380b386b2e9": {
            "script": null,
            "output": "a0a1f324-cfaf-4d7e-b38c-d2978336b9d4"
        },
        "4258c1df-3620-44bf-a448-520c43c7c13d": {
            "script": "player_gap == 5",
            "output": "4a0b86ba-922b-4cf5-8c48-56f0617de88d"
        },
        "640f91fa-b69a-4cb5-868a-4c111ec596fc": {
            "script": null,
            "output": "85444e48-803c-492a-8855-6fbb697f272c"
        },
        "2147efd8-53a4-4165-8453-5c26e17db6b0": {
            "script": "selected_race == 'autumn'",
            "output": "7cfa619c-6065-4351-a092-c24cd96d9b0b"
        },
        "1a40dc77-cda3-4842-8183-1000ee8c57ef": {
            "script": "autumn_ring_won &amp;&amp; beginner_course_won &amp;&amp; high_speed_ring_won &amp;&amp; clubman_stage_route_5_won &amp;&amp; twin_ring_motegi_short_course_won",
            "output": "4e81a008-558c-4b21-abcc-7942d69ff028"
        },
        "19710249-3d3b-4761-8c4e-24674527a4f6": {
            "script": "selected_race == 'clubman'",
            "output": "3ec67939-7803-40ee-b166-68fe25e3daf3"
        },
        "49b00257-c3c3-42cf-b89e-56d23b2c02b5": {
            "script": "selected_race == 'beginner'",
            "output": "7ec1bb9c-38a8-4d67-a8fc-28270a45d774"
        },
        "fdbfe496-abce-4231-8b29-c1052398ee18": {
            "script": "selected_race == 'highspeed'",
            "output": "5908f35f-5b8b-40f5-b871-52a29aea7412"
        },
        "6b7a2e06-551d-4471-a10e-51382b779309": {
            "script": "selected_race == 'twinring'",
            "output": "95001cf7-a39d-4c1b-8c03-f877e484f6f7"
        },
        "28928879-837f-407d-9663-c482db4bb733": {
            "script": null,
            "output": "c9585fee-1cde-4b1f-94c7-16f0943287f4"
        },
        "7b88794b-7e42-4813-b9da-88475ce537d7": {
            "script": "current_player_position == 1",
            "output": "e32b3ab4-0a4f-4db3-bdbc-f95cee4a6d7f"
        },
        "3d927a63-50dd-46e3-a335-d1733478bd84": {
            "script": null,
            "output": "19555100-161d-42c6-8c6a-2e8852270d28"
        },
        "3e14f4b8-2f0e-41f6-bd3d-f95301e8e610": {
            "script": "player_gap == 3",
            "output": "4dc73b4b-eebb-4977-84a5-490a4295e888"
        },
        "211eb328-6c89-44bd-a9b0-832051feae58": {
            "script": "player_gap == 3",
            "output": "f2988bb7-45cf-4542-8c7f-23de5f09e367"
        }
    },
    "name": "Gran Turismo 4 Sunday Cup",
    "cover": null
}