{
    "startingElement": null,
    "boards": {
        "2ad15ff6-f2ba-4f1d-9d9d-68938c683d7e": {
            "name": "Root",
            "root": true,
            "children": [
                "07ecbba6-9db3-4641-99a2-c022a0736c75",
                "630fdb8a-48d6-473e-9974-2460f7eb2b41"
            ]
        },
        "630fdb8a-48d6-473e-9974-2460f7eb2b41": {
            "name": "Campaign Progress",
            "notes": [],
            "jumpers": [],
            "branches": [],
            "elements": [
                "153e75e1-10b3-45bc-8aa9-a69fc1268799",
                "26eb6df1-c75c-4f9e-8aa7-381b0d99fd28",
                "d561b5d5-c77b-4dc1-92c0-72748b108155",
                "f0bcd35c-53af-4f72-b41f-f485a84c6c19",
                "ad01e995-07c2-4788-bfb2-4bb2eaac6814",
                "c9f240e0-4707-4536-a190-c446347141df",
                "1583033d-6e9d-49f3-bc5c-baed269de32a",
                "2beac2bf-3093-4cdc-9116-f6a258ae50f4",
                "73ca70d3-0c1a-4f2f-a488-f45d6d346800"
            ],
            "connections": [
                "ddf79c6e-ce95-45ea-9cff-084c669549fc",
                "78186313-d6b1-40e8-a6d4-2d6891c482f4",
                "83d26e2c-4dfa-40c9-b05a-ab55e9840dca",
                "7337944e-c42c-489d-80a8-a9dee708e2bb",
                "1b4605c8-e57f-40ed-ad32-0638a2c0a2e7",
                "aa718be8-aa35-437b-9634-c13b1f878fe7",
                "d147fc88-b5d2-4d4c-869f-c5eb1e5a729f"
            ]
        },
        "07ecbba6-9db3-4641-99a2-c022a0736c75": {
            "connections": [
                "56ac9299-8482-4775-9927-481cb483085d",
                "05ef0f13-3c9c-4027-b0d0-d680c47a2c5f",
                "856867b1-3d92-40a1-9cd3-5282d61c453f",
                "447e78ac-f68a-4345-82ef-6cf3151cddaf"
            ],
            "notes": [],
            "name": "Difficulty Selection",
            "elements": [
                "dc2ea520-3f92-43da-aa8e-25bfd4c4202c",
                "d3013d6e-412b-48c9-b002-dd24e36172d3",
                "f1477cb6-1c47-4bf9-857a-0fc7d4cf9115",
                "1d88ddfd-3ab4-41bf-9592-8922b6371a50"
            ],
            "branches": [],
            "jumpers": []
        }
    },
    "notes": {},
    "elements": {
        "153e75e1-10b3-45bc-8aa9-a69fc1268799": {
            "autoHeight": true,
            "title": "",
            "theme": "default",
            "components": [],
            "content": "",
            "outputs": []
        },
        "26eb6df1-c75c-4f9e-8aa7-381b0d99fd28": {
            "autoHeight": true,
            "title": "<p>Mission I<\/p>",
            "theme": "default",
            "components": [],
            "content": "<pre><code>mission_progress = 1<\/code><\/pre>",
            "outputs": [
                "ddf79c6e-ce95-45ea-9cff-084c669549fc"
            ]
        },
        "d561b5d5-c77b-4dc1-92c0-72748b108155": {
            "autoHeight": true,
            "title": "<p>Mission II<\/p>",
            "theme": "default",
            "components": [],
            "content": "<pre><code>mission_progress = 2<\/code><\/pre>",
            "outputs": [
                "78186313-d6b1-40e8-a6d4-2d6891c482f4"
            ]
        },
        "f0bcd35c-53af-4f72-b41f-f485a84c6c19": {
            "autoHeight": true,
            "title": "<p>Mission III<\/p>",
            "theme": "default",
            "components": [],
            "content": "<pre><code>mission_progress = 3<\/code><\/pre>",
            "outputs": [
                "83d26e2c-4dfa-40c9-b05a-ab55e9840dca"
            ]
        },
        "dc2ea520-3f92-43da-aa8e-25bfd4c4202c": {
            "outputs": [],
            "title": "",
            "content": "",
            "components": [],
            "theme": "default",
            "autoHeight": true
        },
        "d3013d6e-412b-48c9-b002-dd24e36172d3": {
            "outputs": [
                "56ac9299-8482-4775-9927-481cb483085d"
            ],
            "title": "<p>Player Selects Easy Difficulty<\/p>",
            "content": "<pre><code>difficulty = 1<\/code><\/pre>",
            "components": [],
            "theme": "default",
            "autoHeight": true
        },
        "f1477cb6-1c47-4bf9-857a-0fc7d4cf9115": {
            "outputs": [
                "05ef0f13-3c9c-4027-b0d0-d680c47a2c5f",
                "447e78ac-f68a-4345-82ef-6cf3151cddaf"
            ],
            "title": "<p>Player Selects Medium Difficulty<\/p>",
            "content": "<pre><code>difficulty = 2<\/code><\/pre>",
            "components": [],
            "theme": "default",
            "autoHeight": true
        },
        "1d88ddfd-3ab4-41bf-9592-8922b6371a50": {
            "outputs": [
                "856867b1-3d92-40a1-9cd3-5282d61c453f"
            ],
            "title": "<p>Player Selects Hard Difficulty<\/p>",
            "content": "<pre><code>difficulty = 3<\/code><\/pre>",
            "components": [],
            "theme": "default",
            "autoHeight": true
        },
        "ad01e995-07c2-4788-bfb2-4bb2eaac6814": {
            "autoHeight": true,
            "title": "<p>Mission IV<\/p>",
            "theme": "default",
            "components": [],
            "content": "<pre><code>mission_progress = 4<\/code><\/pre>",
            "outputs": [
                "d147fc88-b5d2-4d4c-869f-c5eb1e5a729f"
            ]
        },
        "c9f240e0-4707-4536-a190-c446347141df": {
            "autoHeight": true,
            "title": "<p>Mission V<\/p>",
            "theme": "default",
            "components": [],
            "content": "<pre><code>mission_progress = 5<\/code><\/pre>",
            "outputs": [
                "aa718be8-aa35-437b-9634-c13b1f878fe7"
            ]
        },
        "1583033d-6e9d-49f3-bc5c-baed269de32a": {
            "autoHeight": true,
            "title": "<p>Mission VI<\/p>",
            "theme": "default",
            "components": [],
            "content": "<pre><code>mission_progress = 6<\/code><\/pre>",
            "outputs": [
                "1b4605c8-e57f-40ed-ad32-0638a2c0a2e7"
            ]
        },
        "2beac2bf-3093-4cdc-9116-f6a258ae50f4": {
            "autoHeight": true,
            "title": "<p>Mission VII<\/p>",
            "theme": "default",
            "components": [],
            "content": "<pre><code>mission_progress = 7<\/code><\/pre>",
            "outputs": [
                "7337944e-c42c-489d-80a8-a9dee708e2bb"
            ]
        },
        "73ca70d3-0c1a-4f2f-a488-f45d6d346800": {
            "autoHeight": true,
            "title": "<p>Mission VIII<\/p>",
            "theme": "default",
            "components": [],
            "content": "<pre><code>mission_progress = 8<\/code><\/pre>",
            "outputs": []
        }
    },
    "jumpers": {},
    "connections": {
        "05ef0f13-3c9c-4027-b0d0-d680c47a2c5f": {
            "sourceType": "elements",
            "targetid": "1d88ddfd-3ab4-41bf-9592-8922b6371a50",
            "sourceid": "f1477cb6-1c47-4bf9-857a-0fc7d4cf9115",
            "label": null,
            "targetType": "elements",
            "theme": "default",
            "type": "Bezier"
        },
        "447e78ac-f68a-4345-82ef-6cf3151cddaf": {
            "sourceType": "elements",
            "targetid": "d3013d6e-412b-48c9-b002-dd24e36172d3",
            "sourceid": "f1477cb6-1c47-4bf9-857a-0fc7d4cf9115",
            "label": null,
            "targetType": "elements",
            "theme": "default",
            "type": "Bezier"
        },
        "856867b1-3d92-40a1-9cd3-5282d61c453f": {
            "sourceType": "elements",
            "label": null,
            "sourceid": "1d88ddfd-3ab4-41bf-9592-8922b6371a50",
            "targetid": "f1477cb6-1c47-4bf9-857a-0fc7d4cf9115",
            "targetFace": "right",
            "type": "Bezier",
            "theme": "default",
            "targetType": "elements"
        },
        "56ac9299-8482-4775-9927-481cb483085d": {
            "sourceType": "elements",
            "label": null,
            "sourceid": "d3013d6e-412b-48c9-b002-dd24e36172d3",
            "targetid": "f1477cb6-1c47-4bf9-857a-0fc7d4cf9115",
            "targetFace": "left",
            "type": "Bezier",
            "theme": "default",
            "targetType": "elements"
        },
        "ddf79c6e-ce95-45ea-9cff-084c669549fc": {
            "targetType": "elements",
            "type": "Bezier",
            "targetid": "d561b5d5-c77b-4dc1-92c0-72748b108155",
            "label": null,
            "sourceid": "26eb6df1-c75c-4f9e-8aa7-381b0d99fd28",
            "theme": "default",
            "sourceType": "elements"
        },
        "78186313-d6b1-40e8-a6d4-2d6891c482f4": {
            "targetType": "elements",
            "type": "Bezier",
            "targetid": "f0bcd35c-53af-4f72-b41f-f485a84c6c19",
            "label": null,
            "sourceid": "d561b5d5-c77b-4dc1-92c0-72748b108155",
            "theme": "default",
            "sourceType": "elements"
        },
        "83d26e2c-4dfa-40c9-b05a-ab55e9840dca": {
            "targetType": "elements",
            "type": "Bezier",
            "targetid": "ad01e995-07c2-4788-bfb2-4bb2eaac6814",
            "label": null,
            "sourceid": "f0bcd35c-53af-4f72-b41f-f485a84c6c19",
            "theme": "default",
            "sourceType": "elements"
        },
        "7337944e-c42c-489d-80a8-a9dee708e2bb": {
            "targetType": "elements",
            "type": "Bezier",
            "targetid": "73ca70d3-0c1a-4f2f-a488-f45d6d346800",
            "label": null,
            "sourceid": "2beac2bf-3093-4cdc-9116-f6a258ae50f4",
            "theme": "default",
            "sourceType": "elements"
        },
        "1b4605c8-e57f-40ed-ad32-0638a2c0a2e7": {
            "targetType": "elements",
            "type": "Bezier",
            "targetid": "2beac2bf-3093-4cdc-9116-f6a258ae50f4",
            "label": null,
            "sourceid": "1583033d-6e9d-49f3-bc5c-baed269de32a",
            "theme": "default",
            "sourceType": "elements"
        },
        "aa718be8-aa35-437b-9634-c13b1f878fe7": {
            "targetType": "elements",
            "type": "Bezier",
            "targetid": "1583033d-6e9d-49f3-bc5c-baed269de32a",
            "label": null,
            "sourceid": "c9f240e0-4707-4536-a190-c446347141df",
            "theme": "default",
            "sourceType": "elements"
        },
        "d147fc88-b5d2-4d4c-869f-c5eb1e5a729f": {
            "targetType": "elements",
            "type": "Bezier",
            "targetid": "c9f240e0-4707-4536-a190-c446347141df",
            "label": null,
            "sourceid": "ad01e995-07c2-4788-bfb2-4bb2eaac6814",
            "theme": "default",
            "sourceType": "elements"
        }
    },
    "branches": {},
    "components": {
        "65005bda-15d0-41c5-867f-68c118829f08": {
            "name": "Root",
            "root": true,
            "children": []
        }
    },
    "attributes": {},
    "assets": {
        "647d0495-341f-42b2-8788-b47dace22bf8": {
            "root": true,
            "children": []
        }
    },
    "variables": {
        "747d0495-341f-42b2-8788-b47dace22bf8": {
            "root": true,
            "children": [
                "86f61429-09eb-4455-948a-c388a0f85924",
                "75e062bb-7a9f-4397-8b6b-92cd4dd5f927"
            ]
        },
        "86f61429-09eb-4455-948a-c388a0f85924": {
            "type": "integer",
            "name": "difficulty",
            "value": 1
        },
        "75e062bb-7a9f-4397-8b6b-92cd4dd5f927": {
            "type": "integer",
            "name": "mission_progress",
            "value": 1
        }
    },
    "conditions": {},
    "name": "Anno 1404 Campaign",
    "cover": null
}